split,class,filename,extension,file_kb,readable,error,format,mode,width,height,exif_orientation,mean_r,mean_g,mean_b,brightness,contrast,sharpness,green_fraction,dhash,md5,aspect_ratio,megapixels
Train,Healthy,800edef467d27c15.jpg,.jpg,1065.9345703125,True,,JPEG,RGB,4000,3000,1,127.42786,173.91779,84.43748,149.81834,34.387043,1156.5055,0.9797159830729166,7415167902436071601,c3bb491e30180208edb79526d6be3666,1.3333333333333333,12.0
Train,Healthy,801d6dcd96e48ebc.jpg,.jpg,685.2177734375,True,,JPEG,RGB,4000,2672,1,115.00891,145.98796,82.03863,129.42676,40.309666,713.9015,0.9741182383040936,17508021577401271273,c132f3756fcf8f70fe456b323535d48c,1.4970059880239521,10.688
Train,Healthy,802b59956a7aa5e7.jpg,.jpg,1170.8984375,True,,JPEG,RGB,4000,2672,1,107.15609,136.25368,75.442,120.620224,65.81442,2188.7905,0.9674936038011696,1421438211807312049,11e13d4f4db2bd5df51e047b2e6486fd,1.4970059880239521,10.688
Train,Healthy,803bcb65f486e39a.jpg,.jpg,684.755859375,True,,JPEG,RGB,4000,2672,1,136.19154,165.87715,89.38263,148.28107,63.953598,1437.4832,0.888797514619883,16616468072563664869,be49b6764304813a78217e6d463ff147,1.4970059880239521,10.688
Train,Healthy,803e60cf3c64e1fe.jpg,.jpg,922.8154296875,True,,JPEG,RGB,4000,2672,1,104.49447,148.98933,76.89679,127.46592,36.219242,929.4147,0.9962536549707602,9794755074574041235,dd2642c8d0c935152e8ca67dd3537503,1.4970059880239521,10.688
Train,Healthy,804e1eda54919fbb.jpg,.jpg,1142.8427734375,True,,JPEG,RGB,4000,2672,1,123.51252,153.8961,84.40481,136.88676,64.95959,2613.1606,0.9088541666666666,16205041692233537950,5420344d0051b462cc5accc2bfa31578,1.4970059880239521,10.688
Train,Healthy,804e673e9ec3d12b.jpg,.jpg,1247.2109375,True,,JPEG,RGB,4000,2672,1,101.85983,126.31691,76.68638,113.35026,66.570015,1828.25,0.9438961988304093,7324473574278614725,c4b05aed397336f99dbb1c9ca94c84b6,1.4970059880239521,10.688
Train,Healthy,809e3fc0cbac7c59.jpg,.jpg,715.6298828125,True,,JPEG,RGB,4000,2672,1,125.66162,158.00038,98.198235,141.50578,47.341602,893.66925,0.9801032529239766,4538569473652720585,5856c6cbe129e5c4152d585e8166627f,1.4970059880239521,10.688
Train,Healthy,80a13fcd9a4fb14b.jpg,.jpg,1014.4931640625,True,,JPEG,RGB,4000,2672,1,116.84839,147.40422,93.58784,132.12877,41.04805,1632.4664,0.934187682748538,6543392509886750841,7dbbbfde73107754531fa24d4ca12619,1.4970059880239521,10.688
Train,Healthy,80a2c93fd2d9655d.jpg,.jpg,701.685546875,True,,JPEG,RGB,4000,2672,1,118.42548,151.49669,90.01604,134.5936,50.807224,1424.6619,0.9220577485380117,11094009158928085680,6a6db14a070470dabf741bb41a02a347,1.4970059880239521,10.688
Train,Healthy,80a4c7f6ad9a55d8.jpg,.jpg,996.06640625,True,,JPEG,RGB,4000,2672,1,132.91844,168.4544,139.51007,154.53043,39.153316,1258.4545,0.9025950292397661,14323580501499902416,938add0d504dffd029ea87cd5a2f4ad3,1.4970059880239521,10.688
Train,Healthy,80a5a17f5e48697d.jpg,.jpg,815.318359375,True,,JPEG,RGB,4000,2672,1,117.68906,164.30124,73.202965,139.9768,24.373085,1012.5274,0.9847176535087719,12089539234472633242,7c83f0833638adf41016aac25d661292,1.4970059880239521,10.688
Train,Healthy,80a7cecb3616b633.jpg,.jpg,1033.3447265625,True,,JPEG,RGB,4000,2672,1,78.81517,119.36947,110.17802,106.19239,31.345129,1357.9569,0.7645285087719298,17281383436929570100,63dc410d01fd14073345cce8795812d5,1.4970059880239521,10.688
Train,Healthy,80aa53172b9fc78d.jpg,.jpg,975.3974609375,True,,JPEG,RGB,4000,2672,1,103.96677,138.45456,77.886765,121.235886,30.158955,1367.495,0.9944033260233918,18288263744580778184,8a2b0081946408a4ade2cc0b16d7c34b,1.4970059880239521,10.688
Train,Healthy,80aaeaaa275d5e36.jpg,.jpg,762.5927734375,True,,JPEG,RGB,4000,3000,1,79.28754,137.8243,117.69674,118.02952,36.37905,669.0257,0.9047037760416666,11212765665318138614,f82779e9fa446f7042f71f1802437efa,1.3333333333333333,12.0
Train,Healthy,80abc9d697ec22b6.jpg,.jpg,921.5029296875,True,,JPEG,RGB,4000,2672,1,127.070885,152.88423,93.53783,138.39723,55.17874,1622.0702,0.8633726242690059,14110899130066072306,7909a5fc431045925f1f6cf21d16de3e,1.4970059880239521,10.688
Train,Healthy,80acda383e3367cd.jpg,.jpg,925.298828125,True,,JPEG,RGB,4000,3000,1,87.66335,144.85646,112.598694,124.07709,40.649494,1058.3435,0.9642740885416666,13165929219976239320,760d001922a7f9f40fdcadee542230af,1.3333333333333333,12.0
Train,Healthy,80af5fce149ca4f4.jpg,.jpg,1065.15234375,True,,JPEG,RGB,4000,2672,1,107.616455,162.43933,105.12144,139.51451,27.749437,1529.3805,0.9937865497076024,7804632182703698076,1def48ee3038a4a7fa316ad3ac3a3b53,1.4970059880239521,10.688
Train,Healthy,80af63966d9272e9.jpg,.jpg,975.890625,True,,JPEG,RGB,4000,2672,1,111.91927,158.71,100.42368,138.07393,40.711372,1453.813,0.9691154970760234,14985446005770336394,ab935a8603c7012d6597c9c0331211f0,1.4970059880239521,10.688
Train,Healthy,80b075dfc24bb725.jpg,.jpg,1055.982421875,True,,JPEG,RGB,4000,2672,1,101.65623,154.0548,118.19369,134.29681,30.600208,1284.0684,0.9555692616959064,10276258740381442799,379b87f54ad7d965e868f704f95e5ea2,1.4970059880239521,10.688
Train,Healthy,80b0b0dacf697db4.jpg,.jpg,855.216796875,True,,JPEG,RGB,4000,2672,1,107.551674,167.23001,136.26134,145.85548,32.589687,1234.3196,0.9559576023391813,9839668796600666326,1271bc12a43b9a80db9c90d42d25a792,1.4970059880239521,10.688
Train,Healthy,80c190d95bf963f6.jpg,.jpg,951.5126953125,True,,JPEG,RGB,4000,2672,1,104.291916,164.39578,139.1211,143.54308,28.581434,1342.8759,0.9468887061403509,18083860995723900988,01e25733878fa916c736efb2a932d407,1.4970059880239521,10.688
Train,Healthy,80c23fcf63786e70.jpg,.jpg,1029.576171875,True,,JPEG,RGB,4000,2672,1,112.21167,143.59656,63.355858,125.06556,58.585533,2870.1711,0.9613943713450293,14551607145127950362,dc6a9e981d0ead683cd73106402397ea,1.4970059880239521,10.688
Train,Healthy,80c61d6b492d76b7.jpg,.jpg,448.26953125,True,,JPEG,RGB,4000,2672,1,141.3893,178.75743,104.568054,159.11821,23.079952,594.0662,0.9654148391812866,16981355278090845106,371dbcacb03b6ee713f5623ab8e33420,1.4970059880239521,10.688
Train,Healthy,80cac5abcfa9c9b4.jpg,.jpg,1086.9638671875,True,,JPEG,RGB,4000,2672,1,129.7846,174.78313,126.5532,155.83075,38.926052,1627.5323,0.9561631944444444,17437365442036088550,0f2bce74394223ede9255047cfc4edf5,1.4970059880239521,10.688
Train,Healthy,80d72f999a956d86.jpg,.jpg,1105.2939453125,True,,JPEG,RGB,4000,2672,1,91.93483,142.18076,117.02817,124.291756,24.154589,944.8868,0.9776133040935673,6540852328517588975,82eaa5bb8a1adf9d84909e1cbca9324a,1.4970059880239521,10.688
Train,Healthy,80dcc12cc917ef5d.jpg,.jpg,879.240234375,True,,JPEG,RGB,4000,2672,1,114.334015,151.65063,91.70845,133.65619,28.260149,1007.3037,0.9879614400584795,12874837614542573017,239316f900c67e7b2f1da855d66ec4ea,1.4970059880239521,10.688
Train,Healthy,80decb70b3295bb2.jpg,.jpg,802.509765625,True,,JPEG,RGB,4000,2672,1,128.26659,168.33282,82.04886,146.5143,24.55426,1143.8801,0.9731816520467836,12782888060147922643,0c993441e5c62a8e555d1266deb21793,1.4970059880239521,10.688
Train,Healthy,80e2c3d2afc9782f.jpg,.jpg,970.5390625,True,,JPEG,RGB,4000,2672,1,125.95915,149.33783,91.71436,135.77646,51.025448,1832.7264,0.8757766812865497,14252941415253070565,643876f14ca9a93f4ba8f3ed65478e49,1.4970059880239521,10.688
Train,Healthy,80eb96948bd68f9a.jpg,.jpg,808.6875,True,,JPEG,RGB,4000,2672,1,132.40627,170.02173,100.746895,150.87349,34.805668,1684.765,0.9760827850877193,16474127655251526901,66dd622baafbe6ce4cf5328fd3e8aaa6,1.4970059880239521,10.688
Train,Healthy,80f4549ce81eefe1.jpg,.jpg,1041.671875,True,,JPEG,RGB,4000,2672,1,109.38012,143.46687,79.86038,126.01866,41.892303,1474.5327,0.9692068713450293,13012802456825785545,a4cd1d35e6a647ff38233ab24b0cc3b1,1.4970059880239521,10.688
Train,Healthy,80f515f574cb609e.jpg,.jpg,1046.01171875,True,,JPEG,RGB,4000,2672,1,118.8917,160.80507,113.53865,142.88083,30.727888,1776.7504,0.98046875,10724455219750728117,b589fa704005e8927591378c90f4e4d8,1.4970059880239521,10.688
Train,Healthy,80f816d6cecb8b87.jpg,.jpg,1081.3515625,True,,JPEG,RGB,4000,2672,1,94.89924,140.91185,118.716805,124.625114,27.088882,1218.5338,0.8315515350877193,17417913253065522940,2bb51a6b4cf98e709deac08187b2b3c0,1.4970059880239521,10.688
Train,Healthy,811b2bd335e9cb16.jpg,.jpg,1048.8466796875,True,,JPEG,RGB,4000,2672,1,102.561264,140.01038,79.10469,121.866844,63.43973,1730.7607,0.9863395467836257,8843082605777707750,e2c6f780dacaf482588fea7d856d19d4,1.4970059880239521,10.688
Train,Healthy,812a9ac1796bf5c3.jpg,.jpg,1192.201171875,True,,JPEG,RGB,4000,2672,1,127.836716,150.1887,93.49513,137.04185,65.78628,2193.928,0.9616228070175439,15707937092670907632,d66bdd195abd1b39ec96687f73d6ded0,1.4970059880239521,10.688
Train,Healthy,812e5f86f61ec31c.jpg,.jpg,886.5712890625,True,,JPEG,RGB,4000,2672,1,119.70087,160.8472,92.6432,140.76451,34.943768,1193.8607,0.9590186403508771,7490553315487691480,0cef6cede679384203e96bd20237ed83,1.4970059880239521,10.688
Train,Healthy,813b28597df0abd2.jpg,.jpg,860.0302734375,True,,JPEG,RGB,4000,2672,1,110.40129,158.41185,124.33507,140.17041,32.06804,1043.8462,0.9861111111111112,11200430121755514518,aba3631ffce3d20a4bd7354df41d0146,1.4970059880239521,10.688
Train,Healthy,813fe22dc37e4750.jpg,.jpg,965.431640625,True,,JPEG,RGB,4000,2672,1,127.0617,166.59035,108.15218,148.11424,43.225555,1232.1759,0.9418402777777778,8808756084655693769,21dece753a6002b6fe56c8fc93ec9ac1,1.4970059880239521,10.688
Train,Healthy,816b93c24a07f6de.jpg,.jpg,1092.03515625,True,,JPEG,RGB,4000,2672,1,140.29707,174.03036,103.03283,155.85022,56.45485,2134.363,0.9542214912280702,14486723357209064700,0661c618717d0c028b260c3fb88b778b,1.4970059880239521,10.688
Train,Healthy,816d69d2153fe84b.jpg,.jpg,980.7841796875,True,,JPEG,RGB,4000,2672,1,122.59115,151.79219,83.39798,135.26245,51.25041,1727.4382,0.9765396564327485,14018390619747350778,be502a1e5ba6d49dd42662789f3695df,1.4970059880239521,10.688
Train,Healthy,818a15d52bb75f0e.jpg,.jpg,792.4970703125,True,,JPEG,RGB,4000,2672,1,102.44952,137.55911,78.069626,120.277756,29.876245,678.71625,0.9662828947368421,18354976547857951997,8da036ccdf2f878b1d10dad15f5b6a01,1.4970059880239521,10.688
Train,Healthy,818ad34b7a6ab59c.jpg,.jpg,682.748046875,True,,JPEG,RGB,4000,2672,1,121.633545,152.4992,84.70915,135.54085,44.715405,1366.2778,0.9502923976608187,15119281759798870618,b4e908124146dce6983bf36da0494b49,1.4970059880239521,10.688
Train,Healthy,818bba9d38f8bc54.jpg,.jpg,703.4111328125,True,,JPEG,RGB,4000,2672,1,130.07137,159.40277,87.41367,142.42671,37.18949,1130.4979,0.9623081140350878,4281733160505873871,50a365dc43d2e1ed09c4fe30cf6782d7,1.4970059880239521,10.688
Train,Healthy,819a123b5a157ff2.jpg,.jpg,841.28125,True,,JPEG,RGB,4000,2672,1,100.96948,161.73314,114.744995,138.20642,21.89,799.0294,0.994266264619883,8782527885870354092,86ed0913d6b17ec47658ae34e1d23c54,1.4970059880239521,10.688
Train,Healthy,819c8fd2754f526c.jpg,.jpg,888.8427734375,True,,JPEG,RGB,4000,2672,1,107.365974,142.17313,68.00308,123.30873,60.09027,1705.428,0.971125730994152,17632353156725326791,1288049478439a843cc8473b566ae908,1.4970059880239521,10.688
Train,Healthy,819e38358d32cf2f.jpg,.jpg,754.5087890625,True,,JPEG,RGB,4000,2672,1,121.086716,144.80574,37.41541,125.47243,53.826145,1859.576,0.9313779239766082,13596483629231824339,23a9dbd2c64dd45ba05d4567ceba173a,1.4970059880239521,10.688
Train,Healthy,81a0bf90db97946e.jpg,.jpg,821.130859375,True,,JPEG,RGB,4000,2672,1,127.57052,166.79335,95.65659,146.95525,35.484844,1034.246,0.9686129385964912,16059457776169274971,dc568ec6458c4411a2ab6a92383d5390,1.4970059880239521,10.688
Train,Healthy,81a569f5e71b3213.jpg,.jpg,860.4892578125,True,,JPEG,RGB,4000,2672,1,102.84738,159.63007,118.00014,137.9051,29.866776,956.2438,0.9858598318713451,16057230415206609401,c33436d85489bd0222c0fdf988615db4,1.4970059880239521,10.688
Train,Healthy,81ae4e721bc9277a.jpg,.jpg,1026.9814453125,True,,JPEG,RGB,4000,2672,1,100.187546,124.04575,66.38946,110.33868,57.70641,2257.8223,0.9425712719298246,14260303916595859697,babc6325e932356ce28b940c55c6b099,1.4970059880239521,10.688
Train,Healthy,81b331e1c1720fdf.jpg,.jpg,1076.50390625,True,,JPEG,RGB,4000,2672,1,109.50105,143.05464,100.28993,128.14737,30.593508,1579.2025,0.9015213815789473,15823534475895276491,0100099139cda93f3bd6ac9dfb8b712c,1.4970059880239521,10.688
Train,Healthy,81b3f17d0c24ff03.jpg,.jpg,774.2021484375,True,,JPEG,RGB,4000,3000,1,89.976135,142.99475,121.86401,124.73356,27.3265,783.26825,0.9765421549479166,11392082753049756310,fbe0e3b2e66c3c24a4a852811096a567,1.3333333333333333,12.0
Train,Healthy,81b61a9974673bcc.jpg,.jpg,800.61328125,True,,JPEG,RGB,4000,2672,1,116.29439,141.14049,93.54076,128.2852,62.71718,1703.0009,0.9209155701754386,4393795553043669880,c092db98eee8bbe350c0b7bf91075e74,1.4970059880239521,10.688
Train,Healthy,81b637c03de1f899.jpg,.jpg,1019.1484375,True,,JPEG,RGB,4000,2672,1,115.624565,163.49797,123.50153,144.6204,24.52622,1064.427,0.9907940423976608,11307614815578737530,4378f7b1ecf5e104d2a2de8d0ef41005,1.4970059880239521,10.688
Train,Healthy,81b74b16fc89f80e.jpg,.jpg,1096.140625,True,,JPEG,RGB,4000,2672,1,109.17075,135.508,55.5604,118.51992,50.699356,2874.098,0.9153874269005848,6759220891107518899,a1b0cd0a49ac6de7a1db8cfc55d4a073,1.4970059880239521,10.688
Train,Healthy,81c303afa7d2c3ea.jpg,.jpg,1053.033203125,True,,JPEG,RGB,4000,2672,1,106.67334,161.63382,99.4102,138.10672,25.880068,1107.0743,0.9553408260233918,15051857820355853562,521ec4e59ef849b6807d12b51229b7d7,1.4970059880239521,10.688
Train,Healthy,81c6cacef9340f35.jpg,.jpg,791.4404296875,True,,JPEG,RGB,4000,2672,1,124.66317,164.41772,90.22108,144.07074,34.70589,1096.3877,0.9943119517543859,16268636411222743706,2bd85aa2f6f7465df70bbe6f10e1d4e0,1.4970059880239521,10.688
Train,Healthy,81c6cfc6c8dc9ad8.jpg,.jpg,786.2626953125,True,,JPEG,RGB,4000,2672,1,130.53154,169.05067,97.263596,149.34663,28.09824,949.6042,0.9824561403508771,16160775548126990779,7324a185deac8056e5e20e813fefa02a,1.4970059880239521,10.688
Train,Healthy,81cb3d2572b29b99.jpg,.jpg,923.6962890625,True,,JPEG,RGB,4000,2672,1,96.746025,153.26323,103.3136,130.67137,35.063484,922.78546,0.9999771564327485,13399046503881668215,8325611476dd33db38cf1fa97c759005,1.4970059880239521,10.688
Train,Healthy,81cf7d7854071753.jpg,.jpg,906.1357421875,True,,JPEG,RGB,4000,2672,1,105.29619,142.3052,83.416504,124.52851,35.429073,830.76013,0.9471628289473685,6071911968193889254,96233281ba4be6baeda60d5e70500160,1.4970059880239521,10.688
Train,Healthy,81d291cad9657d35.jpg,.jpg,1022.794921875,True,,JPEG,RGB,4000,2672,1,116.0363,165.93985,119.66836,145.74655,34.225643,1339.7678,0.9847861842105263,15697594209465923282,9f5941b5c5e9b95ac10654ed96798821,1.4970059880239521,10.688
Train,Healthy,81db1b3332a11b9f.jpg,.jpg,819.99609375,True,,JPEG,RGB,4000,2672,1,124.60515,167.48843,85.62628,145.33015,41.02845,1254.6328,0.9595211988304093,15687078290929391335,4070622e1768baaba6e959d9f505482c,1.4970059880239521,10.688
Train,Healthy,81ea6b2592e69697.jpg,.jpg,954.6787109375,True,,JPEG,RGB,4000,2672,1,106.291046,163.99278,99.076614,139.33774,29.68229,728.5309,0.9991547880116959,14669343241918140121,73cd85389f52da8e4952576be189974d,1.4970059880239521,10.688
Train,Healthy,81f93115d0deb6a3.jpg,.jpg,982.5615234375,True,,JPEG,RGB,4000,2672,1,88.317024,159.48154,125.998146,134.38538,32.15667,1136.4688,0.9978755482456141,10922313085199903659,424cda5408ce61a43f30e3ca54bee0af,1.4970059880239521,10.688
Train,Healthy,81f98780ca8fcaed.jpg,.jpg,895.66796875,True,,JPEG,RGB,4000,2672,1,118.73515,165.32945,98.05747,143.72784,26.014273,1264.0717,0.9920732821637427,15747969021760097863,aae9d8277a1f0479dcaca36c43cb9bc7,1.4970059880239521,10.688
Train,Healthy,826c96e83790799f.jpg,.jpg,911.1337890625,True,,JPEG,RGB,4000,2672,1,132.73613,159.43134,97.17754,144.35323,52.918022,1540.0,0.9356496710526315,11863908170181241964,8fd592b4117aca281be3d038b7d94d8f,1.4970059880239521,10.688
Train,Healthy,828fc0dc4fe230f7.jpg,.jpg,838.9931640625,True,,JPEG,RGB,4000,2672,1,125.63514,135.5733,105.48006,129.17288,74.27597,1396.5763,0.7540433114035088,17580926493403676808,ab3890e07c610d950c843b4980871231,1.4970059880239521,10.688
Train,Healthy,82ac2520151ffb7f.jpg,.jpg,1249.3046875,True,,JPEG,RGB,4000,2672,1,117.56828,150.3757,88.00087,133.45306,49.070564,2235.7195,0.892703764619883,12008638918176656074,2f0608070900cbb6d96119c934f11c23,1.4970059880239521,10.688
Train,Healthy,82aeb5e4582fb2aa.jpg,.jpg,992.498046875,True,,JPEG,RGB,4000,3000,1,69.83002,140.9419,98.4813,114.839745,33.839474,695.6516,0.9775187174479166,16630361799371967384,284783eb6f550d3d66775cdfc967ebdf,1.3333333333333333,12.0
Train,Healthy,82b077dae06cab17.jpg,.jpg,965.494140625,True,,JPEG,RGB,4000,2672,1,125.875435,157.65114,77.2412,138.98262,39.11787,1561.9492,0.9584932383040936,10798746342584838361,d26632f3a8de6e4cf465e8dc1e3a5f4c,1.4970059880239521,10.688
Train,Healthy,82b632b2d96b496e.jpg,.jpg,1037.1337890625,True,,JPEG,RGB,4000,2672,1,123.21484,154.50795,108.35716,139.89008,37.918083,1419.0485,0.9555235745614035,14838489694078060017,eb579d585509b7b5cd3129d07881a68d,1.4970059880239521,10.688
Train,Healthy,82c6a1c4de8f58bd.jpg,.jpg,1072.2216796875,True,,JPEG,RGB,4000,3000,1,75.915855,140.13147,124.27543,119.122375,40.45873,1621.3851,0.7653605143229166,14178511891235205819,29988f5bd9ff17df15dfa7e1002c7aa3,1.3333333333333333,12.0
Train,Healthy,82c9939dd9c3e549.jpg,.jpg,883.4052734375,True,,JPEG,RGB,4000,2672,1,131.50308,165.29073,106.06248,148.4335,54.51359,1674.9409,0.9192251461988304,15688786047983902076,a70795d7936bd1efde8e3d7953458ba9,1.4970059880239521,10.688
Train,Healthy,82db97c102e8cf9d.jpg,.jpg,844.1494140625,True,,JPEG,RGB,4000,2672,1,117.49509,164.05037,88.40225,141.50395,30.688688,1021.71967,0.9902457967836257,14505029943177746174,ba3a9f444e66fce86e1c5c4819740381,1.4970059880239521,10.688
Train,Healthy,82dc2fe996bd420b.jpg,.jpg,768.6787109375,True,,JPEG,RGB,4000,2672,1,113.65556,148.84174,61.084568,128.31319,42.032322,1638.5482,0.9979440789473685,12224362258402367469,2838b6aee3fddafdd77408a5fcdbb5fa,1.4970059880239521,10.688
Train,Healthy,82ec9b372f852f18.jpg,.jpg,1158.025390625,True,,JPEG,RGB,4000,2672,1,113.21631,145.19847,51.956345,125.00553,51.641346,2653.342,0.9762883771929824,14243938696071801081,0bb903195fc2eb6a69b8d8c2e209f438,1.4970059880239521,10.688
Train,Healthy,82ee15ccbc7470cb.jpg,.jpg,991.0078125,True,,JPEG,RGB,4000,2672,1,109.71642,159.26732,129.07086,141.00815,28.02222,1233.1472,0.9604806286549707,12027858163058658040,50d555786e2922b248ae5cb47a71e60b,1.4970059880239521,10.688
Train,Healthy,82fc37c398513727.jpg,.jpg,932.6884765625,True,,JPEG,RGB,4000,2672,1,119.29005,155.68657,97.06193,138.12225,43.77632,1401.464,0.9396701388888888,11220503593672625147,df5334e17f05b7d6e9d0e4df4d3aeb3c,1.4970059880239521,10.688
Train,Healthy,833c97cd34eb4526.jpg,.jpg,971.4248046875,True,,JPEG,RGB,4000,3000,1,119.901955,150.80194,67.24589,132.0351,58.93682,1456.4515,0.9145914713541666,18264627427179422188,5a6f27083c53947c86aa9c3aee41fd8b,1.3333333333333333,12.0
Train,Healthy,833cad8178db251f.jpg,.jpg,1095.65625,True,,JPEG,RGB,4000,2672,1,94.41726,132.70438,92.71699,116.69689,29.625614,1263.0261,0.9863623903508771,17795248017311881575,dc3ea6d894ffc4e32b7701f460389b14,1.4970059880239521,10.688
Train,Healthy,835cc7a81f853c9d.jpg,.jpg,887.814453125,True,,JPEG,RGB,4000,2672,1,132.68953,167.50253,113.40088,150.925,42.265816,1577.0863,0.94234283625731,7118428431280751560,80af3680221b4257442ce773b33ad087,1.4970059880239521,10.688
Train,Healthy,836c9a5fe41de431.jpg,.jpg,663.15234375,True,,JPEG,RGB,4000,2672,1,115.18709,147.8573,74.687706,129.74562,39.481445,1303.727,0.962764985380117,5100264826539923677,bfe3a9446be983eb24447b4e78153236,1.4970059880239521,10.688
Train,Healthy,837bf495000ef75c.jpg,.jpg,914.9501953125,True,,JPEG,RGB,4000,2672,1,112.933044,163.20786,107.19929,141.79095,25.217834,947.3929,0.9873675073099415,15945977435443230192,29ea14c0ca6882285757906714c75ca8,1.4970059880239521,10.688
Train,Healthy,839b918b7ced00fc.jpg,.jpg,652.951171875,True,,JPEG,RGB,4000,2672,1,131.0221,149.03961,105.775856,138.72041,57.22447,1216.0957,0.8727841739766082,18049581194282583700,db1a9fbb1901498c009304285d2f0202,1.4970059880239521,10.688
Train,Healthy,839c2fcaf4c1668b.jpg,.jpg,1040.662109375,True,,JPEG,RGB,4000,2672,1,111.682175,153.7826,123.04502,137.692,26.823788,1203.5707,0.9565058479532164,17688674343650450271,b772f16818327ccdda9004cf07fbcf66,1.4970059880239521,10.688
Train,Healthy,839f36383b70463e.jpg,.jpg,951.9755859375,True,,JPEG,RGB,4000,2672,1,110.99851,146.96642,57.31899,125.98623,49.293407,2452.3044,0.9723821271929824,14540087777211680452,b113de19114ed67f0c9ae10359fe8b36,1.4970059880239521,10.688
Train,Healthy,83a65ed1d28e9d83.jpg,.jpg,1099.0283203125,True,,JPEG,RGB,4000,3000,1,80.80343,135.11552,106.16174,115.57528,40.1297,1842.7603,0.9383341471354166,5245224136691874248,4183b349f64c815cdbcd955cb6bdc77c,1.3333333333333333,12.0
Train,Healthy,83b24a7e2acb938d.jpg,.jpg,918.6376953125,True,,JPEG,RGB,4000,2672,1,116.6136,145.70074,82.76581,129.82874,50.349796,1906.1056,0.9158442982456141,16838071552264303603,1f4dcf541f754238594e86460428fbef,1.4970059880239521,10.688
Train,Healthy,83ba98e3ad3c6872.jpg,.jpg,707.9599609375,True,,JPEG,RGB,4000,2672,1,136.83994,168.22546,100.573006,151.13179,51.3063,1227.187,0.9128746345029239,14544833797058774260,5871c0c1dd8134d8f46b7c06f0c2e463,1.4970059880239521,10.688
Train,Healthy,83cbdf3a6cd03606.jpg,.jpg,876.87890625,True,,JPEG,RGB,4000,2672,1,116.842514,163.1961,112.33699,143.53935,33.502365,751.2438,0.9913194444444444,6474431075709643878,5f735157a6dc18a7746292fc6cb87cac,1.4970059880239521,10.688
Train,Healthy,83cbdfdcc82c3c30.jpg,.jpg,1001.8818359375,True,,JPEG,RGB,4000,2672,1,115.41066,144.90259,81.93238,128.90228,47.278576,1502.0033,0.8757309941520468,16206482473614755068,1411396bb2b24c0c6df137c926bca1db,1.4970059880239521,10.688
Train,Healthy,83e163c3c17a1f39.jpg,.jpg,927.564453125,True,,JPEG,RGB,4000,2672,1,118.35085,153.56595,91.701546,135.98013,35.59674,1497.7651,0.9830043859649122,14469732390328088948,663755d05d2405588fb04025b70df3fd,1.4970059880239521,10.688
Train,Healthy,83e1bc9ee0f07865.jpg,.jpg,855.8271484375,True,,JPEG,RGB,4000,2672,1,113.11588,144.50932,77.568985,127.49009,60.023315,1441.3713,0.9514117324561403,12054944150680272182,d7b2e5283afc81fb67748b404d4e35d2,1.4970059880239521,10.688
Train,Healthy,83e534c523eebab0.jpg,.jpg,1076.802734375,True,,JPEG,RGB,4000,2672,1,92.49317,135.19398,98.86369,118.28527,30.893475,1198.754,0.9508863304093568,16059490765846410477,d313979a14dc0b5a9ece985f7b3b13dd,1.4970059880239521,10.688
Train,Healthy,83f6eb92b4a9a454.jpg,.jpg,791.7470703125,True,,JPEG,RGB,4000,2672,1,118.368744,162.87956,107.57806,143.26112,38.371933,1383.0109,0.9584018640350878,5570317489586928471,8d5a08c2d541f6c4d9d6fe56d94a597c,1.4970059880239521,10.688
Train,Healthy,83f7381b7cace01c.jpg,.jpg,1053.5673828125,True,,JPEG,RGB,4000,2672,1,89.08377,131.52423,92.853615,114.4264,34.965824,1547.8032,0.9936038011695907,15766192874231292839,d591a6972fc42d28d1cd27c59d20d98e,1.4970059880239521,10.688
Train,Healthy,83fc881f7353f026.jpg,.jpg,991.505859375,True,,JPEG,RGB,4000,3000,1,132.45158,157.72443,81.26304,141.45082,34.41106,1819.0387,0.8641560872395834,15517028087848750021,5040cfdf9a114c09f0e47315260cc63f,1.3333333333333333,12.0
Train,Healthy,845e6e3b919ed660.jpg,.jpg,1088.2216796875,True,,JPEG,RGB,4000,2672,1,104.24802,138.71446,51.697598,118.48632,54.55219,1673.0325,0.9899488304093568,2766446507043155622,c68e80a2823c141f75b113cde6082868,1.4970059880239521,10.688
Train,Healthy,849da6a19e69ec55.jpg,.jpg,883.771484375,True,,JPEG,RGB,4000,2672,1,71.51064,126.221054,93.10595,106.08849,35.096207,946.0605,0.9760599415204678,16459780267038201573,a2ff598e9e8bca5873cfabb1b661fe81,1.4970059880239521,10.688
Train,Healthy,84a15c97cc9cff48.jpg,.jpg,723.0009765625,True,,JPEG,RGB,4000,2672,1,124.15145,163.61613,97.1542,144.24162,35.32059,885.80347,0.9730445906432749,17494096347789008934,05eee45d8ada070a9da7e0d991aa89fa,1.4970059880239521,10.688
Train,Healthy,84a39ee15eb5419e.jpg,.jpg,1031.84375,True,,JPEG,RGB,4000,3000,1,90.41492,142.27098,111.625145,123.272316,33.02351,980.0908,0.9876302083333334,17218940152954910324,2451737515d3d0956f1f94a0be67cd9f,1.3333333333333333,12.0
Train,Healthy,84a507f705587f78.jpg,.jpg,872.5712890625,True,,JPEG,RGB,4000,2672,1,123.38037,163.73125,91.31165,143.4113,30.268784,1559.8326,0.981108369883041,16629158659921064438,1e89baa13c03e37ab8b67ecb74723abf,1.4970059880239521,10.688
Train,Healthy,84b0d76a22257b6f.jpg,.jpg,676.0859375,True,,JPEG,RGB,4000,2672,1,128.52528,161.61522,94.86877,144.10501,32.310257,832.4886,0.9965506213450293,11303189260946302694,9b10c6f404fc04bdd7ee8db7f6130d4f,1.4970059880239521,10.688
Train,Healthy,84bbf6dac5a0351a.jpg,.jpg,1031.0185546875,True,,JPEG,RGB,4000,2672,1,104.28118,158.1328,113.15221,136.90257,33.756245,1192.8121,0.9936951754385965,17039930932972020964,e510475b95574eaeb3e9998ca1daef24,1.4970059880239521,10.688
Train,Healthy,84bd249a33788fa7.jpg,.jpg,858.8427734375,True,,JPEG,RGB,4000,2672,1,107.67512,163.02127,98.343315,139.09741,26.308657,663.8086,0.9997487207602339,13724269826345637326,e9345be4c0eecd82622643a8facefb2f,1.4970059880239521,10.688
Train,Healthy,84c0cf8a79d77b84.jpg,.jpg,1028.1708984375,True,,JPEG,RGB,4000,2672,1,109.53536,163.72453,131.8649,143.89061,35.039818,1462.5903,0.8782209429824561,17868003616095170162,6ab267d9c5873d236543f0c1b9ceca09,1.4970059880239521,10.688
Train,Healthy,84cb3a362cced993.jpg,.jpg,874.2490234375,True,,JPEG,RGB,4000,2672,1,101.99699,142.20764,93.80542,124.664154,37.644753,1139.2354,0.9818850511695907,12005148442085829822,225c9056e1e83c8d95de9d0f0eb993bb,1.4970059880239521,10.688
Train,Healthy,84cd4a68b6b6ec8d.jpg,.jpg,930.85546875,True,,JPEG,RGB,4000,2672,1,118.70276,170.48116,126.86586,150.02882,32.650993,1100.1359,0.9751461988304093,16276838688638327933,aa5a08cbea2713078fe7e32882066ec1,1.4970059880239521,10.688
Train,Healthy,84cf8c8fd5978b81.jpg,.jpg,1096.91015625,True,,JPEG,RGB,4000,2672,1,112.823944,162.42421,124.32139,143.24753,29.788378,1071.8777,0.9147934941520468,16348331564710960820,a4db09f59314270cb4932247060afea3,1.4970059880239521,10.688
Train,Healthy,84d0cf1338647bb7.jpg,.jpg,1030.283203125,True,,JPEG,RGB,4000,2672,1,115.58518,138.38934,131.05234,130.7387,29.473383,1021.11456,0.4801032529239766,10440659736483153779,7dec741577fdc9a4d6b1f047acbc094a,1.4970059880239521,10.688
Train,Healthy,84e8bcb5451d8f63.jpg,.jpg,984.6650390625,True,,JPEG,RGB,4000,3000,1,90.81692,155.96515,97.84103,129.85829,40.13199,1026.6178,0.9917195638020834,13161173910332128372,f0ec16acbde76fea22404de478051af0,1.3333333333333333,12.0
Train,Healthy,84efc0807fee703a.jpg,.jpg,788.802734375,True,,JPEG,RGB,4000,3000,1,124.139915,154.61958,121.715294,141.7555,34.284245,1004.9116,0.96771240234375,16206219091359089856,957e72b6c6c55b6530a18b7a0cc7c6fb,1.3333333333333333,12.0
Train,Healthy,84f01d83f8ff321c.jpg,.jpg,942.0400390625,True,,JPEG,RGB,4000,2672,1,114.55542,157.97905,84.01969,136.5627,39.55984,948.1619,0.9994517543859649,13255937036755427568,8924c4aea5aae24d107d60ba93648b29,1.4970059880239521,10.688
Train,Healthy,84f08e4320ecfbe7.jpg,.jpg,923.748046875,True,,JPEG,RGB,4000,2672,1,129.58084,151.2915,120.34087,141.2733,41.461052,1257.639,0.8977750365497076,16049763326455473894,1c4c0aaf5e4481c22c950f717a1acaf4,1.4970059880239521,10.688
Train,Healthy,84f0c8e17cb707dc.jpg,.jpg,551.3935546875,True,,JPEG,RGB,4000,2672,1,138.03168,172.77197,107.93931,154.99255,32.19918,926.189,0.9539473684210527,12867281243607561316,8c1a6af3b65ea741a0971ab49b7d930d,1.4970059880239521,10.688
Train,Healthy,84f26d8b126fe3a8.jpg,.jpg,1093.9443359375,True,,JPEG,RGB,4000,2672,1,103.682335,153.34218,108.967354,133.43507,34.399784,1308.1154,0.984671966374269,7263205299943859878,20d020bef8ab5af2e9b05ee72bbe2db2,1.4970059880239521,10.688
Train,Healthy,84f2e6485b0f5b5a.jpg,.jpg,916.6875,True,,JPEG,RGB,4000,2672,1,99.53826,162.0578,96.30453,135.86676,27.490446,747.82794,0.9972359283625731,15404378884190430838,acafc924e40b665563294d2eb8114348,1.4970059880239521,10.688
Train,Healthy,84f3b7d6d304847c.jpg,.jpg,962.681640625,True,,JPEG,RGB,4000,2672,1,77.35878,132.57207,103.66555,112.76462,22.712488,1067.0409,0.956734283625731,11257776032497055542,ad9c0eb0bd10749ca75282058ebaa738,1.4970059880239521,10.688
Train,Healthy,84f56fda39453a24.jpg,.jpg,979.9248046875,True,,JPEG,RGB,4000,2672,1,98.50119,151.15419,90.10275,128.45184,35.52451,1297.7397,0.9980126096491229,17506324068955710327,67379fca83a0a942d41095ec61b04b78,1.4970059880239521,10.688
Train,Healthy,84f60a857fb26bc1.jpg,.jpg,995.3232421875,True,,JPEG,RGB,4000,2672,1,98.98054,144.10533,109.52899,126.67091,24.938951,1188.8707,0.9697779605263158,3252879887357638257,a682fe56f92c35d80c02fdbb30feecbd,1.4970059880239521,10.688
Train,Healthy,84f81ac3c5ed6566.jpg,.jpg,1127.26953125,True,,JPEG,RGB,4000,3000,1,109.306786,151.25684,131.51671,136.46257,37.706295,1462.1781,0.8762410481770834,11285324429657828588,5909b3cf057b1413cf67c3979e09db7b,1.3333333333333333,12.0
Train,Healthy,850f988179efaf03.jpg,.jpg,679.6181640625,True,,JPEG,RGB,4000,2672,1,116.50158,147.58023,76.81422,130.21765,37.40492,888.7946,0.9438733552631579,16925199642282351774,7c3d2f4a6735a1970657aafee3c1e8ab,1.4970059880239521,10.688
Train,Healthy,851a8338f80fe6eb.jpg,.jpg,875.8076171875,True,,JPEG,RGB,4000,3000,1,92.601585,136.63417,108.557556,120.26968,37.713203,1189.9266,0.9173990885416666,15616346480502565572,a2e80baf622ed6bebcbd2d120d95e3b0,1.3333333333333333,12.0
Train,Healthy,851aa29da98f734b.jpg,.jpg,770.388671875,True,,JPEG,RGB,4000,2672,1,132.24567,161.58705,99.8313,145.7757,44.89406,1427.1636,0.9259411549707602,18439087979944666318,ed475b7d8d0b8b2de96f08b2872975ac,1.4970059880239521,10.688
Train,Healthy,852b3dcb856652d5.jpg,.jpg,1070.3017578125,True,,JPEG,RGB,4000,2672,1,107.51199,158.34018,115.44575,138.25284,24.67036,1023.9017,0.9848318713450293,15254803303421470246,7138202c60d6895e5f0b59089d698b69,1.4970059880239521,10.688
Train,Healthy,852b4e943d69cb55.jpg,.jpg,892.2734375,True,,JPEG,RGB,4000,2672,1,124.20593,150.26157,68.90088,133.19476,66.90667,1764.3625,0.967219480994152,17216913483066566244,f2602267c5c304f222b24b10cef6fa2c,1.4970059880239521,10.688
Train,Healthy,852bc06b76d837f0.jpg,.jpg,704.697265625,True,,JPEG,RGB,4000,2672,1,123.591515,161.22641,90.91422,141.9569,39.024006,996.9834,0.9734100877192983,5607780255287914676,fd9a44df466850c77f9282440cd9b240,1.4970059880239521,10.688
Train,Healthy,853fb699a1810dbb.jpg,.jpg,1056.8291015625,True,,JPEG,RGB,4000,2672,1,104.54795,142.16502,107.91571,127.01323,33.232166,1565.4635,0.9757629751461988,15448554826722633414,fab5a750cc5ebe0dd49bd9c402451f28,1.4970059880239521,10.688
Train,Healthy,854b9969503d1f1f.jpg,.jpg,883.8427734375,True,,JPEG,RGB,4000,2672,1,104.28991,149.35417,121.08635,132.65645,31.295607,994.72626,0.9939464546783626,17564974191536760540,d2a80d341b78c203c8a05aeacb701baa,1.4970059880239521,10.688
Train,Healthy,854d79c3a9a9c5ac.jpg,.jpg,841.1044921875,True,,JPEG,RGB,4000,2672,1,105.483894,154.42476,110.243515,134.75836,34.82317,733.24243,0.9899716739766082,3741056302660217146,e392724b3665a4eb33a7ff0b7f302eab,1.4970059880239521,10.688
Train,Healthy,855d9ab1c98b6d0d.jpg,.jpg,780.515625,True,,JPEG,RGB,4000,2672,1,127.46007,157.90096,87.33633,140.75502,56.28934,1549.5695,0.9319261695906432,18065739980576050673,2c7a0866a5b8619815ff6e16bf3bc126,1.4970059880239521,10.688
Train,Healthy,859d3ac6e0bc4fa1.jpg,.jpg,733.6630859375,True,,JPEG,RGB,4000,2672,1,134.36292,142.31558,109.9997,136.25616,59.55004,942.5497,0.8175255847953217,13293072437520170184,0e23dc78ee01aef2cbc8a1d56814585b,1.4970059880239521,10.688
Train,Healthy,85a335c53f94c6a3.jpg,.jpg,946.181640625,True,,JPEG,RGB,4000,2672,1,118.34341,152.36029,82.464,134.219,43.07753,1650.7942,0.9549753289473685,7409487792572774035,961361b2983fe6f3f06942ff69e16664,1.4970059880239521,10.688
Train,Healthy,85a5a0257f17fd12.jpg,.jpg,868.4951171875,True,,JPEG,RGB,4000,2672,1,125.90392,157.49167,99.7145,141.461,38.96875,1040.9005,0.9145650584795322,6248461354399092153,77399a7d30d08dc0b9b35d4d72c16f3d,1.4970059880239521,10.688
Train,Healthy,85b8ce6594955ad9.jpg,.jpg,811.2548828125,True,,JPEG,RGB,4000,2672,1,112.86029,147.28075,90.2712,130.49045,55.199673,1482.5071,0.92484466374269,7378754908775933670,8fa734163d268514d51cdd3b8371413f,1.4970059880239521,10.688
Train,Healthy,85b90c94badad92d.jpg,.jpg,721.3916015625,True,,JPEG,RGB,4000,2672,1,108.666916,136.20589,97.839935,123.58813,28.380222,677.12286,0.9721080043859649,17863073032563516903,ca30d3febcdfa39e0ea21e30bdddda76,1.4970059880239521,10.688
Train,Healthy,85c06fa14595979f.jpg,.jpg,1070.5126953125,True,,JPEG,RGB,4000,2672,1,103.828125,159.7102,99.92937,136.18471,24.58718,1031.9703,0.9712399488304093,14047704638944895588,47ca5e379bdd0afd8399dc19672a8296,1.4970059880239521,10.688
Train,Healthy,85c1b6cba4385eb9.jpg,.jpg,1005.4892578125,True,,JPEG,RGB,4000,3000,1,114.12026,136.33649,122.382774,128.10167,55.057823,1312.598,0.8233235677083334,14325627978383589230,d299c77d23879a21c31dd3a43db68393,1.3333333333333333,12.0
Train,Healthy,85c5705c1f5abab8.jpg,.jpg,871.5341796875,True,,JPEG,RGB,4000,2672,1,111.41767,163.99783,105.84681,141.64778,33.375015,606.0764,0.9999314692982456,16340963125374721502,77f0ae498752645765a9f382d2ea1c05,1.4970059880239521,10.688
Train,Healthy,85c9485b3c97efc0.jpg,.jpg,1059.296875,True,,JPEG,RGB,4000,3000,1,136.22723,167.33272,98.86996,150.22762,33.4938,1235.4762,0.8634847005208334,15101632017542737638,cc94b746aa20713d16fb8a4ec3e53858,1.3333333333333333,12.0
Train,Healthy,85ca3c8fa0b4dfd0.jpg,.jpg,1028.76171875,True,,JPEG,RGB,4000,2672,1,108.35885,161.96024,115.62084,140.65146,33.04415,1188.2122,0.9791438230994152,10647495260510762654,36e116e73d646d4d20c4d5d4b1671584,1.4970059880239521,10.688
Train,Healthy,85ca96c786858dde.jpg,.jpg,990.24609375,True,,JPEG,RGB,4000,2672,1,126.830086,162.79807,87.60291,143.46709,33.112965,1234.0143,0.9755573830409356,14708179941404901118,b821eb8a1abcd39812c7a7fce44daf50,1.4970059880239521,10.688
Train,Healthy,85cd583c276236b7.jpg,.jpg,1014.9091796875,True,,JPEG,RGB,4000,2672,1,96.53918,132.68442,98.71585,118.00868,38.70676,1177.5762,0.9302585891812866,12894626806132301432,6513a9ead53fe35f710668f497edd814,1.4970059880239521,10.688
Train,Healthy,85cfcf2c583026e7.jpg,.jpg,895.953125,True,,JPEG,RGB,4000,3000,1,83.93307,142.5627,92.61782,119.33413,37.435635,638.7804,0.9621785481770834,16592051157448183496,02dbeb87b30c02736e1987414274ce24,1.3333333333333333,12.0
Train,Healthy,85dd857129e5c6a6.jpg,.jpg,1069.2080078125,True,,JPEG,RGB,4000,2672,1,129.82666,151.03662,86.54495,137.3432,63.304955,2175.2417,0.8983004385964912,8572862164507610863,11e2e9ca0a7fd88bac5528e191087d33,1.4970059880239521,10.688
Train,Healthy,85e0c988c4e787fe.jpg,.jpg,822.0498046875,True,,JPEG,RGB,4000,3000,1,95.02399,147.43762,103.025475,126.70341,36.682384,711.1626,0.9031982421875,14018093510892858090,423cf6f8a6e7cb459a1c1158daa84ed1,1.3333333333333333,12.0
Train,Healthy,85e0cb69d2e6486f.jpg,.jpg,723.990234375,True,,JPEG,RGB,4000,2672,1,126.74648,172.3644,122.45557,153.03497,27.693289,724.0876,0.9966419956140351,14074547683996362360,fbb005bc81baa10d3a779fe496bfe6cf,1.4970059880239521,10.688
Train,Healthy,85e36aee1a5c15b8.jpg,.jpg,872.896484375,True,,JPEG,RGB,4000,2672,1,124.12966,157.11488,99.61216,140.69969,35.360424,1352.0648,0.8662737573099415,1137104467140174809,c3b68f8534d0932a177f21059abdeda6,1.4970059880239521,10.688
Train,Healthy,85e7c7ef8a0095b2.jpg,.jpg,784.4365234375,True,,JPEG,RGB,4000,3000,1,105.18734,158.18605,113.128456,137.20488,43.475395,1007.5496,0.9261474609375,14323354083508013307,6d1da40850501a2b55711bfc5dd33b1c,1.3333333333333333,12.0
Train,Healthy,85edd994308a6f65.jpg,.jpg,728.115234375,True,,JPEG,RGB,4000,2672,1,126.420364,159.29439,78.40675,140.24228,44.25645,1136.9762,0.9803545321637427,17506142593736307386,3fe590cddf9317a0cd9170e535fce8cc,1.4970059880239521,10.688
Train,Healthy,85ee63732c8cf3c0.jpg,.jpg,1220.736328125,True,,JPEG,RGB,4000,3000,1,90.77207,115.8652,78.91233,104.14838,51.128094,2722.8223,0.9242960611979166,16168169718296410262,63e35f49bcdca832c10599c4bd4455c5,1.3333333333333333,12.0
Train,Healthy,85f03e6f8186ac9e.jpg,.jpg,1324.6962890625,True,,JPEG,RGB,4000,3000,1,86.49017,146.52293,123.22721,125.91528,41.288704,2112.3225,0.9373982747395834,618284816934530806,ab9cb07a6ec56c2d729005d6570478d5,1.3333333333333333,12.0
Train,Healthy,85f4ed2423692f95.jpg,.jpg,937.40625,True,,JPEG,RGB,4000,3000,1,92.81329,143.02985,111.74878,124.446434,27.464653,833.78876,0.9918416341145834,9666654210716193354,d7cde0b0fce84b533a705ed2ed6a7488,1.3333333333333333,12.0
Train,Healthy,85f59fcc60bcc701.jpg,.jpg,795.81640625,True,,JPEG,RGB,4000,2672,1,129.2034,166.48457,100.10506,147.76732,31.324804,1068.4087,0.992827119883041,11732539548455105117,1fadb58702a2e7df65b03c96dfa0904c,1.4970059880239521,10.688
Train,Healthy,864e65893673aba5.jpg,.jpg,1033.1142578125,True,,JPEG,RGB,4000,3000,1,74.61965,139.0851,95.98407,114.8985,30.895884,641.23737,0.9907633463541666,16494087898798477038,79c32e3201b812690ba7d94a6b98c0d9,1.3333333333333333,12.0
Train,Healthy,869c8acd737cc133.jpg,.jpg,969.2119140625,True,,JPEG,RGB,4000,2672,1,136.10056,165.93419,90.86287,148.45905,59.809082,1979.8019,0.8610882675438597,18229740081422419405,70fada951295bfd13b3962a33d23df3c,1.4970059880239521,10.688
Train,Healthy,86a787878ebf6a04.jpg,.jpg,796.0234375,True,,JPEG,RGB,4000,2672,1,127.437,164.29329,90.75018,144.89177,41.509293,1006.76624,0.9697551169590644,7984490412371731628,2c7692aa91a031ee3cd90a4bff2886ef,1.4970059880239521,10.688
Train,Healthy,86aa7d75862569b4.jpg,.jpg,745.7177734375,True,,JPEG,RGB,4000,2672,1,114.12395,160.60468,81.2288,137.65619,38.322018,1024.6249,0.9816566154970761,3403019162169562346,7d1f285c33e9ddeef7d01f87af4e10ab,1.4970059880239521,10.688
Train,Healthy,86b0cacde5c57332.jpg,.jpg,655.1669921875,True,,JPEG,RGB,4000,2672,1,140.0709,171.46204,113.76418,155.49889,59.315292,1425.1553,0.9201617324561403,17220884087454852205,3df656b7955b12d14a453a80773cf05e,1.4970059880239521,10.688
Train,Healthy,86c23c9f9468cee3.jpg,.jpg,968.1328125,True,,JPEG,RGB,4000,2672,1,78.01937,103.89766,49.83996,89.9981,63.772896,1168.4194,0.965140716374269,3524561355042747060,435f1a925bfbfc179712eb7909c36405,1.4970059880239521,10.688
Train,Healthy,86c8358db7d560ad.jpg,.jpg,1008.087890625,True,,JPEG,RGB,4000,2672,1,91.3949,141.55078,95.9015,121.34818,28.564112,1004.3138,0.9888066520467836,15483908202011588622,bb1339395a78c4c6c8c6892a76491d43,1.4970059880239521,10.688
Train,Healthy,86d098abcfe36235.jpg,.jpg,863.0595703125,True,,JPEG,RGB,4000,2672,1,126.22017,162.82417,79.89051,142.42036,43.701244,1301.0906,0.9848775584795322,18063037353146442611,c3a638501e930680d45c678ed20f6b70,1.4970059880239521,10.688
Train,Healthy,86ed9631b7698523.jpg,.jpg,795.2421875,True,,JPEG,RGB,4000,2672,1,113.51334,158.00041,88.49614,136.7749,25.742956,1213.0786,0.9973044590643275,10837458833823091180,902ef627148d935acc68daa85a2181f4,1.4970059880239521,10.688
Train,Healthy,86eedf103f391a0a.jpg,.jpg,717.4296875,True,,JPEG,RGB,4000,2672,1,114.37637,147.93243,74.90762,129.56761,45.38948,1220.8029,0.9938779239766082,16638093246974188124,1d2b2032cdb71ee2aa56aad861a84bf1,1.4970059880239521,10.688
Train,Healthy,871bbbd18a4560e7.jpg,.jpg,981.5029296875,True,,JPEG,RGB,4000,2672,1,117.59791,154.12639,95.755325,136.54793,36.42416,1432.5569,0.9739811769005848,6374931918891042509,d48a67c33aa14f8c9c1a442b27b2436b,1.4970059880239521,10.688
Train,Healthy,87a787abf451224b.jpg,.jpg,1006.0791015625,True,,JPEG,RGB,4000,2672,1,120.24511,159.59421,90.04185,139.90004,51.64231,1392.4552,0.9407209429824561,17214671116026474676,5fb66e2431be22243ce44ac693548763,1.4970059880239521,10.688
Train,Healthy,87a7d1d8e4d65254.jpg,.jpg,689.2431640625,True,,JPEG,RGB,4000,2672,1,125.759186,151.5632,94.65561,137.361,30.433758,1092.9849,0.8989400584795322,16452580069747485798,f87d23e58464137b22041e15cb9dde72,1.4970059880239521,10.688
Train,Healthy,87b7627ec0ccc3c2.jpg,.jpg,605.1259765625,True,,JPEG,RGB,4000,2672,1,126.74458,157.25652,107.11198,142.4108,36.91506,992.9565,0.9414747807017544,14902354432101697223,1351e6641abf3cab71098a637fd8f0da,1.4970059880239521,10.688
Train,Healthy,87b7b7101ae8f2c8.jpg,.jpg,1055.306640625,True,,JPEG,RGB,4000,2672,1,103.71994,161.91449,123.95657,140.1867,30.40051,1484.8376,0.9703947368421053,5505303046739847509,b70c60aeed894e1f1ec54037a02dd64d,1.4970059880239521,10.688
Train,Healthy,87b7d0903bda648d.jpg,.jpg,946.2236328125,True,,JPEG,RGB,4000,2672,1,118.28438,152.72609,91.75598,135.47371,57.848934,1367.7458,0.9680646929824561,15592700277607428208,2a5fd2c3ba74b4793a31fc3944f8816f,1.4970059880239521,10.688
Train,Healthy,87c2350afc10cbf7.jpg,.jpg,957.548828125,True,,JPEG,RGB,4000,2672,1,122.81645,164.2771,121.894005,147.04826,30.725119,1338.8787,0.9552494517543859,15908899375059951134,907c049bcf173196be732ec190a9699f,1.4970059880239521,10.688
Train,Healthy,87c32387a2b4eaea.jpg,.jpg,1066.619140625,True,,JPEG,RGB,4000,2672,1,120.69237,148.46217,101.43887,134.79681,41.901802,1357.578,0.9688642178362573,14797273627299609807,43b54bc4c0dc70290b8e13edfae7780b,1.4970059880239521,10.688
Train,Healthy,87c6b5aaf1a65286.jpg,.jpg,818.6083984375,True,,JPEG,RGB,4000,2672,1,122.28762,156.82602,74.9287,137.16077,55.795055,2804.1646,0.9356268274853801,16638377631450228638,f9b35c42eb8ddb2084c6e830fd459693,1.4970059880239521,10.688
Train,Healthy,87e5be5080617f6a.jpg,.jpg,977.5673828125,True,,JPEG,RGB,4000,3000,1,95.02655,149.4673,111.79913,128.89601,31.834454,594.4573,0.9918212890625,17216960997856431469,f3299954fccc0123932f91de745e2cc7,1.3333333333333333,12.0
Train,Healthy,87eb994599da9047.jpg,.jpg,1139.3466796875,True,,JPEG,RGB,4000,2672,1,131.6475,157.02666,94.10271,142.26411,54.363014,2053.9668,0.8797057748538012,5784395613228428669,fd62137146a89cea87500f73299d0abd,1.4970059880239521,10.688
Train,Healthy,87fa4e55a529a2e2.jpg,.jpg,768.4931640625,True,,JPEG,RGB,4000,2672,1,114.09544,154.26787,78.4126,133.60576,45.513416,1187.3649,0.969389619883041,6010490856816558566,27c475ce4d48ea9217a19824be029d99,1.4970059880239521,10.688
Train,Healthy,88a7c93f86cb445b.jpg,.jpg,978.435546875,True,,JPEG,RGB,4000,2672,1,126.01227,170.12039,92.59336,148.09306,27.180756,944.5294,0.9998857821637427,17565942399139803569,67a8d33b0e970fe840e79743a8b2a535,1.4970059880239521,10.688
Train,Healthy,88a9b090d7dcdbd8.jpg,.jpg,1078.2822265625,True,,JPEG,RGB,4000,2672,1,118.15408,160.85887,100.96804,141.26263,43.34012,1846.075,0.9554778874269005,12941994513006830056,680e04142b1d62429a5a21a63a0f4a63,1.4970059880239521,10.688
Train,Healthy,88b1b88f56aa565b.jpg,.jpg,727.6474609375,True,,JPEG,RGB,4000,2672,1,127.28456,168.34544,89.76732,147.1097,39.71402,946.2959,0.9607547514619883,13672607187206402996,c1e5720fb573ec79a1cd688ab435cd35,1.4970059880239521,10.688
Train,Healthy,88b3109b5fe0feb0.jpg,.jpg,960.908203125,True,,JPEG,RGB,4000,2672,1,117.48458,160.04626,97.630165,140.20584,30.443314,1092.3959,0.9993146929824561,11068598716220944828,78e3202f6438236635cd7af150767626,1.4970059880239521,10.688
Train,Healthy,88b65ca79970317b.jpg,.jpg,821.2138671875,True,,JPEG,RGB,4000,2672,1,119.544975,158.85101,101.18948,140.52289,40.94728,1244.2161,0.9757172880116959,13611229141436444976,5bd50ceeabaac7e2d14128557d4ae031,1.4970059880239521,10.688
Train,Healthy,88b98dc1339ad9dc.jpg,.jpg,875.3515625,True,,JPEG,RGB,4000,2672,1,119.872444,149.55798,88.00276,133.66228,58.81337,2326.669,0.9326800073099415,15773632972726658533,3d19b705372d10e4b96793203981fcc1,1.4970059880239521,10.688
Train,Healthy,88bf907dc2e62ca6.jpg,.jpg,794.8291015625,True,,JPEG,RGB,4000,2672,1,132.52008,171.30711,99.78431,151.55602,25.870222,1114.144,0.9996345029239766,1213834187650623704,7667c6995bfe52f9345887fa97763ece,1.4970059880239521,10.688
Train,Healthy,88d8c872ceb7a2b6.jpg,.jpg,801.0263671875,True,,JPEG,RGB,4000,2672,1,109.96797,165.41121,118.94337,143.53831,24.864212,726.10034,0.9928499634502924,12804221901125311349,fe3cc371bf67f1b5578b965b67aa2ece,1.4970059880239521,10.688
Train,Healthy,88dc1ee9f4258fa2.jpg,.jpg,788.5205078125,True,,JPEG,RGB,4000,2672,1,103.41569,141.32835,76.15223,122.5593,32.92505,1380.6945,0.9831186038011696,12804280835894403061,a0bcdd472b9fef68376ca4e82a9a4f14,1.4970059880239521,10.688
Train,Healthy,88e02dc340bee2ff.jpg,.jpg,1016.3046875,True,,JPEG,RGB,4000,2672,1,113.63311,165.16798,111.62749,143.65068,32.780575,1321.3008,0.9787783260233918,9431564245576807411,429bef3baaf60b5009bdc83bb9a513c1,1.4970059880239521,10.688
Train,Healthy,88e0ab8b0e7d7f0c.jpg,.jpg,910.640625,True,,JPEG,RGB,4000,2672,1,112.07666,158.41995,122.38777,140.45506,35.8632,1061.0605,0.9848547149122807,15531949906539328109,78da03d8c396e01de0fd89f5cb723b61,1.4970059880239521,10.688
Train,Healthy,88e178d578d931d5.jpg,.jpg,861.015625,True,,JPEG,RGB,4000,2672,1,117.95929,167.05362,89.35232,143.51494,24.47495,1038.4712,0.9920504385964912,10647032285124145469,a0df449502d103d57134892177157712,1.4970059880239521,10.688
Train,Healthy,88ea3ab4e8dc0f39.jpg,.jpg,736.1513671875,True,,JPEG,RGB,4000,2672,1,114.80667,147.93358,81.69278,130.47423,38.78025,974.19006,0.9891493055555556,12933196707368320493,8b9656338a18b1454e9d35adefd75c7c,1.4970059880239521,10.688
Train,Healthy,88ea5295af60d477.jpg,.jpg,862.5390625,True,,JPEG,RGB,4000,2672,1,118.822754,163.82248,76.70381,140.43506,39.551876,976.9671,0.9770879020467836,13590073272781151352,f556acb867e02c8f65b8b1dc20ea380d,1.4970059880239521,10.688
Train,Healthy,88f0d0d5de89b5c5.jpg,.jpg,483.5400390625,True,,JPEG,RGB,4000,2672,1,145.56384,167.80534,109.44157,154.50546,42.966,958.78217,0.9583561769005848,12725346409016194017,3b6e5b7c78248854be0e1719a55193eb,1.4970059880239521,10.688
Train,Healthy,89aedec411a5763a.jpg,.jpg,825.1220703125,True,,JPEG,RGB,4000,2672,1,128.15836,159.51907,117.70011,145.37868,45.744427,1313.7404,0.9328627558479532,2553918751235912217,67883b5e106df2200a7c55fcf841cfcc,1.4970059880239521,10.688
Train,Healthy,89afbce1e20f8296.jpg,.jpg,962.9677734375,True,,JPEG,RGB,4000,2672,1,127.49847,158.31839,92.21674,141.56493,60.026535,2322.9927,0.9603892543859649,3689402212385255987,09ee11bb859fde465dd74e8b9646cce8,1.4970059880239521,10.688
Train,Healthy,89b24499628fb5ed.jpg,.jpg,983.720703125,True,,JPEG,RGB,4000,2672,1,94.405426,134.63551,70.824425,115.331184,31.070581,977.265,0.9930327119883041,17361627226293465766,654296c9ab2095805edb4e953135cca7,1.4970059880239521,10.688
Train,Healthy,89b4249951e1c7ef.jpg,.jpg,1063.2158203125,True,,JPEG,RGB,4000,2672,1,105.90742,124.4759,66.04929,112.26234,52.94047,2586.4397,0.8513112207602339,10859949851529700320,5714ecf6ccc33a52e5ee5fce45005eed,1.4970059880239521,10.688
Train,Healthy,89b71da28857e672.jpg,.jpg,523.4169921875,True,,JPEG,RGB,4000,2672,1,125.40319,160.40492,82.12822,141.00928,36.54572,568.9959,0.9778417397660819,18046594211161174707,f4ce735ee23a4b15527673af3da50727,1.4970059880239521,10.688
Train,Healthy,89b949916b36cb9c.jpg,.jpg,1091.294921875,True,,JPEG,RGB,4000,2672,1,102.691864,145.04425,104.873055,127.80222,31.315617,1166.1154,0.9663514254385965,15813114451140601539,05f6f6543e15582d79673b84a2740a61,1.4970059880239521,10.688
Train,Healthy,89bae2da75769860.jpg,.jpg,674.490234375,True,,JPEG,RGB,4000,2672,1,126.13107,170.38599,103.14745,149.48409,41.312737,1244.3583,0.9265579312865497,1430948132915605446,85ecbb9de8c5d2d97a73f3005231443e,1.4970059880239521,10.688
Train,Healthy,89becd60a683a29f.jpg,.jpg,1103.6435546875,True,,JPEG,RGB,4000,2672,1,117.52332,144.42967,67.78335,127.645744,43.320816,2611.5742,0.9572368421052632,17380053334540079858,35d4fb75daae1df3ba26c03de075bfd9,1.4970059880239521,10.688
Train,Healthy,89cfa93dcc0587a3.jpg,.jpg,469.3828125,True,,JPEG,RGB,4000,2672,1,129.65225,152.94894,85.651085,138.30818,41.34928,572.2517,0.9942891081871345,8355268440809468593,d290e7853911360632a23a93b0f74ca8,1.4970059880239521,10.688
Train,Healthy,89d12bd9a3678da2.jpg,.jpg,856.841796875,True,,JPEG,RGB,4000,2672,1,109.8994,143.06807,79.75676,125.93378,29.488533,1192.5415,0.9587673611111112,15756378058337183587,da4a38c5a657a9638cd61b0d57ac0f2a,1.4970059880239521,10.688
Train,Healthy,89dc9838cad84b6f.jpg,.jpg,857.1201171875,True,,JPEG,RGB,4000,2672,1,116.29354,149.8682,87.19732,132.68181,24.032228,1042.2805,0.9501781798245614,13395608279131347691,ddb2bd83fba1b9f597b2afa5c9381c7f,1.4970059880239521,10.688
Train,Healthy,89df8738da38a196.jpg,.jpg,796.986328125,True,,JPEG,RGB,4000,2672,1,112.04902,154.36862,127.66214,138.66673,27.308052,797.0443,0.9448327850877193,16348711629970976742,70465b714ee7cabe10f88af917bbb259,1.4970059880239521,10.688
Train,Healthy,89e8b534da36722d.jpg,.jpg,995.1396484375,True,,JPEG,RGB,4000,2672,1,129.50739,168.81604,101.88007,149.42674,39.261658,1273.3203,0.9985151681286549,2058992759949164154,2855f16bf728cc42faa5adc3d2735693,1.4970059880239521,10.688
Train,Healthy,89ea1631ecac73c9.jpg,.jpg,989.7265625,True,,JPEG,RGB,4000,2672,1,124.15029,150.87897,95.71592,136.59836,51.508663,1888.6375,0.9655747441520468,4357727297761557742,abc66b050e6539421e290d4b82abe544,1.4970059880239521,10.688
Train,Healthy,89eb8c8d9ccd9499.jpg,.jpg,948.6533203125,True,,JPEG,RGB,4000,2672,1,126.55188,163.73988,120.30896,147.66847,50.81771,1419.8422,0.9415889985380117,7156179896907330549,4b7422322984cef95db642a2f053426b,1.4970059880239521,10.688
Train,Healthy,89ee37336341ce4c.jpg,.jpg,918.9453125,True,,JPEG,RGB,4000,2672,1,105.92948,138.17007,77.40783,121.601036,45.97119,1032.6787,0.9578536184210527,5708070033064254026,b66b7bee0943b107fbb3ba2c74d5402e,1.4970059880239521,10.688
Train,Healthy,89f491c55b07ea78.jpg,.jpg,968.111328125,True,,JPEG,RGB,4000,2672,1,128.55919,172.91112,94.1576,150.67334,31.115047,1819.801,0.9969389619883041,11283262477817049147,0aae2464ab5ee3ac734cdea9bbea871f,1.4970059880239521,10.688
Train,Healthy,89fd3f8768a01de0.jpg,.jpg,989.5234375,True,,JPEG,RGB,4000,2672,1,113.62815,162.38484,100.86705,140.79576,23.319447,854.44617,0.9983781067251462,3924485219925676375,998590d9e8e0d08b54ab9598b3534516,1.4970059880239521,10.688
Train,Healthy,8bc2979962db6549.jpg,.jpg,957.376953125,True,,JPEG,RGB,4000,2672,1,141.26591,163.98567,91.12758,148.88751,51.86292,1653.6338,0.8015122441520468,16851875802033583727,5d8fe7cdc9b56f1ae5d288f371b0a2af,1.4970059880239521,10.688
Train,Healthy,8bd27e8d6124a5b3.jpg,.jpg,914.2236328125,True,,JPEG,RGB,4000,2672,1,110.899376,151.54013,95.22688,132.96567,41.286842,1518.8771,0.9784813596491229,4893664347520415655,7a0e324eecffeefb3a757b10c2d02b00,1.4970059880239521,10.688
Train,Healthy,8bd39bca890ced49.jpg,.jpg,790.23828125,True,,JPEG,RGB,4000,2672,1,113.89563,152.53833,78.36696,132.52528,31.953922,1160.653,0.9906341374269005,18007742780243687263,eec7a88d7f6a51c5a285e3068ba1d80a,1.4970059880239521,10.688
Train,Healthy,8bd96ae02c2b9cb6.jpg,.jpg,673.3291015625,True,,JPEG,RGB,4000,2672,1,117.77419,163.78575,96.060265,142.30663,32.212967,1276.5594,0.9931697733918129,1427773932576917991,8a26514e983becedaee1626476d59351,1.4970059880239521,10.688
Train,Healthy,8bda74e18b458f0d.jpg,.jpg,852.57421875,True,,JPEG,RGB,4000,2672,1,102.916435,143.29591,80.46183,124.056564,37.67996,1149.1732,0.992827119883041,11186230612134692531,ff936e64c1bb480fcd4551bb1a0dc488,1.4970059880239521,10.688
Train,Healthy,8bde3f5d5cd08484.jpg,.jpg,866.7763671875,True,,JPEG,RGB,4000,2672,1,121.11502,129.79068,97.907074,123.56415,43.460495,1454.4752,0.7758360745614035,4137064187830115107,26ea4517917b1fb4b5b2868898513072,1.4970059880239521,10.688
Train,Healthy,8bf87605d2b3a323.jpg,.jpg,806.6103515625,True,,JPEG,RGB,4000,2672,1,122.756004,163.45029,95.54784,143.54082,30.977625,1097.9514,0.9539702119883041,16930521636201981549,9fa4a8c86b1d401318e56a53e2edb0c5,1.4970059880239521,10.688
Train,Healthy,8bf8dc40ec70a4fa.jpg,.jpg,932.1982421875,True,,JPEG,RGB,4000,2672,1,123.65808,172.63985,89.00678,148.46185,29.299816,1479.1558,0.9861796418128655,3474871593888467315,c55287d3ced99ddd677747e0b39c5a8f,1.4970059880239521,10.688
Train,Healthy,8c2bb1e6bc87329c.jpg,.jpg,1265.71484375,True,,JPEG,RGB,4000,2672,1,120.05487,161.50252,80.26709,139.84686,48.811256,2622.8042,0.9530336257309941,16065451902890010288,6d6fc3796c60f9a81e27bc48930166e6,1.4970059880239521,10.688
Train,Healthy,8c87c6d58cb99c71.jpg,.jpg,856.6103515625,True,,JPEG,RGB,4000,2672,1,119.66946,163.69824,83.8329,141.4268,36.871395,1194.8695,0.9856313961988304,17755260365894818213,ca107d76138309c6828b94a262d57730,1.4970059880239521,10.688
Train,Healthy,8c8c3cb823c657fc.jpg,.jpg,812.37890625,True,,JPEG,RGB,4000,2672,1,102.02369,160.35165,97.59601,135.75479,36.945213,886.568,0.9961851242690059,12084110818108875047,e843e61282371cabf8332540ebbe5824,1.4970059880239521,10.688
Train,Healthy,8c98ec6fb596c2d0.jpg,.jpg,956.9267578125,True,,JPEG,RGB,4000,2672,1,116.32927,145.1967,92.41765,130.54558,68.58952,1699.447,0.9658717105263158,2608060267923973799,575f80571e7a927eb1ef869c5563f05f,1.4970059880239521,10.688
Train,Healthy,8ca62f58f5868adc.jpg,.jpg,855.603515625,True,,JPEG,RGB,4000,2672,1,111.776085,142.47191,73.80076,125.462746,40.407307,1855.8651,0.9695038377192983,16710508828100387386,e99b64566d8146ba0d64b4f36cf3fcbb,1.4970059880239521,10.688
Train,Healthy,8cabfc30e0a380ff.jpg,.jpg,779.763671875,True,,JPEG,RGB,4000,2672,1,136.51324,165.5925,93.9704,148.72862,44.501835,2220.756,0.948921783625731,12912774282675107377,8e3a58bd4fcb8971d77c204b7b76bf55,1.4970059880239521,10.688
Train,Healthy,8cace85a5555acbc.jpg,.jpg,882.31640625,True,,JPEG,RGB,4000,2672,1,117.23666,144.5191,85.24479,129.60147,30.879385,756.0438,0.9308753654970761,3725364148275112851,1ec6c6d5d20f324f5a00e8b0bf9afe2d,1.4970059880239521,10.688
Train,Healthy,8cc5870c7b3875ea.jpg,.jpg,1024.21875,True,,JPEG,RGB,4000,2672,1,141.33514,166.23447,111.76953,152.58511,40.29375,1411.2146,0.9757629751461988,16348849499566175599,9d12f81b3e73dbc20b6186f3bb103937,1.4970059880239521,10.688
Train,Healthy,8ce4949ec3d22bb3.jpg,.jpg,758.3154296875,True,,JPEG,RGB,4000,2672,1,110.187225,141.13997,96.24,126.76126,25.140636,864.5768,0.9809484649122807,12152545238698114293,4f1542e2f9c8397d90862c8ef2b34f1f,1.4970059880239521,10.688
Train,Healthy,8ce77048e12f3dd4.jpg,.jpg,1010.6708984375,True,,JPEG,RGB,4000,2672,1,99.08865,157.76314,99.79336,133.60985,30.313292,1061.4209,0.9993375365497076,10640095946189353654,937951de8863ae95bc50b00d2bc72c12,1.4970059880239521,10.688
Train,Healthy,8d1fca964b98453d.jpg,.jpg,718.115234375,True,,JPEG,RGB,4000,2672,1,113.40104,146.31355,71.22458,127.91248,47.35858,1098.3992,0.9711714181286549,17325056062829014771,35a9f6bc27fe53cf917c322904721b1c,1.4970059880239521,10.688
Train,Healthy,8d334c9373cd9853.jpg,.jpg,986.1796875,True,,JPEG,RGB,4000,3000,1,83.6994,111.743774,56.471416,97.05365,59.8359,1647.903,0.95062255859375,6578759541149786865,b8bdc984fe9e1168aa74041d8061eeae,1.3333333333333333,12.0
Train,Healthy,8d37caa695c9329a.jpg,.jpg,780.8173828125,True,,JPEG,RGB,4000,2672,1,121.917854,170.22197,90.983505,146.7453,44.04382,1463.8073,0.9434164839181286,16917520703404208626,1ed1e417d1e66bd95253ef34d692a1b3,1.4970059880239521,10.688
Train,Healthy,8d38cd18ce9d5dc4.jpg,.jpg,977.443359375,True,,JPEG,RGB,4000,2672,1,130.76971,170.29471,99.21213,150.37137,38.25168,2075.5413,0.9493786549707602,3736786748953000544,09b6993581e9a9c49a22594a3a129d79,1.4970059880239521,10.688
Train,Healthy,8d3ce3d6918b6c15.jpg,.jpg,1046.4833984375,True,,JPEG,RGB,4000,2672,1,128.53358,154.11108,98.46027,140.12164,63.19807,1937.6495,0.9103846856725146,11339912624049775434,78fa8e043dec5ef1a46e870abf462511,1.4970059880239521,10.688
Train,Healthy,8d3d8239cdcd08f5.jpg,.jpg,922.828125,True,,JPEG,RGB,4000,2672,1,144.6062,178.87389,112.72092,161.08546,39.969326,1816.3405,0.9327256944444444,8295444087118749921,3e15d4524ee3fed008d8656600764c7f,1.4970059880239521,10.688
Train,Healthy,8d5133fd9ca75428.jpg,.jpg,925.14453125,True,,JPEG,RGB,4000,2672,1,100.90885,134.37987,87.6761,119.046715,56.41691,1397.4832,0.9574652777777778,1791009818961536951,31f966106c48bdf46ad956ff6cbae27b,1.4970059880239521,10.688
Train,Healthy,8d5ecfd6c4acc281.jpg,.jpg,969.70703125,True,,JPEG,RGB,4000,2672,1,134.30367,169.49689,99.63617,151.0096,30.270386,1314.5897,0.9748035453216374,6944642980033967026,f77216b24b066d4d6331c4df9e4812b9,1.4970059880239521,10.688
Train,Healthy,8d629dc09d0f2be9.jpg,.jpg,879.6455078125,True,,JPEG,RGB,4000,2672,1,124.49433,154.63654,84.72078,137.64935,35.556202,1021.8377,0.9941292032163743,17502764832627552890,50315520e3361e9a463950fcae6672a0,1.4970059880239521,10.688
Train,Healthy,8d7e68ad52278762.jpg,.jpg,990.623046875,True,,JPEG,RGB,4000,3000,1,99.16986,158.16302,113.34719,135.41396,35.22132,952.20184,0.98382568359375,4120912805109621425,a639a3c8d55cc3f1bb2eadc7a49fd31d,1.3333333333333333,12.0
Train,Healthy,8d8185d0d995bdb9.jpg,.jpg,1020.224609375,True,,JPEG,RGB,4000,3000,1,117.72748,165.21745,51.15285,138.01292,35.133705,1268.4054,0.9818115234375,15187081541789642362,cc827f3fee5cfda30e19303bf012cff7,1.3333333333333333,12.0
Train,Healthy,8d87c5f4c0de9899.jpg,.jpg,789.177734375,True,,JPEG,RGB,4000,2672,1,116.8196,154.15822,100.9608,136.92657,36.184338,807.9098,0.9806058114035088,16591933257851278035,ac3fcc256a03c4fd01f4212d5fa99307,1.4970059880239521,10.688
Train,Healthy,8dad31a8e26bc56a.jpg,.jpg,1093.1689453125,True,,JPEG,RGB,4000,2672,1,86.81524,121.747604,58.25516,104.06677,36.87907,1320.5978,0.9848090277777778,13129790357127746520,9b5f3e03ed415203ab994c72ed431cc2,1.4970059880239521,10.688
Train,Healthy,8dad7a6791407963.jpg,.jpg,936.5146484375,True,,JPEG,RGB,4000,2672,1,119.86895,150.71414,99.263275,135.62534,51.951153,1129.188,0.8395696271929824,7743714945200997500,2d8c7fd319330620396adcc80a9f0a6f,1.4970059880239521,10.688
Train,Healthy,8db3c8abe2745554.jpg,.jpg,756.677734375,True,,JPEG,RGB,4000,2672,1,119.79628,145.17188,68.83263,128.87965,46.482147,1681.5599,0.8863532529239766,6004237590819223524,018e113662aee4d284d799776fb10959,1.4970059880239521,10.688
Train,Healthy,8dbb1ad3b44b684a.jpg,.jpg,1094.9912109375,True,,JPEG,RGB,4000,2672,1,101.29343,147.87984,106.43903,129.2251,30.470726,1286.521,0.9911595394736842,12959841536736228262,cb457b873b5e91ee1a0271359bf04419,1.4970059880239521,10.688
Train,Healthy,8dc98fc12935372d.jpg,.jpg,874.17578125,True,,JPEG,RGB,4000,2672,1,119.077896,164.7023,98.87966,143.55896,32.113613,1057.869,0.9914565058479532,17506396129024994879,d19906164a550fda8998493ab159cf87,1.4970059880239521,10.688
Train,Healthy,8dcad9e6c8b70a19.jpg,.jpg,761.5546875,True,,JPEG,RGB,4000,2672,1,127.63893,164.19536,89.07625,144.70224,41.250103,1132.8007,0.9620568347953217,17434405763490922035,ac6acd8c49b7241c26c2dcb4c2392575,1.4970059880239521,10.688
Train,Healthy,8dd6208b3ae54b4f.jpg,.jpg,796.3232421875,True,,JPEG,RGB,4000,2672,1,106.99415,158.8165,106.3054,137.33441,32.64015,700.8556,0.9999314692982456,14827769903071807127,3fa990eb374291427d135537adeb773f,1.4970059880239521,10.688
Train,Healthy,90a1b29e3556c9b7.jpg,.jpg,681.0205078125,True,,JPEG,RGB,4000,2672,1,116.24779,150.95337,90.610725,133.69757,53.932693,1468.2147,0.9071180555555556,12668518648104693052,25d2520d015d14569d0dad5a572cdd73,1.4970059880239521,10.688
Train,Healthy,90a62b2a75655ed5.jpg,.jpg,1056.013671875,True,,JPEG,RGB,4000,2672,1,114.14782,142.11603,61.36698,124.54864,57.159447,1618.5903,0.9733872441520468,14986287397480553434,2bd3f7d1171bcfb012ba826380443d43,1.4970059880239521,10.688
Train,Healthy,90ab34aa79735473.jpg,.jpg,933.25390625,True,,JPEG,RGB,4000,2672,1,111.51889,156.54008,119.407234,138.84688,39.662952,1267.7505,0.9626736111111112,2232928869813124284,638520bc9408c7e13a89b53a7516e606,1.4970059880239521,10.688
Train,Healthy,90b29a6de5647627.jpg,.jpg,609.1181640625,True,,JPEG,RGB,4000,2672,1,132.4801,164.82883,104.01935,148.22014,38.115864,1332.447,0.9519828216374269,10797886494038221304,79f87aefa20feef819422de9345f3343,1.4970059880239521,10.688
Train,Healthy,90b42a547de9f469.jpg,.jpg,791.2216796875,True,,JPEG,RGB,4000,2672,1,124.08431,162.09862,86.6377,142.13,30.899538,966.19745,1.0,11294051003267345387,24b4d431607aa975ca42332988489b5c,1.4970059880239521,10.688
Train,Healthy,90b72ad8b7c8b295.jpg,.jpg,975.373046875,True,,JPEG,RGB,4000,2672,1,101.735016,139.53584,76.41911,121.03678,30.880116,1128.2677,0.9762426900584795,11375807044430975681,2a2ae49b72eeab88d3219a24f516814d,1.4970059880239521,10.688
Train,Healthy,90c33a692df76827.jpg,.jpg,1260.9189453125,True,,JPEG,RGB,4000,2672,1,92.61822,116.225876,70.02913,103.9009,72.96921,2109.8857,0.9875730994152047,10590721144999935024,0f6d3b16c8144a48adde1c0adc0ee475,1.4970059880239521,10.688
Train,Healthy,90c790666f674f58.jpg,.jpg,779.2841796875,True,,JPEG,RGB,4000,2672,1,127.47585,169.9579,97.87856,149.03635,27.142609,660.98364,0.9999543128654971,14743923797433032121,26df4214d56bf58094e692fc58270deb,1.4970059880239521,10.688
Train,Healthy,90ca1673f19c8f63.jpg,.jpg,1089.869140625,True,,JPEG,RGB,4000,3000,1,114.04777,137.16667,73.2468,122.963745,58.994522,1849.3778,0.8963419596354166,15897114824433974924,55897f666c5997ce46205784c6ea94ee,1.3333333333333333,12.0
Train,Healthy,90d162cfad5c7853.jpg,.jpg,938.2822265625,True,,JPEG,RGB,4000,2672,1,107.04219,157.30551,122.85935,138.34885,36.774498,1483.316,0.9691840277777778,15319162077771635871,5f72bfbd992c09768653e7291013624b,1.4970059880239521,10.688
Train,Healthy,90d349c987f42f1d.jpg,.jpg,990.9501953125,True,,JPEG,RGB,4000,2672,1,108.75491,146.28726,116.67162,131.68561,32.72396,963.9651,0.9684758771929824,13877908759188846204,5b2e3ee136be5c8e2b1bb7a0b6eb17bf,1.4970059880239521,10.688
Train,Healthy,90da32919d3679f4.jpg,.jpg,980.318359375,True,,JPEG,RGB,4000,2672,1,113.10476,155.5221,103.764435,136.93906,35.155804,1195.6278,0.95703125,3219437661577587892,944f136e187962472f625a099dcc32ee,1.4970059880239521,10.688
Train,Healthy,90e44ee17cf246ad.jpg,.jpg,1062.62890625,True,,JPEG,RGB,4000,3000,1,73.9307,137.6123,108.63645,115.267334,33.892986,1371.015,0.9722086588541666,10150775583124610421,b671bdda40429c81a9f1214a76ba10b4,1.3333333333333333,12.0
Train,Healthy,90e5d28ae58b8dc7.jpg,.jpg,953.625,True,,JPEG,RGB,4000,2672,1,123.85058,158.71898,138.09146,145.94174,26.762402,1012.7785,0.9100191885964912,14536769532925180412,7f89c422c4c841ead458e0ce922323db,1.4970059880239521,10.688
Train,Healthy,90e939d6567f0391.jpg,.jpg,757.37109375,True,,JPEG,RGB,4000,2672,1,120.22135,160.83942,88.97819,140.4989,25.4422,611.532,0.9983095760233918,3788542294712921245,ad59417b807d7d02d90dbb04b11af9fc,1.4970059880239521,10.688
Train,Healthy,90ece9d647c23ca6.jpg,.jpg,861.91796875,True,,JPEG,RGB,4000,2672,1,124.341675,146.84113,89.561905,133.58272,56.10356,1857.9744,0.9385964912280702,12003979583880206779,953d109e4ad8a97babb8284dabccc713,1.4970059880239521,10.688
Train,Healthy,90ed9ba0a1376f16.jpg,.jpg,819.7861328125,True,,JPEG,RGB,4000,2672,1,130.71259,170.87602,106.43474,151.52077,31.15298,1045.0782,0.9650264985380117,13346431336320908536,d8225af9436e92b72de8f3fc03ae771d,1.4970059880239521,10.688
Train,Healthy,90ee3bc4cc3d1b16.jpg,.jpg,1018.10546875,True,,JPEG,RGB,4000,2672,1,100.54005,139.20377,95.874565,122.7034,34.879463,1429.4952,0.9827302631578947,12582455611085085944,d54b17ca203e94efd0ef90efcef044c2,1.4970059880239521,10.688
Train,Healthy,90ee3bc6896517b8.jpg,.jpg,1026.6201171875,True,,JPEG,RGB,4000,2672,1,98.01133,161.39679,116.509186,137.32811,29.743563,1549.9788,0.9821134868421053,2896241999433472664,ed7654a285551c4e172a64b7eb0c8be6,1.4970059880239521,10.688
Train,Healthy,90f1f8aa55079735.jpg,.jpg,683.1064453125,True,,JPEG,RGB,4000,2672,1,107.144875,151.61221,59.512245,127.809784,30.0051,685.51025,0.9947688230994152,11293548992139177264,6c4b7f7dc2cf1cf2c80527827a903286,1.4970059880239521,10.688
Train,Healthy,90f28407fd9ebcd0.jpg,.jpg,796.181640625,True,,JPEG,RGB,4000,2672,1,125.456276,168.79744,93.48853,147.25638,22.067759,793.7895,0.9994289108187134,16487006680018582712,c2838073b038f9f74c1d1cb3a8c1ac8f,1.4970059880239521,10.688
Train,Healthy,90f45f2e2d1e2789.jpg,.jpg,927.53125,True,,JPEG,RGB,4000,2672,1,114.017,159.03767,59.952187,134.27579,33.93576,1121.376,0.9897889254385965,3931803702196599155,04cea5f5890eb43a473a7e9fbc3f5bc6,1.4970059880239521,10.688
Train,Healthy,90f66fcb38258bb0.jpg,.jpg,868.9091796875,True,,JPEG,RGB,4000,2672,1,112.43481,137.779,86.46,124.349144,55.09108,1469.2047,0.9413377192982456,4047659319135136699,af0bc01948d47f51216763ea4258d665,1.4970059880239521,10.688
Train,Healthy,90f7e0c35d5a1f14.jpg,.jpg,1111.0537109375,True,,JPEG,RGB,4000,3000,1,98.40067,138.87703,102.682594,122.648926,41.378166,1674.067,0.95550537109375,12433941856000247222,803886c2c9b889d8b232ff57e5e21ad2,1.3333333333333333,12.0
Train,Healthy,91a71de9b0b8725a.jpg,.jpg,1012.359375,True,,JPEG,RGB,4000,3000,1,80.46732,141.80841,102.84994,119.025635,35.445045,1439.1903,0.9558512369791666,6578295182987079898,b32ad976aecdbc5a95160c6bbd88e5f0,1.3333333333333333,12.0
Train,Healthy,91ab6ae12db59156.jpg,.jpg,960.94140625,True,,JPEG,RGB,4000,2672,1,106.37758,141.38751,77.07858,123.58895,33.629463,1169.1365,0.9838724415204678,8897279972878070832,c54767b7bf81c26a034d34faffd291f4,1.4970059880239521,10.688
Train,Healthy,91af19dc085faab1.jpg,.jpg,1046.802734375,True,,JPEG,RGB,4000,2672,1,111.83658,164.32463,118.10154,143.36263,29.973162,1268.2585,0.9878015350877193,15806033613379885208,dea547ac2ff1c59f400c6bc8f109defb,1.4970059880239521,10.688
Train,Healthy,91c98dab997929d4.jpg,.jpg,774.689453125,True,,JPEG,RGB,4000,3000,1,79.420654,143.74464,110.00519,120.664345,29.349358,833.6967,0.9884847005208334,17576353738079018078,c955cc3278c5e86e1b379ad9720a6137,1.3333333333333333,12.0
Train,Healthy,91e9417676109afd.jpg,.jpg,1009.3662109375,True,,JPEG,RGB,4000,2672,1,112.66742,141.78314,62.610973,124.05334,51.584927,1325.0504,0.9000365497076024,10075629327308684520,be4679905063c8ec926ed7690d5a1f8d,1.4970059880239521,10.688
Train,Healthy,91ec138593c7d1ba.jpg,.jpg,885.3466796875,True,,JPEG,RGB,4000,2672,1,115.06602,164.10892,88.16946,140.78758,29.311737,1065.8253,0.9975100511695907,14882990495685310489,36ff22c1f8eb08aa5f12802e1b4e0f4a,1.4970059880239521,10.688
Train,Healthy,91ece5c69907362b.jpg,.jpg,733.2021484375,True,,JPEG,RGB,4000,2672,1,122.896904,146.66531,93.14924,133.45671,65.067604,1361.4303,0.879203216374269,9418785457367211162,82527db13c043e1398cfd75e48d82183,1.4970059880239521,10.688
Train,Healthy,92a409c0d6fe7a6d.jpg,.jpg,694.4326171875,True,,JPEG,RGB,4000,2672,1,126.45196,159.16263,92.43001,141.77147,42.500275,983.8146,0.9856770833333334,15336866061791025240,39585ecef1f2a9464954fbc14a9ef724,1.4970059880239521,10.688
Train,Healthy,92a5967197726a5a.jpg,.jpg,1011.091796875,True,,JPEG,RGB,4000,2672,1,117.58598,157.37694,93.373146,138.18787,42.303852,1432.1511,0.9544727704678363,4374945357803289976,4fafd73d835da5e662853756e3cbf048,1.4970059880239521,10.688
Train,Healthy,92a925c0f3ebe9e0.jpg,.jpg,1198.4873046875,True,,JPEG,RGB,4000,2672,1,111.501305,145.65721,101.746414,130.43875,33.808388,1454.3109,0.9415661549707602,11453977087014652393,f847e8b35f42d8c3de744dfbf8cf50ee,1.4970059880239521,10.688
Train,Healthy,92aa92758b9a71da.jpg,.jpg,1008.3642578125,True,,JPEG,RGB,4000,2672,1,125.17457,171.78232,127.58361,152.80731,34.500065,1425.1621,0.9777732090643275,15992268513546665208,06b43ab40ae29801cbcb56bc317f6a9c,1.4970059880239521,10.688
Train,Healthy,92aed55b4ad18cb1.jpg,.jpg,804.8447265625,True,,JPEG,RGB,4000,2672,1,136.68938,170.72781,102.95616,152.8252,47.618534,1719.3323,0.9114583333333334,9029038498745981652,9a0c2d516df1d9f8ed375fc651c04425,1.4970059880239521,10.688
Train,Healthy,92b17234da98d6f2.jpg,.jpg,884.890625,True,,JPEG,RGB,4000,2672,1,102.23072,146.13257,93.28321,126.981155,34.899952,1222.5559,0.9889894005847953,11303148831984360937,722eb4b9951cb70268ec0cbaf1067d7f,1.4970059880239521,10.688
Train,Healthy,92b7678eb031b329.jpg,.jpg,1027.4228515625,True,,JPEG,RGB,4000,2672,1,94.321205,130.36047,95.85421,115.64933,41.978386,1264.0908,0.9885325292397661,5567940733008737241,7e48848d923e5d057840257209952eec,1.4970059880239521,10.688
Train,Healthy,92baa7256482679f.jpg,.jpg,946.2841796875,True,,JPEG,RGB,4000,2672,1,95.565994,142.75758,92.90929,122.966896,21.548445,714.66455,0.9825703581871345,10194013985621334182,e7ecb08b61437c1d2fa669e9642e6d0c,1.4970059880239521,10.688
Train,Healthy,92bc6dc6e6328369.jpg,.jpg,959.7412109375,True,,JPEG,RGB,4000,2672,1,105.33116,154.85626,80.81999,131.60956,29.378975,1259.2694,0.9827074195906432,16463076374914586792,b8e77927423ddd89c7fc36866033c857,1.4970059880239521,10.688
Train,Healthy,92c5db4cbce6852a.jpg,.jpg,516.29296875,True,,JPEG,RGB,4000,2672,1,148.54889,160.11708,109.868675,150.93323,55.466442,1051.2317,0.9093795687134503,17424946669582310745,de3c00197cfb86ad3271193157cb6dc2,1.4970059880239521,10.688
Train,Healthy,92d85a6ba115dccd.jpg,.jpg,1104.8662109375,True,,JPEG,RGB,4000,2672,1,115.931496,152.7146,61.81627,131.35104,52.154377,2127.4407,0.9544727704678363,15697776570622113276,65646cf091387163f1afda015ac43af7,1.4970059880239521,10.688
Train,Healthy,92da59c624ad9f52.jpg,.jpg,994.8974609375,True,,JPEG,RGB,4000,2672,1,105.23081,147.29721,83.35855,127.43099,38.26479,1181.007,0.9885553728070176,7338960255302098846,1e7c0c77bc50a53afd8122c78483d6f3,1.4970059880239521,10.688
Train,Healthy,92e4c4964f8f370d.jpg,.jpg,1090.2626953125,True,,JPEG,RGB,4000,2672,1,121.835,155.60231,90.45331,138.07684,45.237007,1527.6733,0.9292077850877193,17045161226224335074,30d1a12b631983ab3793a88ab6819cd3,1.4970059880239521,10.688
Train,Healthy,92e83ad88015df3f.jpg,.jpg,951.1552734375,True,,JPEG,RGB,4000,2672,1,118.27976,148.09206,66.98065,129.92978,53.75775,1546.3684,0.9531021564327485,13369300260055702777,e04906bff13fa6eff613766adac5d340,1.4970059880239521,10.688
Train,Healthy,92e8c955cc7d6c4c.jpg,.jpg,723.9296875,True,,JPEG,RGB,4000,2672,1,131.0397,161.36462,88.565834,143.99518,62.26515,1363.927,0.9084201388888888,12887489231814720057,a5937e150b0b368ace786b47722c4d54,1.4970059880239521,10.688
Train,Healthy,92f03f9158ba3d13.jpg,.jpg,856.5126953125,True,,JPEG,RGB,4000,2672,1,104.76096,146.34656,112.14648,130.01291,26.321026,974.81085,0.8977750365497076,4218779652155402743,1dcfeb1bde94295592e3a510c43f0159,1.4970059880239521,10.688
Train,Healthy,92f9ca821c8779f2.jpg,.jpg,692.708984375,True,,JPEG,RGB,4000,2672,1,126.848434,155.77257,100.66386,140.84007,57.273773,1738.1301,0.8914473684210527,17908588479487986908,d5105b38cb9d97298568854902e5593c,1.4970059880239521,10.688
Train,Healthy,92fe73ca991d1984.jpg,.jpg,844.6708984375,True,,JPEG,RGB,4000,2672,1,104.494446,145.11493,80.56908,125.611404,24.01557,832.0713,0.9887838084795322,8666166692150858968,e252f273c24fdc58bcf94dda95e0682c,1.4970059880239521,10.688
Train,Healthy,93a1d1d6e69a7451.jpg,.jpg,733.0869140625,True,,JPEG,RGB,4000,2672,1,105.031,167.12817,118.52001,143.0166,32.594105,767.74304,0.9929641812865497,14761281339612526824,7339f1fd1ec6cf90e419eae29e4b5920,1.4970059880239521,10.688
Train,Healthy,93a7c1dd2fe04f20.jpg,.jpg,872.8330078125,True,,JPEG,RGB,4000,2672,1,147.53511,166.82056,110.29306,154.61148,60.361374,2397.1926,0.8459429824561403,17500371596994991318,0731a6e9a6a0628f3462bb1522ad322e,1.4970059880239521,10.688
Train,Healthy,93b38ee5a405357c.jpg,.jpg,921.6484375,True,,JPEG,RGB,4000,3000,1,127.694786,156.23909,80.35962,139.05528,42.847767,1439.2959,0.9382120768229166,14905041525700981097,2c278afc22d9a940db2b6d945fa91eb4,1.3333333333333333,12.0
Train,Healthy,93baf11cc50daaaa.jpg,.jpg,1031.1201171875,True,,JPEG,RGB,4000,2672,1,122.03801,161.07733,83.36904,140.54407,36.774143,1460.4615,0.9525995979532164,1312915239133106890,bd027df3836d5fbf1db59912ee1f82d5,1.4970059880239521,10.688
Train,Healthy,93bdcbc8c9ac01b3.jpg,.jpg,623.5634765625,True,,JPEG,RGB,4000,2672,1,141.09048,166.33304,106.59508,151.97568,45.248444,1281.9122,0.966374269005848,6430151242088552921,425d5c76383a14cb7c73aed78c6c1961,1.4970059880239521,10.688
Train,Healthy,93c23783c34bcb6a.jpg,.jpg,1024.3837890625,True,,JPEG,RGB,4000,2672,1,113.1483,159.16493,113.70577,140.22409,36.31312,1409.2908,0.9812911184210527,15644383473734528058,62427d323a72d1d5257c001c2b97f609,1.4970059880239521,10.688
Train,Healthy,93ca66845df1b623.jpg,.jpg,850.576171875,True,,JPEG,RGB,4000,2672,1,120.51112,164.70569,96.29155,143.6922,35.81731,1035.5331,0.9827987938596491,16640529156415458380,70186aabb8983bd01f1dc13766dadcce,1.4970059880239521,10.688
Train,Healthy,93d90c204f3d9bf2.jpg,.jpg,958.5380859375,True,,JPEG,RGB,4000,2672,1,109.48109,131.23988,69.56574,117.702965,51.95328,1621.8301,0.9115040204678363,17497708157594443371,17e6637f41f2c885bf76d6df4847eb90,1.4970059880239521,10.688
Train,Healthy,93eb385e2643eca4.jpg,.jpg,772.2216796875,True,,JPEG,RGB,4000,2672,1,114.591194,149.1039,91.57134,132.22627,55.28433,1195.0754,0.953764619883041,11068647116128181534,573cdeba538a65d6ed4c6b04aaa331e9,1.4970059880239521,10.688
Train,Healthy,93f476c7e42700bc.jpg,.jpg,987.3232421875,True,,JPEG,RGB,4000,2672,1,102.918175,160.51338,105.14734,136.98051,33.00351,1556.9073,0.9932611476608187,17057518720969635865,a726057ce94043c99dcb2e1b99b2254f,1.4970059880239521,10.688
Train,Healthy,93fa2fc76498b111.jpg,.jpg,1045.8291015625,True,,JPEG,RGB,4000,2672,1,98.217354,146.86012,114.24036,128.59508,31.046793,1104.6895,0.9847176535087719,4704494390220716254,6ff2092ce009f25aab5825cb5424eee2,1.4970059880239521,10.688
Train,Healthy,94a0d880a99fb5fd.jpg,.jpg,894.9921875,True,,JPEG,RGB,4000,2672,1,142.77367,171.6665,99.82376,154.83502,51.712418,1549.3538,0.8709110014619883,10425901543151005752,916345155a3e4e161496509bc1ac3697,1.4970059880239521,10.688
Train,Healthy,94a386b68ebfd0d0.jpg,.jpg,857.8720703125,True,,JPEG,RGB,4000,2672,1,129.51535,167.25537,91.23017,147.30217,40.588444,2225.0852,0.9684758771929824,5606862186253925110,39996f839856d098fd9e9355fac16c2e,1.4970059880239521,10.688
Train,Healthy,94a39b9e318d62d5.jpg,.jpg,865.619140625,True,,JPEG,RGB,4000,2672,1,121.957054,153.62726,88.06165,136.6841,58.730408,1679.9229,0.88578216374269,17904622026223908572,8b849248a92737245071d55a5a12e8a4,1.4970059880239521,10.688
Train,Healthy,94a63e567b4b4589.jpg,.jpg,902.087890625,True,,JPEG,RGB,4000,2672,1,109.11742,162.63503,129.82463,142.88966,27.008495,788.80096,0.9960023757309941,9024354468977981466,02819ab719527bbdd0ed40f6979cc18b,1.4970059880239521,10.688
Train,Healthy,94a99387cd1a2dd3.jpg,.jpg,662.5361328125,True,,JPEG,RGB,4000,2672,1,110.49931,126.56595,85.94239,117.12955,46.460014,903.8733,0.9157986111111112,8700026985498606844,5f4d71d20a557f3f53432509fc4b6b88,1.4970059880239521,10.688
Train,Healthy,94adc09d958de497.jpg,.jpg,931.1328125,True,,JPEG,RGB,4000,2672,1,105.26101,160.97302,104.108574,137.83061,37.622597,1219.4686,0.981108369883041,3934913651654289548,dbf094eeda370f750d08c1be797b3321,1.4970059880239521,10.688
Train,Healthy,94b2129f1555755e.jpg,.jpg,761.2236328125,True,,JPEG,RGB,4000,2672,1,111.81533,148.92761,88.558754,130.94937,30.546957,837.4552,0.9914793494152047,11285332537037202622,33efe219162e0a793b8e0f09b4711e56,1.4970059880239521,10.688
Train,Healthy,94b26d8dc50d69bc.jpg,.jpg,922.294921875,True,,JPEG,RGB,4000,2672,1,90.6438,143.73125,119.72067,125.12363,29.602169,910.3666,0.949515716374269,16036364468018673254,6d9762d22feb316fb689db959d2cfa97,1.4970059880239521,10.688
Train,Healthy,94b393b3b1e8a4ac.jpg,.jpg,872.658203125,True,,JPEG,RGB,4000,2672,1,121.148346,159.46655,99.688095,141.19292,39.62127,1478.7516,0.9416346856725146,14757386436997886676,b989548d35c13d660a3a194bf2f76709,1.4970059880239521,10.688
Train,Healthy,94b46bc8663c25f9.jpg,.jpg,932.595703125,True,,JPEG,RGB,4000,2672,1,102.54134,154.751,123.37907,135.56026,33.89406,1533.4183,0.8990999634502924,13183230715761161547,00d67d23443820141eb873f98c1ee2fc,1.4970059880239521,10.688
Train,Healthy,94b531898979f38b.jpg,.jpg,965.8681640625,True,,JPEG,RGB,4000,2672,1,94.4995,144.43199,82.91625,122.486885,42.459354,1581.3378,0.9861339546783626,16027234372380571084,f41c3b01cbf11f1d428a0b4c4c463369,1.4970059880239521,10.688
Train,Healthy,94b78d183adc3b43.jpg,.jpg,850.3095703125,True,,JPEG,RGB,4000,2672,1,121.89674,153.87007,66.206116,134.31024,47.196014,1433.8812,0.9450383771929824,13000885129369411818,121a670e1449a357eb9066ba1ba8853b,1.4970059880239521,10.688
Train,Healthy,94c16e393d27707c.jpg,.jpg,1061.8232421875,True,,JPEG,RGB,4000,2672,1,116.39908,137.85551,40.627674,120.35823,69.18309,1757.1718,0.9689784356725146,17501204724489940005,3d41677b852a069ca673ee0e459146f1,1.4970059880239521,10.688
Train,Healthy,94c350bfec80bf2c.jpg,.jpg,659.314453125,True,,JPEG,RGB,4000,2672,1,125.18026,164.82002,86.63996,144.0499,25.434717,1034.482,0.9994974415204678,16341584919580684470,3f363e82e643fb8479c52ea5def88c42,1.4970059880239521,10.688
Train,Healthy,94c526b29bb94aba.jpg,.jpg,1018.0908203125,True,,JPEG,RGB,4000,2672,1,102.9881,154.40685,88.9836,131.57248,33.707546,1114.5618,0.9929641812865497,15917680905590251358,9caa759a3ff68ebef29db22be4857ab5,1.4970059880239521,10.688
Train,Healthy,94ccbe902df63a26.jpg,.jpg,712.5595703125,True,,JPEG,RGB,4000,2672,1,122.74879,161.34181,87.73936,141.40982,25.784227,898.0267,0.9995202850877193,3526455813685931241,7e23c4538b94bb849da3c56f58042016,1.4970059880239521,10.688
Train,Healthy,94ccde9c16ba2723.jpg,.jpg,1154.0673828125,True,,JPEG,RGB,4000,3000,1,116.45178,147.33208,115.04641,134.409,39.58602,912.00824,0.96734619140625,17361617299896711214,768c1939e879c92e69ca66898dd02eb6,1.3333333333333333,12.0
Train,Healthy,94d2c39ae8f86b26.jpg,.jpg,825.525390625,True,,JPEG,RGB,4000,2672,1,128.33226,164.54977,109.27812,147.41826,45.215984,1526.46,0.9534448099415205,17423385268277606094,33db8ef31cc10d1f774b3ae2edce84b9,1.4970059880239521,10.688
Train,Healthy,94d8babc5a2d4a27.jpg,.jpg,884.466796875,True,,JPEG,RGB,4000,2672,1,119.974464,159.37502,96.27323,140.39926,33.819355,1412.373,0.9785727339181286,3836194413550134905,1ca07c25f50b2f9b4228e6d00e2e86ae,1.4970059880239521,10.688
Train,Healthy,94e1675b7b308e1c.jpg,.jpg,1035.26171875,True,,JPEG,RGB,4000,2672,1,94.20968,137.78305,110.72791,121.67023,29.963587,1460.756,0.9241136695906432,15636135746945725670,8436df424eec9f21297d304024add665,1.4970059880239521,10.688
Train,Healthy,94e24a4b96adadc5.jpg,.jpg,1021.37890625,True,,JPEG,RGB,4000,2672,1,111.56894,151.00648,78.30473,130.92491,44.119686,1260.0576,0.9556606359649122,14829674541772109524,7d95cda3100276f076a605abb74853b7,1.4970059880239521,10.688
Train,Healthy,94e4d8968d9bb499.jpg,.jpg,1096.2626953125,True,,JPEG,RGB,4000,2672,1,125.95552,157.36658,67.936264,137.77867,49.352585,1519.0323,0.9054961622807017,17070502631605860594,ef451c5fdc3ce41e6ca826fd623a4470,1.4970059880239521,10.688
Train,Healthy,94e7da9f283c45b0.jpg,.jpg,861.6845703125,True,,JPEG,RGB,4000,2672,1,118.05775,148.74829,91.92048,133.09286,34.95048,1340.7122,0.9578993055555556,15982306128023696561,5c57e3389dc109cb960123a54f6b26a1,1.4970059880239521,10.688
Train,Healthy,94e947373a5423cb.jpg,.jpg,1035.2421875,True,,JPEG,RGB,4000,2672,1,117.26834,146.8768,61.931973,128.33765,55.934883,1868.2516,0.9590186403508771,7419313907160605812,0718f8398833ff5513e09e7086a94b3f,1.4970059880239521,10.688
Train,Healthy,94e9c93678307b27.jpg,.jpg,745.2470703125,True,,JPEG,RGB,4000,2672,1,128.58678,155.64633,81.43161,139.09332,53.149933,1035.0721,0.8879979897660819,9711665787020557340,d34bafb89635149b12fb5d288a4ded80,1.4970059880239521,10.688
Train,Healthy,94f285856b8c7b2b.jpg,.jpg,954.0712890625,True,,JPEG,RGB,4000,2672,1,114.129456,138.85799,79.64967,124.71436,45.09749,2035.8739,0.9233141447368421,15446288120058918518,27cad51a482706020c3f9aa4f635e7cf,1.4970059880239521,10.688
Train,Healthy,94f297139780a5eb.jpg,.jpg,956.5888671875,True,,JPEG,RGB,4000,2672,1,136.07788,172.50914,104.93656,153.91214,36.673298,1735.8137,0.9592927631578947,17054432169615847526,b608871b0a35be4618191d45c52a3f3a,1.4970059880239521,10.688
Train,Healthy,94fa746da6a25a1c.jpg,.jpg,1015.8935546875,True,,JPEG,RGB,4000,2672,1,111.7881,159.61108,114.02141,140.11475,33.583748,1634.5981,0.9747578581871345,12456017485288871660,1bebcf54c16db5246b283654c89abd29,1.4970059880239521,10.688
Train,Healthy,95a15a575b4ba8a9.jpg,.jpg,890.8076171875,True,,JPEG,RGB,4000,2672,1,105.80352,143.20155,77.34265,124.51384,40.693134,1474.5029,0.9523940058479532,6383526253040034832,fb8ea94a8b99c9ed7248be17f4e1a142,1.4970059880239521,10.688
Train,Healthy,95a1679535d29f30.jpg,.jpg,1025.326171875,True,,JPEG,RGB,4000,2672,1,111.33952,145.71745,71.3546,126.959404,35.77881,1252.0868,0.9924387792397661,6833857534817755238,bec3ad3fc107f8fc72cdc8a5c70784b1,1.4970059880239521,10.688
Train,Healthy,95a4c9cbdacb6a24.jpg,.jpg,945.375,True,,JPEG,RGB,4000,2672,1,105.75834,146.42734,111.78938,130.3194,33.236057,1013.7232,0.9266036184210527,18056670594423388820,1cd0972e2e27bbefe1aef91da2985a90,1.4970059880239521,10.688
Train,Healthy,95aa53c32965a0ef.jpg,.jpg,998.232421875,True,,JPEG,RGB,4000,2672,1,112.13208,166.85782,115.78712,144.67133,31.959816,1248.4393,0.9624908625730995,11077920733925239864,013ac23c32f2633de500d5b20872d0e4,1.4970059880239521,10.688
Train,Healthy,95bc9f8946d14cc6.jpg,.jpg,928.0869140625,True,,JPEG,RGB,4000,2672,1,121.26108,164.1762,121.407074,146.4681,38.31309,1280.2456,0.9903143274853801,8375776995198425284,a0ee93f309cdcab9f91205c1d07db0ab,1.4970059880239521,10.688
Train,Healthy,95bdcf7ca7520310.jpg,.jpg,939.017578125,True,,JPEG,RGB,4000,2672,1,78.92208,130.42206,104.71236,112.08996,27.56557,694.95483,0.9703718932748538,3185338082997138498,e53aef02a890eae9ce360ba33298f81d,1.4970059880239521,10.688
Train,Healthy,95bf5adf35348420.jpg,.jpg,867.1435546875,True,,JPEG,RGB,4000,2672,1,126.71448,161.7125,90.3313,143.10822,40.4519,1050.5558,0.9968475877192983,8235894729560068758,12ddcd10c42a31221d17e083a16c0228,1.4970059880239521,10.688
Train,Healthy,95c25b7a7d1a0695.jpg,.jpg,1229.298828125,True,,JPEG,RGB,4000,3000,1,103.57434,143.00012,122.33844,128.85638,25.72097,906.84125,0.9713134765625,5892376230236731962,cc9d677e92197d6404b65780558a6b59,1.3333333333333333,12.0
Train,Healthy,95c685566ab21f59.jpg,.jpg,946.44140625,True,,JPEG,RGB,4000,3000,1,124.494446,148.14496,117.97884,137.63336,47.211628,1037.7582,0.896240234375,16486790436107360922,74866eeca6b11452977a563ac9d00939,1.3333333333333333,12.0
Train,Healthy,95c86878e7c2e764.jpg,.jpg,1281.267578125,True,,JPEG,RGB,4000,2672,1,90.54402,117.05592,68.72791,103.6234,73.6389,2112.0452,0.9825932017543859,15109841605403407434,d313fee2447acb492670001dd9fdbeba,1.4970059880239521,10.688
Train,Healthy,95cd695ad68c78a4.jpg,.jpg,1044.5302734375,True,,JPEG,RGB,4000,3000,1,84.360535,147.11305,106.25903,123.68832,38.028008,878.1352,0.9974161783854166,17508512062452094285,0cae886d9107cd126f76df63aa1e4dc3,1.3333333333333333,12.0
Train,Healthy,95df116a2a61fc29.jpg,.jpg,1160.9345703125,True,,JPEG,RGB,4000,2672,1,104.83399,127.93887,71.76946,114.627945,63.091618,2334.3208,0.965140716374269,10969702581190446812,787f90abf06fe09888e1c69bdd462b6c,1.4970059880239521,10.688
Train,Healthy,95e1ca93ea95256c.jpg,.jpg,958.0810546875,True,,JPEG,RGB,4000,2672,1,106.889366,142.8653,110.394646,128.40524,28.319841,1506.2764,0.886421783625731,15842703291109112933,b4df1b0b7cc9630cdbe92292ccb2f6ed,1.4970059880239521,10.688
Train,Healthy,95e3c8ec6c0d927a.jpg,.jpg,780.931640625,True,,JPEG,RGB,4000,3000,1,98.85433,141.46675,110.1719,125.157776,47.375214,871.8892,0.9552205403645834,3718453174806000244,95eb5e7a93a29599aa7b50bc0f6ce01d,1.3333333333333333,12.0
Train,Healthy,95e633360a0fe539.jpg,.jpg,1212.921875,True,,JPEG,RGB,4000,3000,1,88.245384,140.01064,121.05432,122.36887,36.178017,1258.6863,0.8740641276041666,14806928351952648888,5c24466913503e0db1eb83b9ce65874a,1.3333333333333333,12.0
Train,Healthy,95ead0c1864ee796.jpg,.jpg,959.0439453125,True,,JPEG,RGB,4000,2672,1,121.56462,169.82365,125.47581,150.33388,39.342155,1113.1576,0.9656204312865497,10204732878805957884,15a88d62ec61177609e67cee2ec44038,1.4970059880239521,10.688
Train,Healthy,95ec69d324a95aac.jpg,.jpg,763.61328125,True,,JPEG,RGB,4000,2672,1,119.54085,159.2904,99.800095,140.62105,35.198776,1262.4114,0.9744152046783626,1593353866745256668,26c6dc2d1c566a1d6d5ced34583ff1b8,1.4970059880239521,10.688
Train,Healthy,95f001e87e7562e3.jpg,.jpg,1017.578125,True,,JPEG,RGB,4000,3000,1,81.46397,141.04857,113.99351,120.14677,31.934978,1166.3862,0.9489339192708334,11428618786670171260,958655c58dd36a5801fcd40040e528f0,1.3333333333333333,12.0
Train,Healthy,95f1ea92663864b5.jpg,.jpg,926.7197265625,True,,JPEG,RGB,4000,2672,1,78.82922,113.47135,107.10172,102.38658,28.298836,927.1153,0.7277732090643275,10131570971358294339,9a3b487e225b90b4c48c83a2b5677a45,1.4970059880239521,10.688
Train,Healthy,95f7ff5d0a1c0818.jpg,.jpg,814.3896484375,True,,JPEG,RGB,4000,2672,1,121.15467,160.54182,106.97254,142.66089,29.887897,1161.8394,0.9635645102339181,5642595709616304829,570e5722604c872ea07595b5b56ff132,1.4970059880239521,10.688
Train,Healthy,96a6d2e993318b47.jpg,.jpg,1023.021484375,True,,JPEG,RGB,4000,3000,1,95.37919,146.94102,127.18412,129.27148,43.86287,1092.8407,0.80609130859375,4351854199897800424,11df4d5f9600ef1ee19fc08f1fd97eda,1.3333333333333333,12.0
Train,Healthy,96a738204ddf9cd1.jpg,.jpg,805.9453125,True,,JPEG,RGB,4000,2672,1,119.56988,149.2956,84.97451,133.07555,53.17691,1655.4406,0.9189967105263158,5678045600068483377,db88fb9cb8f7bb2a11977b3589a21fd8,1.4970059880239521,10.688
Train,Healthy,96b14bd8d361694b.jpg,.jpg,839.9931640625,True,,JPEG,RGB,4000,2672,1,97.85492,126.67939,67.75174,111.34074,67.64183,1013.8653,0.9705089546783626,8790004942458905961,c2c90adb3d8f0a5dd5a9fce1f1a30c29,1.4970059880239521,10.688
Train,Healthy,96b4b5b5615d4962.jpg,.jpg,975.666015625,True,,JPEG,RGB,4000,2672,1,110.64986,158.47177,109.84085,138.62802,37.354546,1366.4833,0.9632218567251462,11420273170279573641,5b534236e7fd5a65042c513cfebce765,1.4970059880239521,10.688
Train,Healthy,96b60cbdacd5948a.jpg,.jpg,689.5478515625,True,,JPEG,RGB,4000,2672,1,118.715485,160.72517,95.22581,140.6955,27.037457,972.9596,0.9913194444444444,8385119096671887589,484304b6b93f8c6bca7cf248dbaa544a,1.4970059880239521,10.688
Train,Healthy,96b625968ba9bea0.jpg,.jpg,674.724609375,True,,JPEG,RGB,4000,2672,1,99.217834,133.09315,78.54109,116.742256,42.335037,960.5158,0.9797377558479532,8963487018800708251,346b3840ccc109c0b1b0c8d65c6b5f84,1.4970059880239521,10.688
Train,Healthy,96b9a211c73b606f.jpg,.jpg,734.255859375,True,,JPEG,RGB,4000,2672,1,127.59311,166.00371,86.632904,145.46623,28.94673,780.7211,0.9938322368421053,10240806755361126636,3f36ec18309caabe001ea63d7bca453f,1.4970059880239521,10.688
Train,Healthy,96ba4ad986a24c7d.jpg,.jpg,772.1171875,True,,JPEG,RGB,4000,2672,1,122.3954,162.83388,82.37358,141.56702,34.534122,880.8244,0.9750548245614035,4340393053016345828,c71d9efec7475f923f3bf765220273cc,1.4970059880239521,10.688
Train,Healthy,96cf8012697f3c78.jpg,.jpg,998.7724609375,True,,JPEG,RGB,4000,2672,1,117.93167,168.18823,108.763664,146.39006,35.239002,1459.9152,0.9975557383040936,6433775239921712314,412fa64220208d657d6d647baa01d434,1.4970059880239521,10.688
Train,Healthy,96d1a52dac752237.jpg,.jpg,979.0224609375,True,,JPEG,RGB,4000,2672,1,76.081,134.18092,112.408806,114.327896,35.265347,1084.6416,0.9181743421052632,8570571855770252902,261beecb80a346faa7bb28ab4f01eba3,1.4970059880239521,10.688
Train,Healthy,96d88e1f6a9e4986.jpg,.jpg,1028.8828125,True,,JPEG,RGB,4000,3000,1,81.02384,144.61145,118.133606,122.57882,36.778706,1535.0742,0.9639485677083334,6969896619196837068,327c988735126d9173ce831f39ab2988,1.3333333333333333,12.0
Train,Healthy,96d969468ccd9565.jpg,.jpg,802.638671875,True,,JPEG,RGB,4000,2672,1,116.067276,154.54063,85.69734,135.1887,56.36199,1219.8639,0.9568485014619883,17327630886227430935,787d0f8af4f35fcad66233ccdd2ae197,1.4970059880239521,10.688
Train,Healthy,96dbc812c2eab36c.jpg,.jpg,661.7666015625,True,,JPEG,RGB,4000,2672,1,119.28438,151.04181,90.4603,134.63686,34.33488,1150.378,0.9446957236842105,9327581880290912166,2032b617f373d21d21bdd0d7162009bb,1.4970059880239521,10.688
Train,Healthy,97a58fc648ae9878.jpg,.jpg,935.30859375,True,,JPEG,RGB,4000,2672,1,126.29662,146.05339,77.5225,132.33144,44.01928,1929.6654,0.905610380116959,7225487419434102072,2327f9a344be7a3b061d58b6d37580b7,1.4970059880239521,10.688
Train,Healthy,97a6fa75d1c009e2.jpg,.jpg,870.8486328125,True,,JPEG,RGB,4000,2672,1,127.026245,164.19693,97.57943,145.48672,39.48777,1721.1188,0.9592013888888888,2048548384358402072,1d313ad7b4f0d5f3be60c017869ceb64,1.4970059880239521,10.688
Train,Healthy,97a83595219e3e53.jpg,.jpg,1088.7646484375,True,,JPEG,RGB,4000,2672,1,105.68492,156.74525,111.471924,136.31458,31.134817,1662.1251,0.9777046783625731,13591021251130873032,3963e2324788b8a32a515ff65e2d6836,1.4970059880239521,10.688
Train,Healthy,97abdad2485a4b25.jpg,.jpg,758.2998046875,True,,JPEG,RGB,4000,2672,1,129.3742,169.55716,82.690605,147.6391,42.79071,1407.4581,0.9433022660818714,17973380486894724273,fefb953af56a175c13a26d6dee77bb19,1.4970059880239521,10.688
Train,Healthy,97b0c3906729d7a5.jpg,.jpg,809.421875,True,,JPEG,RGB,4000,2672,1,110.79952,147.0547,86.66349,129.32674,28.657976,1353.1277,0.9761970029239766,15698535853682610761,b84ad6cecbaccd6b4455f18accf88f0d,1.4970059880239521,10.688
Train,Healthy,97b5e5ccc74c4544.jpg,.jpg,696.439453125,True,,JPEG,RGB,4000,2672,1,123.50528,161.95055,91.33674,142.40314,38.322964,1086.9647,0.9788697002923976,7358528265862784070,0155d57d0eecde324da9851fb484b32f,1.4970059880239521,10.688
Train,Healthy,97c0b0da91cbcb53.jpg,.jpg,994.486328125,True,,JPEG,RGB,4000,2672,1,124.905495,161.6188,118.364494,145.70915,36.111275,1790.3004,0.9472085160818714,10965254068022622490,d8ef930916da49b2eda6827abde9c669,1.4970059880239521,10.688
Train,Healthy,97c0d31d3c343b36.jpg,.jpg,658.5380859375,True,,JPEG,RGB,4000,2672,1,129.6472,161.50114,105.16073,145.55649,53.84497,1459.5739,0.9113669590643275,17350905460734721096,a6297af3c666fca80f7af0e135a0128f,1.4970059880239521,10.688
Train,Healthy,97c238b84983b5be.jpg,.jpg,1020.15234375,True,,JPEG,RGB,4000,3000,1,106.38712,130.68498,65.950745,116.0416,48.893238,2230.5168,0.92315673828125,4126648294140837140,2c10802f5d2e6852705552887b919c57,1.3333333333333333,12.0
Train,Healthy,97cb55ea1a31acb0.jpg,.jpg,919.556640625,True,,JPEG,RGB,4000,2672,1,101.866455,146.04144,91.42532,126.60588,29.951372,808.6182,0.9955683479532164,1748177704506854574,8be828c1f95970c95b01a6356362e3d6,1.4970059880239521,10.688
Train,Healthy,97cca368aee1e710.jpg,.jpg,896.7392578125,True,,JPEG,RGB,4000,2672,1,107.19609,161.11057,135.47739,142.06783,25.75945,1019.9577,0.9803088450292398,16318921300944673900,b8d30c4cccf25ea45739f9195972b75e,1.4970059880239521,10.688
Train,Healthy,97d96fd68296801e.jpg,.jpg,975.9111328125,True,,JPEG,RGB,4000,2672,1,97.99077,160.79729,107.14972,135.9034,28.085308,910.8684,1.0,7516781406100147278,6fc8ee516539cb424721e4c8a87663a4,1.4970059880239521,10.688
Train,Healthy,97f3cad16524509b.jpg,.jpg,1028.9892578125,True,,JPEG,RGB,4000,2672,1,105.716965,140.89978,105.73173,126.37267,27.481443,1158.7183,0.9726334064327485,7528149709940913380,c1b54c63e7427cf1312667d575240b89,1.4970059880239521,10.688
Train,Healthy,98a3667e4a19b476.jpg,.jpg,908.0263671875,True,,JPEG,RGB,4000,2672,1,100.60981,125.23661,72.16634,111.82289,64.09177,1635.8842,0.9457465277777778,18004149632853357217,d6e17d4c84ba11f561fdc5dc8853cb90,1.4970059880239521,10.688
Train,Healthy,98a589c066c8dbfb.jpg,.jpg,998.134765625,True,,JPEG,RGB,4000,2672,1,123.66781,162.9619,132.28374,147.71535,33.913475,1313.0911,0.9726105628654971,12895629443614161072,10093e6c7b94d6623f3f0d7c23958105,1.4970059880239521,10.688
Train,Healthy,98b039a386bbde07.jpg,.jpg,785.8486328125,True,,JPEG,RGB,4000,2672,1,104.21324,166.85042,126.608505,143.5295,25.737019,810.3862,0.9982410453216374,11507313822234399604,ec2f76cd2d9351624cfdb8c8dd2d29dd,1.4970059880239521,10.688
Train,Healthy,98ba1a557464cdb5.jpg,.jpg,881.8974609375,True,,JPEG,RGB,4000,2672,1,128.49016,164.23213,89.35065,145.00699,37.42472,1463.7974,0.9975328947368421,3546993343675430648,87d56527795ae2a9e0396fe936868e11,1.4970059880239521,10.688
Train,Healthy,98bfd5f08d00e0de.jpg,.jpg,992.673828125,True,,JPEG,RGB,4000,2672,1,114.15011,155.63309,82.86116,134.93538,33.053658,1123.7887,0.9897889254385965,4069048112937280930,83a779ce289f3c26cfdb3b728e681907,1.4970059880239521,10.688
Train,Healthy,98cd9966d30ec3e1.jpg,.jpg,673.5791015625,True,,JPEG,RGB,4000,2672,1,123.19646,149.13167,89.59786,134.58939,46.4922,1319.4598,0.9622624269005848,17343558400359708313,bb436f9ca21e790635a369eb0f98e322,1.4970059880239521,10.688
Train,Healthy,98d2ed0b33c866d9.jpg,.jpg,929.4462890625,True,,JPEG,RGB,4000,2672,1,105.72471,130.14824,77.021835,116.79162,51.557945,2377.089,0.9329084429824561,15794886531094229906,d57318bc9c7da8496536ce22974c2a9c,1.4970059880239521,10.688
Train,Healthy,98d8e3d2ce3074d9.jpg,.jpg,1099.5556640625,True,,JPEG,RGB,4000,2672,1,115.2934,137.83347,75.66765,124.007744,54.961296,2082.8684,0.9096993786549707,9921768310677757431,6e79e1cdc1fa4bc14ff9c08d10beeb3a,1.4970059880239521,10.688
Train,Healthy,98ddd09991a9370f.jpg,.jpg,806.4443359375,True,,JPEG,RGB,4000,2672,1,133.63644,171.0045,101.665436,151.9229,43.360325,1335.5378,0.9222176535087719,4087087013302368765,74e045f8b72d3dd84979563de199007c,1.4970059880239521,10.688
Train,Healthy,98e945d96424bb75.jpg,.jpg,782.7802734375,True,,JPEG,RGB,4000,2672,1,121.16523,151.71814,90.52547,135.60556,59.02794,1344.1848,0.9291164108187134,17490041051696179448,5fde97aae971b0bb7ee98b467a126d74,1.4970059880239521,10.688
Train,Healthy,99a9ed6694933354.jpg,.jpg,1034.5673828125,True,,JPEG,RGB,4000,2672,1,93.442825,120.288376,65.27264,105.989426,63.56215,2526.3162,0.9745522660818714,7166312436516598257,44d7252b887debb38f012a8f8a39d152,1.4970059880239521,10.688
Train,Healthy,99cbf69166724332.jpg,.jpg,922.119140625,True,,JPEG,RGB,4000,2672,1,102.65915,133.01668,58.979965,115.494835,59.340847,1429.5424,0.9755802266081871,6373539031023238269,05ed047ad74668bcdec792bc837d1494,1.4970059880239521,10.688
Train,Healthy,9a0b2a6175d666ce.jpg,.jpg,710.5166015625,True,,JPEG,RGB,4000,2672,1,105.40808,132.89577,78.50379,118.47167,40.45712,965.22626,0.9590414839181286,11221134054685981836,181265d10df1b6d34f09afbea8b952e4,1.4970059880239521,10.688
Train,Healthy,9a2f3cd04f7fa082.jpg,.jpg,793.828125,True,,JPEG,RGB,4000,2672,1,120.919685,157.70547,88.58614,138.82513,36.02531,1028.8229,0.9728161549707602,9024069524438924478,8c6bc32a6a15637d1f5d278bf7db2162,1.4970059880239521,10.688
Train,Healthy,9a35774c2aa6207f.jpg,.jpg,852.169921875,True,,JPEG,RGB,4000,2672,1,106.16541,143.18065,87.94782,125.81896,31.639307,1301.3817,0.9717881944444444,7816201359429298265,29dc548f11c9106d096d3c5c3db40008,1.4970059880239521,10.688
Train,Healthy,9a4b9bf1544567c4.jpg,.jpg,874.314453125,True,,JPEG,RGB,4000,2672,1,118.52332,149.58755,86.589134,133.11609,50.759937,1471.9689,0.9347130847953217,8735265451865356856,09b9add60253cc69014010477301240e,1.4970059880239521,10.688
Train,Healthy,9a6792be9da2b414.jpg,.jpg,811.1865234375,True,,JPEG,RGB,4000,2672,1,134.2564,175.36807,77.12934,151.87416,36.479527,1054.2268,0.9477339181286549,6726585026014575097,36820b8b663176c2a30a212af141ed1d,1.4970059880239521,10.688
Train,Healthy,9a71889a93779996.jpg,.jpg,691.416015625,True,,JPEG,RGB,4000,2672,1,120.3307,147.17703,82.7855,131.80794,45.624313,1431.3275,0.9239080774853801,11075233664311354677,b98cda56cdf6224c5368aa82b4641cc9,1.4970059880239521,10.688
Train,Healthy,9a9075e42e8f9ab1.jpg,.jpg,727.71875,True,,JPEG,RGB,4000,2672,1,102.4796,141.84343,70.25598,121.909904,44.971825,1249.5468,0.9647295321637427,14742807612541192809,f2c1ca3e06d1a0ab62a240313800eab3,1.4970059880239521,10.688
Train,Healthy,9a9f9a25945661d5.jpg,.jpg,733.763671875,True,,JPEG,RGB,4000,2672,1,133.11902,168.45552,105.91662,150.76035,45.999672,1350.0776,0.9437134502923976,8681226825954224312,44d6f34f3ecfce01ea29098648c55335,1.4970059880239521,10.688
Train,Healthy,9aa925f85a0d5ac7.jpg,.jpg,746.884765625,True,,JPEG,RGB,4000,2672,1,95.18892,133.50928,55.132446,113.113625,39.125095,1418.4504,0.982296235380117,12941040105178396284,fe47eb634b07797c4ab5b4941bcdc0a7,1.4970059880239521,10.688
Train,Healthy,9ac3c5851b3d75c2.jpg,.jpg,1142.8349609375,True,,JPEG,RGB,4000,3000,1,96.687805,135.51445,105.60984,120.49463,39.01952,1197.7837,0.9428914388020834,15186640669310203441,d3c42b0512b6f836027e7875f42eb909,1.3333333333333333,12.0
Train,Healthy,9af6d185bdc8660c.jpg,.jpg,521.505859375,True,,JPEG,RGB,4000,2672,1,137.96632,168.76498,129.59332,155.08878,51.99225,1142.7245,0.8570906432748538,11285067663413064635,22abbe56ba568d97127cd383059bcce6,1.4970059880239521,10.688
Train,Healthy,9af86d9953645836.jpg,.jpg,774.61328125,True,,JPEG,RGB,4000,2672,1,100.48216,133.41185,62.48602,115.47844,37.498764,1326.0314,0.9645924707602339,3705096800982067052,26756868aad9e2c3d31dca4ea91bae6b,1.4970059880239521,10.688
Train,Healthy,9b1667817e72266c.jpg,.jpg,856.37109375,True,,JPEG,RGB,4000,2672,1,115.08329,150.09306,77.443214,131.34105,41.743973,1289.6292,0.979577850877193,14770115289628269095,ffd4fed2552f9046c7f8f49cc14422c1,1.4970059880239521,10.688
Train,Healthy,9b39c824c7e531cb.jpg,.jpg,693.96875,True,,JPEG,RGB,4000,2672,1,115.83984,142.78961,100.52026,129.91354,59.56621,1214.0342,0.9596582602339181,5922684079702982881,bcd89db8395e8c405ce3b3704b7c5c08,1.4970059880239521,10.688
Train,Healthy,9b718db9041ce36e.jpg,.jpg,717.8662109375,True,,JPEG,RGB,4000,2672,1,136.78787,156.4973,92.12281,143.2635,63.1384,1218.4839,0.8952165570175439,3898157072165449835,d5571911708cc5053373a6e4f3d04e3d,1.4970059880239521,10.688
Train,Healthy,9b76398661307c5b.jpg,.jpg,1074.34375,True,,JPEG,RGB,4000,2672,1,101.98561,118.52504,68.105835,107.82911,62.905457,2445.9631,0.859078033625731,3492569883049212179,3aec3832b5cba092ae7f2de9cfc36b8b,1.4970059880239521,10.688
Train,Healthy,9b850760797fb614.jpg,.jpg,1081.8642578125,True,,JPEG,RGB,4000,2672,1,118.13939,140.79105,55.094666,124.248375,63.88624,2087.9111,0.9559347587719298,7124809207102917993,f953ab8c9e640c26e0b43e1a0e048971,1.4970059880239521,10.688
Train,Healthy,9b9079448919fa5f.jpg,.jpg,1044.6103515625,True,,JPEG,RGB,4000,2672,1,110.00448,139.9932,60.798862,122.00103,51.134823,1576.6378,0.9627421418128655,3646822753052794395,eaa6364e61ccffac801ea11edd2f0109,1.4970059880239521,10.688
Train,Healthy,9d3824db1a71c5ec.jpg,.jpg,1009.671875,True,,JPEG,RGB,4000,2672,1,98.25519,144.08055,81.41657,123.234055,38.933697,1661.8795,0.9847861842105263,4265954038047220325,e967127e810a78c857c5d8a161c2d65d,1.4970059880239521,10.688
Train,Healthy,9d48d164ee86678b.jpg,.jpg,843.48828125,True,,JPEG,RGB,4000,2672,1,131.79875,166.36452,111.98472,149.8297,45.817,1563.3644,0.9438505116959064,17444755238084836986,d8aeb6a66b87e74a44075887385ef399,1.4970059880239521,10.688
Train,Healthy,9d788a91891b8f79.jpg,.jpg,1038.0439453125,True,,JPEG,RGB,4000,2672,1,132.31888,169.92418,88.21535,149.36322,32.72983,1628.6532,0.9536275584795322,11073562524836886629,1398caa6619d4059013b7affd36e9da1,1.4970059880239521,10.688
Train,Healthy,9d7ddcd23087a542.jpg,.jpg,861.7236328125,True,,JPEG,RGB,4000,2672,1,121.831345,168.73047,103.04379,147.21909,35.512028,1475.0917,0.978641264619883,1877849856075659382,e1f95f82d852860406e1d1e23aa6b520,1.4970059880239521,10.688
Train,Healthy,9d90616795187aed.jpg,.jpg,910.58203125,True,,JPEG,RGB,4000,2672,1,111.9753,142.90933,90.747444,127.706985,61.389515,1738.595,0.9677220394736842,13743359577751233355,07cda3d9ae7c55beccb08757b5310a83,1.4970059880239521,10.688
Train,Healthy,9d929299e5c96cc5.jpg,.jpg,1041.07421875,True,,JPEG,RGB,4000,2672,1,121.64453,152.51181,87.179825,135.83047,43.87683,1894.4078,0.9451069078947368,17905324870031528514,de95b84582a1ad01836d1836bd697bbd,1.4970059880239521,10.688
Train,Healthy,9d9bb09c8b40db5a.jpg,.jpg,711.5927734375,True,,JPEG,RGB,4000,2672,1,129.60643,165.10193,89.77597,145.89825,34.926727,1044.7986,0.9637244152046783,8952692522253202638,e5b7e3eb0ed0d760e1cdb5076893edad,1.4970059880239521,10.688
Train,Healthy,9d9d4a4b97168e8a.jpg,.jpg,796.7744140625,True,,JPEG,RGB,4000,2672,1,119.502396,162.19289,66.79795,138.5506,32.86113,1271.1981,0.9878472222222222,8084309043532411493,8a154e5a21a952b45b3d7dab46acc353,1.4970059880239521,10.688
Train,Healthy,9db192eba5fca420.jpg,.jpg,793.53125,True,,JPEG,RGB,4000,2672,1,130.46895,170.84113,118.641495,152.81989,36.29769,1275.9413,0.9804230628654971,13446268777065048552,f60a0995d6084cf211a01fcf29c045fc,1.4970059880239521,10.688
Train,Healthy,9db34d659c134867.jpg,.jpg,761.19140625,True,,JPEG,RGB,4000,2672,1,100.19995,137.59503,55.774055,117.07961,42.788033,1399.9556,0.9896975511695907,12884404618673640114,8cc6f91ebb330cf66814d84f766b3558,1.4970059880239521,10.688
Train,Healthy,9db89d41603e0fb3.jpg,.jpg,859.8994140625,True,,JPEG,RGB,4000,2672,1,121.12569,162.79703,123.93594,145.90486,27.696999,1098.7692,0.9981496710526315,4049436027719282800,d4c534f895fef292be52690fa53ad9bb,1.4970059880239521,10.688
Train,Healthy,9dd6e871109407ef.jpg,.jpg,1053.5283203125,True,,JPEG,RGB,4000,2672,1,129.08896,160.34062,100.67567,144.19421,58.462593,1861.146,0.9764939692982456,4639099851886174898,0da7201d6bde16244902c4de45e4c4f9,1.4970059880239521,10.688
Train,Healthy,9dd9370b620d0ee3.jpg,.jpg,866.60546875,True,,JPEG,RGB,4000,3000,1,79.81311,131.09247,110.648155,113.429054,36.940365,884.03595,0.9237060546875,8084087717545336397,7772f840818a9660fdcf7712fcd98760,1.3333333333333333,12.0
Train,Healthy,9dd96a6e60863497.jpg,.jpg,1020.3876953125,True,,JPEG,RGB,4000,2672,1,107.38286,144.40298,112.25674,129.66875,25.830494,1173.8721,0.9618512426900585,3060823736772423047,56d6c5fe79272bd84cb649478e26eac1,1.4970059880239521,10.688
Train,Healthy,9de438c9654b0af5.jpg,.jpg,923.513671875,True,,JPEG,RGB,4000,2672,1,108.62121,160.91286,126.900604,141.4015,27.188547,1328.3816,0.9888980263157895,1600598414199976764,3d8954de6e040b031916b4c5e559af2b,1.4970059880239521,10.688
Train,Healthy,9de59a9c27c148d3.jpg,.jpg,964.2548828125,True,,JPEG,RGB,4000,2672,1,117.373764,146.28253,67.7691,128.68878,62.784744,2197.1282,0.9279057017543859,8537910951703279737,2b5312eb2cca9a7bfd0e9132620bc71c,1.4970059880239521,10.688
Train,Healthy,9dff08c36ca1037a.jpg,.jpg,1066.65625,True,,JPEG,RGB,4000,3000,1,91.9812,143.3642,122.08317,125.57609,34.1165,938.66016,0.8960164388020834,230277549771108577,f902e82965a96fd6137bb3a4c192ce3f,1.3333333333333333,12.0
Train,Healthy,9e004fca3675d63c.jpg,.jpg,1122.98828125,True,,JPEG,RGB,4000,2672,1,126.92585,158.2574,77.39613,139.67003,52.7532,2431.8252,0.9658488669590644,8728308469615653421,5ee5c289ded5d1cb00c79d41b4630145,1.4970059880239521,10.688
Train,Healthy,9e176c685df204ba.jpg,.jpg,890.98828125,True,,JPEG,RGB,4000,2672,1,106.8893,144.35753,88.57641,126.79667,34.131084,927.6781,0.9812911184210527,3782017052750232950,7935ab1295260062274c0b70a24c1f7c,1.4970059880239521,10.688
Train,Healthy,9e20ef2a2179d89d.jpg,.jpg,800.3857421875,True,,JPEG,RGB,4000,2672,1,131.86406,169.22655,108.27812,151.10583,35.65027,1250.1581,0.9838495979532164,6803862015878701092,a052602f0135bb5d4834f62f9fa6e57c,1.4970059880239521,10.688
Train,Healthy,9e21c4da3336bd52.jpg,.jpg,744.841796875,True,,JPEG,RGB,4000,2672,1,132.07559,158.26656,103.52565,144.19243,69.36445,1787.5166,0.9908168859649122,5607568870059551850,b96ea8cec94cebe869cbcdcccc819e8e,1.4970059880239521,10.688
Train,Healthy,9e2494d70b6db5c8.jpg,.jpg,720.240234375,True,,JPEG,RGB,4000,2672,1,123.04459,152.93599,88.61454,136.66402,55.310234,1683.5852,0.9355582967836257,9001604269454664112,b3ae3efe5379b3910df5ab698d2c6b93,1.4970059880239521,10.688
Train,Healthy,9e4a89cf5a4945b3.jpg,.jpg,891.1806640625,True,,JPEG,RGB,4000,2672,1,129.49411,160.84416,93.01882,143.73529,52.656685,2208.4023,0.9162554824561403,6947520119295065660,a7062bbe7d76df5ad3e3852dd99cc5c6,1.4970059880239521,10.688
Train,Healthy,9e65bc327c19d229.jpg,.jpg,1113.5927734375,True,,JPEG,RGB,4000,3000,1,125.88918,160.66608,124.02364,146.09123,41.02453,2087.418,0.9777628580729166,3920088193628125242,482bee3349796bc3719d092110b2c49d,1.3333333333333333,12.0
Train,Healthy,9e6b2a936acf8542.jpg,.jpg,1099.51171875,True,,JPEG,RGB,4000,2672,1,120.62996,146.82243,89.50203,132.45497,33.996,1452.3076,0.9232684576023392,8202713414347023397,2d55b16ca473edd19c89d4a9a6143588,1.4970059880239521,10.688
Train,Healthy,9e8288fe9a2d6d29.jpg,.jpg,796.169921875,True,,JPEG,RGB,4000,2672,1,110.097496,145.5209,85.43104,128.07692,42.379105,987.9051,0.9671737938596491,8490919911633628883,8a4b5c7ac27e403ee0b2a85e30da02cd,1.4970059880239521,10.688
Train,Healthy,9e8fccf26a27a130.jpg,.jpg,944.92578125,True,,JPEG,RGB,4000,2672,1,137.1521,161.02687,102.492966,147.21655,38.431667,1691.9061,0.9301443713450293,7017015585168567729,0cf62758557e24d9c1293b1e5cb5cb3c,1.4970059880239521,10.688
Train,Healthy,9e95d9290982fb6a.jpg,.jpg,800.033203125,True,,JPEG,RGB,4000,2672,1,122.88217,163.76125,79.43188,141.92303,26.188751,1465.044,0.9944490131578947,15581465684695623089,24be50999ee81384fb824c45985cc0b6,1.4970059880239521,10.688
Train,Healthy,9e9782773b183790.jpg,.jpg,1047.513671875,True,,JPEG,RGB,4000,3000,1,106.52633,131.74577,71.62783,117.35315,63.380745,1947.0869,0.96295166015625,3308663791548215729,973c29a34078937169827de1d8b6c361,1.3333333333333333,12.0
Train,Healthy,9e99dd8a8dd46238.jpg,.jpg,896.12890625,True,,JPEG,RGB,4000,2672,1,138.92458,167.11725,126.190125,154.02335,51.50386,2010.508,0.862687317251462,8177337899351352431,30167444779e1f9503374ba4f26e2bbd,1.4970059880239521,10.688
Train,Healthy,9edc590c03bd8b8b.jpg,.jpg,973.3173828125,True,,JPEG,RGB,4000,2672,1,108.63832,165.23814,133.09518,144.64969,29.46208,1499.8856,0.9836211622807017,3466707510041786472,7051bdeec4d62d7b2448bb03fdff1b6f,1.4970059880239521,10.688
Train,Healthy,9eea5a4f6d1c9098.jpg,.jpg,749.978515625,True,,JPEG,RGB,4000,2672,1,119.36438,154.24657,96.48988,137.2288,45.798435,1505.6176,0.9724278143274854,3558327674129382460,ef1524fed7bd24aabc88b542bd4a7c33,1.4970059880239521,10.688
Train,Healthy,9ef144c9da1a616d.jpg,.jpg,1026.4658203125,True,,JPEG,RGB,4000,2672,1,128.63736,156.62625,87.713585,140.40295,52.794373,2156.986,0.9062956871345029,12135686132182754789,1e996fc65db37bd906216097afa92e04,1.4970059880239521,10.688
Train,Healthy,9ef22a56e70c8ad2.jpg,.jpg,1016.005859375,True,,JPEG,RGB,4000,2672,1,98.61689,116.44963,48.539886,103.37872,50.968296,1689.6985,0.9156158625730995,17129635669030827351,49842c23379b453698aca100f9adcd78,1.4970059880239521,10.688
Train,Healthy,9f047ac44a6a1f6d.jpg,.jpg,1197.482421875,True,,JPEG,RGB,4000,2672,1,125.68227,158.53561,83.55067,140.16391,48.23785,2222.2798,0.9977841739766082,4052252635786918457,bbf0465f28853cc9d71270dcf07a0041,1.4970059880239521,10.688
Train,Healthy,9f2174f703ca3961.jpg,.jpg,792.8447265625,True,,JPEG,RGB,4000,2672,1,118.797516,151.45932,86.38909,134.27141,44.343136,1049.4899,0.9888066520467836,10249825452390097198,83705cdf7e063686e25e3b40e23b06e4,1.4970059880239521,10.688
Train,Healthy,9f227a89b64a42f9.jpg,.jpg,1078.341796875,True,,JPEG,RGB,4000,2672,1,114.613945,136.08418,88.02149,124.181786,61.01269,1493.2463,0.9115725511695907,12776445152624538428,e5745a907515268fd8761d1ac885efbc,1.4970059880239521,10.688
Train,Healthy,9f696aa90869fc23.jpg,.jpg,957.4697265625,True,,JPEG,RGB,4000,2672,1,105.47597,161.99164,133.59604,141.85915,27.72356,1536.3889,0.996984649122807,12926567548248288356,10150d1f0a9cf8741c7483ccd80f192c,1.4970059880239521,10.688
Train,Healthy,9f81ea811f3d3278.jpg,.jpg,1069.69140625,True,,JPEG,RGB,4000,3000,1,88.72158,144.64482,120.91744,125.2205,28.508533,955.07715,0.9022013346354166,17502989789111988785,c88a5b8bf68044eb11580f8a69b7e8dc,1.3333333333333333,12.0
Train,Healthy,9f9c55656a4592b2.jpg,.jpg,861.6015625,True,,JPEG,RGB,4000,2672,1,113.13123,145.52377,80.099915,128.3788,58.26647,1370.9346,0.9749177631578947,8246365114657626705,b0208096adf20955dc62fdb1bf9a3946,1.4970059880239521,10.688
Train,Healthy,9f9fc8097da181d2.jpg,.jpg,879.5888671875,True,,JPEG,RGB,4000,2672,1,96.04692,117.04913,59.33258,104.18948,45.173603,1744.9695,0.9581277412280702,8102095019010919169,0b0c49e923f1eb70dda9fa3ac0f044ec,1.4970059880239521,10.688
Train,Healthy,9fa495beda4d0055.jpg,.jpg,682.642578125,True,,JPEG,RGB,4000,2672,1,149.18024,175.05377,131.71405,162.37947,45.413445,1189.8966,0.9082830774853801,18374367858553614961,10345d77fbdcda5b3d0b3f6edac8320e,1.4970059880239521,10.688
Train,Healthy,9fcb68a0fc2a60ae.jpg,.jpg,1013.8154296875,True,,JPEG,RGB,4000,2672,1,102.54984,127.87847,75.40392,114.32296,60.651337,2175.1394,0.9183799342105263,11775356636412262206,03a5c64e986904435d5d128e7a1a3e10,1.4970059880239521,10.688
Train,Healthy,9fcd0929d22d3353.jpg,.jpg,808.8818359375,True,,JPEG,RGB,4000,2672,1,105.203926,128.7919,69.084335,114.93208,55.643772,1495.5754,0.9636558845029239,15073662802048481913,a3eb5c640d26ecd49b2014b0970ee067,1.4970059880239521,10.688
Train,Healthy,9fd08acafc84e664.jpg,.jpg,859.892578125,True,,JPEG,RGB,4000,2672,1,118.07904,145.45796,57.674,127.2637,42.653748,1439.7283,0.969983552631579,12788373830505560447,5e1435efd36c5589f24745f2ac0e8e00,1.4970059880239521,10.688
Train,Healthy,9fd400d5d66976a2.jpg,.jpg,867.3720703125,True,,JPEG,RGB,4000,2672,1,116.92272,164.69067,133.43243,146.84293,24.51261,983.5998,0.9845120614035088,13850852670483639273,a793c21f1be506115720f6fe6993c114,1.4970059880239521,10.688
Train,Healthy,9fd72a18e1691527.jpg,.jpg,937.7705078125,True,,JPEG,RGB,4000,2672,1,90.00025,106.023186,58.74045,95.85051,76.17962,1800.3021,0.9518457602339181,8676303784675390267,657b72b7e8a80eda995b17cd8f5ef46a,1.4970059880239521,10.688
Train,Healthy,9fd8a0ed6cc0b352.jpg,.jpg,1101.802734375,True,,JPEG,RGB,4000,2672,1,114.442825,154.16005,72.65513,132.99068,41.27541,2066.1846,0.9920504385964912,3690814700772379852,3a333dfdfac64777a95c2a4a77a1ef66,1.4970059880239521,10.688
Train,Healthy,9fe174c9e157850a.jpg,.jpg,1020.1982421875,True,,JPEG,RGB,4000,2672,1,123.42521,168.02307,89.32098,145.71231,28.295637,1297.5643,0.9838724415204678,295368890768374844,b94cc5582ff0f7a2f69165153b3cda90,1.4970059880239521,10.688
Train,Powdery,802f7439ec1ef0cd.jpg,.jpg,927.072265625,True,,JPEG,RGB,4000,2672,1,125.59679,137.0299,109.353615,130.46011,50.451897,1447.8795,0.8856451023391813,3155873120533197988,be97363859befc58885d2ec5aa12bd20,1.4970059880239521,10.688
Train,Powdery,806d7d0df8cae3c2.jpg,.jpg,1082.2392578125,True,,JPEG,RGB,4000,2672,1,132.28313,141.5801,111.59055,135.38171,33.027668,2115.9211,0.7929915935672515,8310492173950317724,cb735af5dc7ebab1f0a2e85c24285ab4,1.4970059880239521,10.688
Train,Powdery,81352f0c4c5efa9b.jpg,.jpg,702.083984375,True,,JPEG,RGB,4000,2672,1,128.87798,146.62003,106.84279,136.78111,39.432213,1090.933,0.9356953581871345,3917737504935603155,e0e973602a783989bd54ad8a2d8ee59b,1.4970059880239521,10.688
Train,Powdery,8192743f44f1d9ad.jpg,.jpg,772.2392578125,True,,JPEG,RGB,4000,2672,1,124.98714,157.30704,101.85723,141.3189,39.67876,605.5985,0.9819307383040936,5678716882802377378,3703084ad08f31efa7a16158953af312,1.4970059880239521,10.688
Train,Powdery,820a7abd7594fc45.jpg,.jpg,793.787109375,True,,JPEG,RGB,4000,2672,1,125.9279,149.78455,109.51183,138.05663,42.735943,961.49207,0.9607090643274854,4317242090778354884,d3771f4a7c4bae3c410407f7eed63b44,1.4970059880239521,10.688
Train,Powdery,828d2f4a91754ddb.jpg,.jpg,1017.8076171875,True,,JPEG,RGB,4000,2672,1,128.58939,152.19664,103.37991,139.57317,32.59865,1609.2372,0.9892863669590644,17574069962319154509,113e537d0e9d93ae1bb8a92a81a03ac6,1.4970059880239521,10.688
Train,Powdery,8299723bc94df5a8.jpg,.jpg,890.263671875,True,,JPEG,RGB,4000,2672,1,123.032715,146.4773,110.03902,135.30621,43.564865,1304.5765,0.8610654239766082,11090594512128208332,6bae233019c6c6fa826860a6f786eaf9,1.4970059880239521,10.688
Train,Powdery,829a171f2d71c3e5.jpg,.jpg,746.3076171875,True,,JPEG,RGB,4000,2672,1,136.0506,159.1501,115.9611,147.30916,30.540749,915.70776,0.9582876461988304,8915343561535899334,f02ab12562ccfea912f150d43cf53ec1,1.4970059880239521,10.688
Train,Powdery,831a34829dce73f3.jpg,.jpg,931.6259765625,True,,JPEG,RGB,4000,2672,1,128.0437,156.80988,97.046394,141.39389,27.244919,819.89545,0.9953170687134503,17678117155289941646,7c3e59d3d07f822696b007d9ad95af73,1.4970059880239521,10.688
Train,Powdery,83217f38e476ce52.jpg,.jpg,890.55859375,True,,JPEG,RGB,4000,2672,1,118.33724,147.37439,109.9375,134.42212,37.457386,888.0166,0.9433251096491229,17256602747352471905,7c69c83cc4677da8e7800fb50e00531c,1.4970059880239521,10.688
Train,Powdery,8382d879b75e2ac5.jpg,.jpg,720.9404296875,True,,JPEG,RGB,4000,2672,1,136.76176,157.14342,132.60854,148.24776,45.287716,1353.4119,0.9074150219298246,15695587779865071778,69e216c9d16dcdcab3f2cc7c9fefdf27,1.4970059880239521,10.688
Train,Powdery,8393326b99d9c63c.jpg,.jpg,899.9296875,True,,JPEG,RGB,4000,2672,1,129.06972,146.91422,113.568596,137.77518,34.07862,1341.889,0.9419544956140351,6471106219326378357,22736c00740a3453cb79b4c884349e90,1.4970059880239521,10.688
Train,Powdery,839639e5de98514b.jpg,.jpg,847.1484375,True,,JPEG,RGB,4000,2672,1,123.64821,146.45229,111.750206,135.6733,35.050697,1073.4263,0.9585160818713451,14738550609255766905,e07ee54e6e483108e4eccc26edef6e0f,1.4970059880239521,10.688
Train,Powdery,839b68005e67d5db.jpg,.jpg,794.7314453125,True,,JPEG,RGB,4000,2672,1,130.8778,150.60966,110.55257,140.13806,29.777533,771.2043,0.9266036184210527,10500523894006663011,3cecfa5de929e901ff7ce00ec761e198,1.4970059880239521,10.688
Train,Powdery,839b78511eb468be.jpg,.jpg,1029.08203125,True,,JPEG,RGB,4000,2672,1,120.09747,143.08965,110.71007,132.52081,51.563473,1042.2356,0.8669362207602339,6361734579015495333,3bf59f3d93c536ec01543c22abd52b7c,1.4970059880239521,10.688
Train,Powdery,845a35eab620d1bf.jpg,.jpg,959.7705078125,True,,JPEG,RGB,4000,2672,1,134.05827,151.46927,111.34147,141.68512,32.067898,1397.6187,0.9112070540935673,15994798742935627462,7660610444bf1169fdbc47d08307af5f,1.4970059880239521,10.688
Train,Powdery,85572bd46852a577.jpg,.jpg,911.96484375,True,,JPEG,RGB,4000,2672,1,121.79466,148.47676,104.00101,135.42226,32.960842,1285.3992,0.9848090277777778,17361452364400490707,cfb3fca010d88112c92ff7e32e88244d,1.4970059880239521,10.688
Train,Powdery,8652368cba3f4cd3.jpg,.jpg,781.7314453125,True,,JPEG,RGB,4000,2672,1,117.16728,134.65314,90.82312,124.42882,63.360313,1363.0776,0.9038285818713451,3212414182794610397,400b0d25d59cb18295cbb1694f19d95a,1.4970059880239521,10.688
Train,Powdery,868e664dd46569b9.jpg,.jpg,879.3193359375,True,,JPEG,RGB,4000,2672,1,119.0929,137.01562,111.019325,128.69292,51.48325,992.21576,0.8546463815789473,16639105128435189420,c2dad22abf1770cfc525cdd51ddc7b0c,1.4970059880239521,10.688
Train,Powdery,8707b1d867e3788c.jpg,.jpg,850.6669921875,True,,JPEG,RGB,4000,2672,1,139.5777,150.7324,117.38985,143.59494,30.571644,814.6305,0.7316109283625731,15737947960315595468,da4178eab3b256181da13e627b3216e4,1.4970059880239521,10.688
Train,Powdery,876c42376362bd69.jpg,.jpg,969.1015625,True,,JPEG,RGB,4000,2672,1,123.86161,159.85258,121.25039,144.69177,35.349827,1258.1853,0.9612116228070176,14899934153473312992,62d2811e29b0fc6b54edb77ee41485b2,1.4970059880239521,10.688
Train,Powdery,8781dcd12a57aec5.jpg,.jpg,915.6015625,True,,JPEG,RGB,4000,2672,1,136.88005,154.66817,114.55795,144.77733,36.29333,1499.5214,0.8570449561403509,15050727373655536748,abf76a2df40882a9ba207f6a2fa25bee,1.4970059880239521,10.688
Train,Powdery,87f2388ddbd0aa16.jpg,.jpg,848.28125,True,,JPEG,RGB,4000,2672,1,117.47412,151.45648,97.543175,135.14958,34.745335,712.2708,0.9981496710526315,2113715895257199718,f1beefe41bac23259b94194c29fa0958,1.4970059880239521,10.688
Train,Powdery,886f2ea5bdd5a121.jpg,.jpg,794.9482421875,True,,JPEG,RGB,4000,2672,1,125.82401,154.20943,100.36947,139.58134,30.403482,808.22174,0.9955683479532164,8318660269823030769,3d77a55fb583c5419b297c2d70c85301,1.4970059880239521,10.688
Train,Powdery,88f61237cc354c9f.jpg,.jpg,865.2626953125,True,,JPEG,RGB,4000,2672,1,110.07472,152.38657,118.13805,135.83037,45.127018,860.9899,0.8742004751461988,3286984118338246833,f6f6d0f3bdc266542d36a9b0446525c4,1.4970059880239521,10.688
Train,Powdery,89838699a3e3f2a7.jpg,.jpg,724.705078125,True,,JPEG,RGB,4000,2672,1,115.878174,152.30489,116.887085,137.3737,39.953785,955.96216,0.9595897295321637,15812957190858339060,8dd6447b989d7c18c16f8a9cce0ab6fb,1.4970059880239521,10.688
Train,Powdery,8998c78e92ee1bc6.jpg,.jpg,689.7880859375,True,,JPEG,RGB,4000,2672,1,142.38078,163.03241,102.56426,149.96361,44.687164,960.79645,0.9486705043859649,16281273393984292802,bacae9fd5de4bba285a367a1f63694c6,1.4970059880239521,10.688
Train,Powdery,899e3b7cc043cecc.jpg,.jpg,864.8056640625,True,,JPEG,RGB,4000,2672,1,118.91525,148.94843,119.423546,136.59962,43.973125,776.1504,0.914359466374269,8157268806325820371,8b24c01a07c57ac0a23d167fd6e4c227,1.4970059880239521,10.688
Train,Powdery,89b9f1911ee6126e.jpg,.jpg,761.5966796875,True,,JPEG,RGB,4000,2672,1,133.63092,157.81438,99.65609,143.94963,39.96853,1797.0383,0.91890533625731,1915027609575605561,faf5767eee94e4034b01aff18c011805,1.4970059880239521,10.688
Train,Powdery,89f63639b00fdb03.jpg,.jpg,844.158203125,True,,JPEG,RGB,4000,2672,1,129.80997,145.1529,108.44207,136.37866,35.447117,600.48126,0.8878609283625731,13593097274622431737,43ba838cded405e61204cb8292acd720,1.4970059880239521,10.688
Train,Powdery,8a2d598f2ec436e6.jpg,.jpg,1034.044921875,True,,JPEG,RGB,4000,2672,1,127.423386,149.54329,113.922905,138.8671,53.67104,1566.2953,0.8832693713450293,8357499998247182761,9715fa938c2af3be54fef07d5c76419c,1.4970059880239521,10.688
Train,Powdery,8a55853d77b262d2.jpg,.jpg,748.5498046875,True,,JPEG,RGB,4000,2672,1,143.14362,159.04485,128.82344,150.84384,45.044186,824.4081,0.8564738669590644,6121423001057751495,687f183515788629d7b5164b22458c76,1.4970059880239521,10.688
Train,Powdery,8a9ed96e66850ba5.jpg,.jpg,856.8935546875,True,,JPEG,RGB,4000,2672,1,120.801834,159.37215,119.05761,143.24426,36.87688,692.0957,0.9895376461988304,16841767044769239249,f674b5aadf89ccfe5d02ca46c1c2443d,1.4970059880239521,10.688
Train,Powdery,8aa51a1fa0eb6db8.jpg,.jpg,775.388671875,True,,JPEG,RGB,4000,2672,1,132.94278,160.9568,108.85999,146.63792,38.381546,939.66174,0.970828764619883,15707591913991522705,972291b558fcb32965eab6cdd347483f,1.4970059880239521,10.688
Train,Powdery,8abd0e2f60929dec.jpg,.jpg,953.8896484375,True,,JPEG,RGB,4000,2672,1,110.21071,160.96599,113.14026,140.3323,29.195219,626.85944,0.9963450292397661,12930802760553855409,5c69bcfcf28bd5750a077ea736f8d0c4,1.4970059880239521,10.688
Train,Powdery,8b43f83043fb417b.jpg,.jpg,968.9658203125,True,,JPEG,RGB,4000,2672,1,118.636444,136.44211,101.68529,127.155266,49.92664,1269.8323,0.8787691885964912,14548811809424290357,88ac23a965c5df16ffbbeed503f06b6f,1.4970059880239521,10.688
Train,Powdery,8b697510da58e753.jpg,.jpg,938.9677734375,True,,JPEG,RGB,4000,2672,1,116.346375,148.91481,108.49655,134.56526,50.597725,1070.195,0.9967562134502924,10612385015456004963,2e250e67a04afba22f917019821f2a8a,1.4970059880239521,10.688
Train,Powdery,8b741acf9c3342ae.jpg,.jpg,808.6357421875,True,,JPEG,RGB,4000,2672,1,125.72008,145.07797,113.441795,135.68062,40.460316,1016.50055,0.9063870614035088,8175102720668298169,4a1a150d7789bccd6a1f954dce123ced,1.4970059880239521,10.688
Train,Powdery,8b7569be32192c1e.jpg,.jpg,1003.2939453125,True,,JPEG,RGB,4000,2672,1,114.44033,128.68056,87.01967,119.67537,63.495754,1183.6166,0.9643411915204678,6040298353158517753,a7765cda9c923f1ba532b4a0c6230aec,1.4970059880239521,10.688
Train,Powdery,8c4e87ce6d816ec3.jpg,.jpg,837.4833984375,True,,JPEG,RGB,4000,2672,1,131.15009,160.71172,101.87525,145.16281,38.50058,823.1027,0.9798062865497076,7485529799037153726,f36f2bcda9cabc7a091c29ee8f7295bd,1.4970059880239521,10.688
Train,Powdery,8c8675728b866c7d.jpg,.jpg,876.0732421875,True,,JPEG,RGB,4000,2672,1,116.222336,150.58984,124.74143,137.36465,35.694363,1068.4226,0.9445358187134503,10273967369745964178,df3e7c30bd1165fda3430f876637633f,1.4970059880239521,10.688
Train,Powdery,8cac3723f1aa3d8a.jpg,.jpg,776.587890625,True,,JPEG,RGB,4000,2672,1,134.82692,155.88074,121.78056,145.69669,32.497875,1019.54114,0.9142452485380117,6296722727953685820,2467ca04768f9d747ba08b5d215fb513,1.4970059880239521,10.688
Train,Powdery,8ceaba5894836ee9.jpg,.jpg,912.5703125,True,,JPEG,RGB,2421,2279,1,143.60422,157.37303,130.60637,150.20355,33.811825,1036.4457,0.774896265560166,16994925403735125017,170a98fc8611dbf662aa4a7a68e4c14a,1.0623080298376482,5.517459
Train,Powdery,8cec462ef8f07b28.jpg,.jpg,886.2958984375,True,,JPEG,RGB,4000,2672,1,124.488304,142.89008,110.8358,133.73323,41.237156,952.0114,0.9131487573099415,11809461553548551405,aa6f393edfe014d8d1352b8e117306a9,1.4970059880239521,10.688
Train,Powdery,8d5d196058f3d627.jpg,.jpg,779.04296875,True,,JPEG,RGB,4000,2672,1,131.92453,159.39885,110.253105,145.57973,36.57347,765.2151,0.9893548976608187,10588638866269784059,41267289f486faca81d301c7c35213d6,1.4970059880239521,10.688
Train,Powdery,8d5d348133579b53.jpg,.jpg,983.1376953125,True,,JPEG,RGB,4000,2672,1,107.838036,121.09005,79.522865,112.38868,65.7378,1276.2861,0.9437591374269005,3672531443225126557,732fe0df84be10692b2553a4483c20bb,1.4970059880239521,10.688
Train,Powdery,8d60371bcfa4d338.jpg,.jpg,665.3349609375,True,,JPEG,RGB,4000,2672,1,114.79543,135.62463,101.99671,125.556404,46.431923,736.74335,0.8376279239766082,15119369975082024550,469a19b0f9c0fbda1a89b8a4e8be31d5,1.4970059880239521,10.688
Train,Powdery,8d66329bc5a6512f.jpg,.jpg,867.4560546875,True,,JPEG,RGB,4000,2672,1,124.89129,155.40619,108.074425,140.8828,37.363667,1090.7556,0.9749177631578947,4639946656068123638,7a0dd583dc1aa68314216708edee7db1,1.4970059880239521,10.688
Train,Powdery,8d6e90e657c1d8ca.jpg,.jpg,927.2509765625,True,,JPEG,RGB,4000,2672,1,125.946686,152.93025,130.72972,142.32492,47.098454,933.97205,0.9800804093567251,8121032406244715160,67d454260c63fc96bc00ae0c4b0cd9ac,1.4970059880239521,10.688
Train,Powdery,8d84b561666e8eb9.jpg,.jpg,628.857421875,True,,JPEG,RGB,4000,2672,1,126.678085,144.29153,114.77165,135.65657,54.42654,981.248,0.7744654605263158,16641610850659193456,ac943297da5abd93c3bca05465a56a40,1.4970059880239521,10.688
Train,Powdery,8d8a3de84bdca52c.jpg,.jpg,931.0078125,True,,JPEG,RGB,4000,2672,1,135.44545,152.21048,114.80871,142.9318,35.542778,1441.7875,0.8669590643274854,12963796184602392130,20ecc9639967092af4472c9da7d26d76,1.4970059880239521,10.688
Train,Powdery,8d9173c5b586ae0b.jpg,.jpg,888.6640625,True,,JPEG,RGB,4000,2672,1,120.18851,131.61725,92.437546,123.73394,65.978615,1351.9945,0.8785407529239766,15462181276716590381,82c5a4b79527354130e6f46ec106d321,1.4970059880239521,10.688
Train,Powdery,8d93735ada92342e.jpg,.jpg,457.9267578125,True,,JPEG,RGB,4000,2672,1,127.56337,150.10754,102.80503,137.97711,38.698364,527.18,0.954655519005848,15693891246876709827,7c38c7446196ac1d058a7884f85eb608,1.4970059880239521,10.688
Train,Powdery,8d9e40b6ad51753a.jpg,.jpg,1004.1630859375,True,,JPEG,RGB,4000,2672,1,117.11739,142.05629,101.20125,129.93777,42.935642,1363.572,0.9498812134502924,12894351582475645426,3be9cb571ac2183dd89584ddf2791522,1.4970059880239521,10.688
Train,Powdery,8dad7569d0b55b04.jpg,.jpg,944.3662109375,True,,JPEG,RGB,4000,2672,1,126.75898,147.13283,98.77026,135.52853,36.1062,1337.9832,0.9269234283625731,3636484560869626524,8a0057783175b611fe5dd92eea8a6b7c,1.4970059880239521,10.688
Train,Powdery,8dcf253899ed6324.jpg,.jpg,802.638671875,True,,JPEG,RGB,4000,2672,1,116.97323,148.222,123.8461,136.09346,35.848274,771.5594,0.9367690058479532,15268823903147763386,cb45110ae01ab43f10b10b9eb28a7ba3,1.4970059880239521,10.688
Train,Powdery,8dd32f7ace1204e5.jpg,.jpg,876.341796875,True,,JPEG,RGB,4000,2672,1,135.31697,161.8648,117.918106,148.914,31.391924,1036.3937,0.9923930921052632,7591638439513937654,855e03a67d189ee147b3cc93464d8d7f,1.4970059880239521,10.688
Train,Powdery,8dd8e6ce1eb28493.jpg,.jpg,890.828125,True,,JPEG,RGB,4000,2672,1,127.97341,154.12253,120.339935,142.4526,33.696507,922.8147,0.9740953947368421,11579513525971863174,f0902ab1b09489f52df1667bd2157b38,1.4970059880239521,10.688
Train,Powdery,8de3e321b1f96c03.jpg,.jpg,852.8515625,True,,JPEG,RGB,4000,2672,1,137.89343,163.46596,113.15625,150.08011,35.486546,968.50024,0.9419316520467836,14648856299429163936,9e0ae57d624f03defd71641f2f2e59a8,1.4970059880239521,10.688
Train,Powdery,8e099418216fefeb.jpg,.jpg,861.279296875,True,,JPEG,RGB,4000,2672,1,128.17212,156.40294,99.722565,141.50061,37.27992,840.8647,0.9757858187134503,17848723444324197820,b979f2ff0a77d1a1b3f1698b24940774,1.4970059880239521,10.688
Train,Powdery,8e4118e595e29f5e.jpg,.jpg,979.3994140625,True,,JPEG,RGB,4000,2672,1,127.202896,164.53767,121.857635,148.50648,33.058975,1146.8549,0.9938093932748538,17704038706897955121,1accb1831e5538dfc49d7bfafc1dc46a,1.4970059880239521,10.688
Train,Powdery,8e4c2456576bb52b.jpg,.jpg,867.005859375,True,,JPEG,RGB,4000,2672,1,107.50308,133.81184,103.51542,122.48465,51.47743,943.02606,0.8926580774853801,11971539165678467998,6998797b03712e7490c993e277018903,1.4970059880239521,10.688
Train,Powdery,8e8be69bc53038cb.jpg,.jpg,752.8984375,True,,JPEG,RGB,4000,2672,1,131.04518,155.6761,108.22291,142.901,34.308693,786.0518,0.9607547514619883,16531643266441487588,7be27793ec3c394459861c04994f30b9,1.4970059880239521,10.688
Train,Powdery,8eeeb0906e75a0e6.jpg,.jpg,744.224609375,True,,JPEG,RGB,4000,2672,1,125.94035,149.81113,105.93197,137.6716,39.84982,1277.1547,0.9794636330409356,11917056104979257501,9160d90992e3d2ceb23b9864eb967d83,1.4970059880239521,10.688
Train,Powdery,8f0d749f8cc01b3e.jpg,.jpg,878.935546875,True,,JPEG,RGB,4000,2672,1,123.58603,152.36162,100.725464,137.86746,38.727226,1121.1318,0.9689099049707602,9114144298662206900,d3fa62ec0af7e1e6b3ad1b67207cd050,1.4970059880239521,10.688
Train,Powdery,8f3a23ed1c27c097.jpg,.jpg,962.5556640625,True,,JPEG,RGB,4000,2672,1,123.05391,148.69627,90.11531,134.35162,43.18062,1186.9883,0.9261010599415205,7622845615790247661,189949fca08a1c5a47a82062b1f5793c,1.4970059880239521,10.688
Train,Powdery,8f4d343a8acde632.jpg,.jpg,773.7109375,True,,JPEG,RGB,4000,2672,1,125.31163,151.07504,111.161896,138.81483,38.194935,827.98145,0.8995796783625731,8607191304481102701,38f28ebab02608638207882af76c5d78,1.4970059880239521,10.688
Train,Powdery,8f838afd2c62b2c6.jpg,.jpg,1012.2109375,True,,JPEG,RGB,4000,2672,1,121.85709,152.06094,97.857635,136.84827,51.138836,1380.2947,0.997624269005848,7744463571888138609,9befde7e5faaa5ce21fbd3ef09bc5bdc,1.4970059880239521,10.688
Train,Powdery,8f9a3a96d131e5b0.jpg,.jpg,886.8466796875,True,,JPEG,RGB,4000,2672,1,121.938896,139.78719,96.05154,129.4658,48.062687,1199.8893,0.862641630116959,9041384106141054550,a45f02ad5d830636b5d669ac99548dd5,1.4970059880239521,10.688
Train,Powdery,90617a570fcaa29f.jpg,.jpg,944.662109375,True,,JPEG,RGB,4000,2672,1,105.86577,135.1937,127.084404,125.49518,52.944424,815.8101,0.5831734283625731,10204802622362529969,89acb1ca8abe0ae3540d53c833194526,1.4970059880239521,10.688
Train,Powdery,90693d3fa578d04d.jpg,.jpg,990.6533203125,True,,JPEG,RGB,4000,2672,1,114.75212,165.8856,150.50887,148.84512,35.68895,1448.5417,0.7952074195906432,11230211216711908854,52dafeea7f9d37e806f342f8db7afda0,1.4970059880239521,10.688
Train,Powdery,90847b2e9f6ec4e4.jpg,.jpg,884.1552734375,True,,JPEG,RGB,4000,2672,1,128.52408,157.03917,107.339,142.84677,33.317604,1015.7465,0.95609466374269,12815781057085612314,d9864a786bac375c8cee5b341b0be7ee,1.4970059880239521,10.688
Train,Powdery,908537e80ef843df.jpg,.jpg,953.75390625,True,,JPEG,RGB,4000,2672,1,127.507286,151.93791,102.90926,139.04187,47.951004,1435.0126,0.845828764619883,18185142437762677292,de3e6c8315535be72870155743b92053,1.4970059880239521,10.688
Train,Powdery,9093b515e96a578b.jpg,.jpg,945.947265625,True,,JPEG,RGB,4000,2672,1,128.73364,149.29457,102.60745,137.82253,52.67481,1086.3463,0.890625,4511755503622452663,a2682ee3c59b75eae30661f562cb329f,1.4970059880239521,10.688
Train,Powdery,909917d62acab74d.jpg,.jpg,778.322265625,True,,JPEG,RGB,4000,2672,1,124.737045,146.64433,115.07842,136.49632,44.68578,734.11707,0.932063230994152,13275726534307799148,642449d80601c8ab86666642a23324be,1.4970059880239521,10.688
Train,Powdery,90be392de8de9330.jpg,.jpg,913.78515625,True,,JPEG,RGB,4000,2672,1,121.21347,153.12575,106.865204,138.3056,33.659233,1072.1798,0.9973729897660819,4305120897779511962,5b0ad459c73e40ecd05fbd94ea4d114d,1.4970059880239521,10.688
Train,Powdery,90c6ef8cb8370bd2.jpg,.jpg,683.4755859375,True,,JPEG,RGB,4000,2672,1,132.45474,149.90308,97.839066,138.74957,49.560837,1377.6633,0.8654285453216374,12300716777502039227,dc7419d6cb24510ce14de3650d902994,1.4970059880239521,10.688
Train,Powdery,90e03c8f3b398d6e.jpg,.jpg,970.6376953125,True,,JPEG,RGB,4000,2672,1,126.043495,147.41278,104.21361,136.09789,35.09407,1975.3494,0.9878472222222222,11496707541353658872,e2eaedbfabfc8c01e05ceb78edbc1b6c,1.4970059880239521,10.688
Train,Powdery,9110cb3572d97dca.jpg,.jpg,651.216796875,True,,JPEG,RGB,4000,2672,1,135.88283,155.41936,114.22487,144.8803,41.959427,1131.2698,0.9360380116959064,11023880173104059105,4192928331b814405bf8a3fa851ab7a5,1.4970059880239521,10.688
Train,Powdery,91949748cdcba736.jpg,.jpg,821.1435546875,True,,JPEG,RGB,4000,2672,1,135.32497,158.83269,99.12964,144.99692,49.522686,894.5954,0.919499269005848,8700053789795276890,ce81d4aaf4591386c86d5e8c816bc347,1.4970059880239521,10.688
Train,Powdery,91a7ffb38048674c.jpg,.jpg,866.28125,True,,JPEG,RGB,4000,2672,1,140.01663,155.50464,118.73008,146.68398,35.91062,990.1663,0.9459978070175439,5718692680222423440,0d8b565b3a434016f73451a8ccd9c4c0,1.4970059880239521,10.688
Train,Powdery,923fd2cb9b0c6c61.jpg,.jpg,971.064453125,True,,JPEG,RGB,4000,2672,1,138.80884,147.98041,117.4195,141.75272,36.857975,1246.8198,0.691703216374269,6434725190260851864,74e29740f650c7a359e35d24c2244e4f,1.4970059880239521,10.688
Train,Powdery,927d4bc563915ccc.jpg,.jpg,864.5146484375,True,,JPEG,RGB,4000,2672,1,116.051765,159.85698,140.917,144.59976,24.083479,988.70447,0.8799113669590644,15739294670538467481,bce7be7f6f4621a06db1772ca8089432,1.4970059880239521,10.688
Train,Powdery,929072e6ce199767.jpg,.jpg,715.03125,True,,JPEG,RGB,4000,2672,1,127.088905,152.36548,123.68732,141.53468,30.278067,821.75604,0.978389985380117,14811733006047124267,0ddca272e7af9f4028a10ecbb09fe5a7,1.4970059880239521,10.688
Train,Powdery,92d62837f5c95c25.jpg,.jpg,613.9267578125,True,,JPEG,RGB,4000,2672,1,108.64277,142.66977,93.70457,126.91045,46.686172,753.9603,0.9939692982456141,17072550012823327153,c5868beb3d7d4dfd35c0cf370b843bae,1.4970059880239521,10.688
Train,Powdery,93831b7db531c0e5.jpg,.jpg,986.5048828125,True,,JPEG,RGB,4000,2672,1,102.77355,152.58719,145.42276,136.87598,30.526577,1296.746,0.608781067251462,8820803018186643832,312eaac9880acd32a4e4ef61dbd393db,1.4970059880239521,10.688
Train,Powdery,938b9e0d737b058c.jpg,.jpg,893.361328125,True,,JPEG,RGB,4000,2672,1,138.1983,167.54701,116.2619,152.92151,25.98876,1398.3344,0.9835069444444444,8896236652169930908,a10778b24e0e22188ca60a76b2cee612,1.4970059880239521,10.688
Train,Powdery,93d372ea6b94285c.jpg,.jpg,861.208984375,True,,JPEG,RGB,4000,2672,1,123.80361,151.2767,100.645584,137.28442,33.218952,656.83655,0.9688185307017544,11010429154518744156,4ca52c1a4a674ffaa3526b4d40abd90f,1.4970059880239521,10.688
Train,Powdery,94182aa9df56dab8.jpg,.jpg,790.7099609375,True,,JPEG,RGB,4000,2672,1,127.8458,143.6187,108.94003,134.95009,38.110516,604.0278,0.8625730994152047,17923961912645824108,87af376936affa4088c349b783d1b717,1.4970059880239521,10.688
Train,Powdery,941a7ab56b4a65c6.jpg,.jpg,958.75,True,,JPEG,RGB,4000,2672,1,80.234924,129.27342,123.07712,113.903145,48.875416,975.9026,0.5691246345029239,4123292728563229993,7751d6597cd196513e15019c8f608dba,1.4970059880239521,10.688
Train,Powdery,94433b7de4f60646.jpg,.jpg,842.36328125,True,,JPEG,RGB,4000,2672,1,123.59005,147.91516,106.52638,135.91795,40.10247,811.4965,0.9779559576023392,8708217736699228854,ca01b42e540898dc2e1191c53be55a6e,1.4970059880239521,10.688
Train,Powdery,94683cc4763a6b3b.jpg,.jpg,1003.314453125,True,,JPEG,RGB,4000,2672,1,137.5563,149.78764,119.62308,142.69104,28.42313,1247.801,0.9391218932748538,12012432800346188924,57a957fb739caafec6b488184fdb2bfb,1.4970059880239521,10.688
Train,Powdery,94e7cedc618c2927.jpg,.jpg,769.025390625,True,,JPEG,RGB,4000,2672,1,134.79527,161.84348,127.276085,149.81325,44.798737,1120.2659,0.8774671052631579,16459580888799519980,3accb51372d528f0781f3f8515faf88d,1.4970059880239521,10.688
Train,Powdery,94ea908dcdceec16.jpg,.jpg,867.734375,True,,JPEG,RGB,4000,2672,1,137.57101,159.59772,116.6472,148.11232,40.496628,1510.4518,0.9658488669590644,2728369129071770264,ee5a3e5ae4605c23385e0c52af54395b,1.4970059880239521,10.688
Train,Powdery,94f3be132f07818b.jpg,.jpg,798.8037109375,True,,JPEG,RGB,4000,2672,1,142.3683,156.59195,119.62066,148.12381,38.15847,976.74335,0.8284448099415205,6673372329920978038,612a6726cf2ada3df73a61120ac2b02f,1.4970059880239521,10.688
Train,Powdery,957b4bb4925b51c4.jpg,.jpg,868.1337890625,True,,JPEG,RGB,4000,2672,1,129.3936,158.355,105.96875,143.72008,37.95093,1059.0471,0.9713313230994152,6660369015413564149,9050c3052aed73488c4daa599b99614b,1.4970059880239521,10.688
Train,Powdery,958d2d6b3b3318ac.jpg,.jpg,747.830078125,True,,JPEG,RGB,4000,2672,1,116.21062,129.63501,105.18167,122.83685,59.82156,512.02075,0.8166118421052632,7666943337665453086,6472692d6c71dfa0d79fea0071c9c7a4,1.4970059880239521,10.688
Train,Powdery,95b34b89d005b4df.jpg,.jpg,859.4716796875,True,,JPEG,RGB,4000,2672,1,123.19586,159.54126,109.72174,142.99011,30.502954,1116.4402,0.9992233187134503,6650775329247224675,dd5f46b439db30f435079250596c21f9,1.4970059880239521,10.688
Train,Powdery,95cb3b9998371299.jpg,.jpg,1034.48046875,True,,JPEG,RGB,4000,2672,1,134.90192,150.55571,123.19778,142.75488,35.52331,1904.478,0.8856451023391813,6405469474698042908,1b0eb9b160d1a7019862bf73a47e9ec6,1.4970059880239521,10.688
Train,Powdery,9662e73258982d3f.jpg,.jpg,980.275390625,True,,JPEG,RGB,4000,2672,1,129.16977,152.19742,110.074585,140.50749,49.921234,1448.8885,0.9383680555555556,7911811597589706852,18f4e787c3bec18e31a6c1a037ff401d,1.4970059880239521,10.688
Train,Powdery,96a558b0e901ff63.jpg,.jpg,934.5322265625,True,,JPEG,RGB,4000,2672,1,132.62027,158.95583,93.60716,143.6316,36.280518,824.0846,0.9754431652046783,10679279648558070832,07b1c0fd14f7f25abc5603f1f01a1901,1.4970059880239521,10.688
Train,Powdery,96c03bfc8f8d60a3.jpg,.jpg,973.25390625,True,,JPEG,RGB,4000,2672,1,118.02615,153.39279,115.778854,138.51747,44.524662,795.54266,0.9666255482456141,7245391192717544557,8f288f3e532234b48fea8bbfa638c7b9,1.4970059880239521,10.688
Train,Powdery,9779c1be825e2c4a.jpg,.jpg,803.85546875,True,,JPEG,RGB,4000,2672,1,130.17467,158.00331,112.836075,144.53365,29.994411,1129.7744,0.9500868055555556,6761049060047867084,779f11e98b6fafb6b1d7c7137068b0ea,1.4970059880239521,10.688
Train,Powdery,9786a3d7428b432f.jpg,.jpg,920.2978515625,True,,JPEG,RGB,4000,2672,1,134.25217,154.3438,107.5755,143.00671,41.947453,1503.6405,0.9142224049707602,7796965368916359887,db86ce7c353397e1513a2c8bde5fb6dd,1.4970059880239521,10.688
Train,Powdery,978f69da2208eb93.jpg,.jpg,723.91796875,True,,JPEG,RGB,4000,2672,1,127.10554,151.77664,111.13498,139.76434,36.897816,795.1873,0.9602521929824561,12212173345404802268,f5d3c8f8c1926fe2bdae9596ffdec4bd,1.4970059880239521,10.688
Train,Powdery,97963e22ead6d288.jpg,.jpg,930.6455078125,True,,JPEG,RGB,4000,2672,1,126.32703,147.35883,103.475235,136.06738,48.60761,1254.6581,0.902046783625731,5572211589471892592,e4791b2a93a5f3d2f34e15883329350d,1.4970059880239521,10.688
Train,Powdery,97cc6c90c76831fc.jpg,.jpg,509.9345703125,True,,JPEG,RGB,4000,2672,1,113.46633,145.34918,93.38617,129.8869,47.04898,549.95,0.9974186769005848,2044762757061422158,fae35c7f4275359bd24fdad6325896b1,1.4970059880239521,10.688
Train,Powdery,97d98036f35e4a1a.jpg,.jpg,791.55078125,True,,JPEG,RGB,4000,2672,1,126.913216,160.42021,116.30179,145.36604,31.474161,1228.8734,1.0,18083764810111804645,b799c911dc479200d026d6315401faaa,1.4970059880239521,10.688
Train,Powdery,97f8914ca7a33896.jpg,.jpg,778.732421875,True,,JPEG,RGB,4000,2672,1,133.73015,165.35127,113.70221,150.00891,43.06056,996.92487,0.9820449561403509,17777005493943069774,c8b9448f04024880c3e9db1a3a2170da,1.4970059880239521,10.688
Train,Powdery,983d736954eba458.jpg,.jpg,867.2216796875,True,,JPEG,RGB,4000,2672,1,124.5781,146.56094,111.46692,135.98767,45.22748,1111.2817,0.8925895467836257,3618699984984320364,d3293c9cefa16b5489d6e00bc4e53124,1.4970059880239521,10.688
Train,Powdery,983f66d9382446cf.jpg,.jpg,798.8193359375,True,,JPEG,RGB,4000,2672,1,134.03603,160.0159,117.85887,147.44054,36.302624,1124.7626,0.9014985380116959,4195752549455279293,7735b9982d476ccd45f38df9fd5288b7,1.4970059880239521,10.688
Train,Powdery,984c7d35c9d26636.jpg,.jpg,695.1826171875,True,,JPEG,RGB,4000,2672,1,130.68521,146.80458,112.78851,138.10463,43.78159,1121.5496,0.8958104897660819,3690200517169814747,9764f8bde4007805e95bf013f400cc49,1.4970059880239521,10.688
Train,Powdery,9888ce2d3e363acd.jpg,.jpg,920.3388671875,True,,JPEG,RGB,4000,2672,1,142.84776,152.07442,115.80519,145.1798,33.700165,1222.4355,0.7981999269005848,3887619938543388329,36304730f9cfb91cfec68df491e71524,1.4970059880239521,10.688
Train,Powdery,9896e68da7e59524.jpg,.jpg,827.4697265625,True,,JPEG,RGB,4000,2672,1,131.81021,156.99875,109.27458,144.01761,34.427105,751.2462,0.9448099415204678,3186644287067566733,839695eb366823534858605b30a2570e,1.4970059880239521,10.688
Train,Powdery,98a81c358479bfcb.jpg,.jpg,1101.6474609375,True,,JPEG,RGB,4000,2672,1,115.646835,152.04112,125.47026,138.12675,36.52248,2593.9583,0.91015625,13040238150070835385,2c6b94d485c3ac6eaafb9589dcdcea1d,1.4970059880239521,10.688
Train,Powdery,98c8333cd39565a7.jpg,.jpg,719.1083984375,True,,JPEG,RGB,4000,2672,1,136.03282,160.19894,124.5021,148.89864,34.155613,795.9728,0.9089683845029239,15903302860443905753,f3160d4c4df59599a918a42d9cb12e9e,1.4970059880239521,10.688
Train,Powdery,98ffca83d33490a9.jpg,.jpg,1038.7705078125,True,,JPEG,RGB,4000,2672,1,128.03754,148.86113,100.92071,137.17053,46.83326,1663.2246,0.8914702119883041,15587448893721588129,d647031772c85f4a17fb50258142146e,1.4970059880239521,10.688
Train,Powdery,9997cd7c15b87092.jpg,.jpg,569.3046875,True,,JPEG,RGB,4000,2672,1,122.584335,150.08875,127.84912,139.32845,52.1159,625.1358,0.7030107821637427,8244587595897844595,e590db684294df356bc58998a1e8d197,1.4970059880239521,10.688
Train,Powdery,9cc62996799866b3.jpg,.jpg,986.9765625,True,,JPEG,RGB,4000,2672,1,105.10337,156.61253,134.13438,138.64536,35.46705,1254.1338,0.9539016812865497,7593742636778533939,f02409e3db15502e900ffd97e87c36ea,1.4970059880239521,10.688
Train,Powdery,9ce47bc2dca4308f.jpg,.jpg,769.8154296875,True,,JPEG,RGB,4000,2672,1,124.89232,147.77037,97.919205,135.2471,39.668915,731.40906,0.8391584429824561,2312834481273994296,610d8efbe847b3448b482f6f6c799188,1.4970059880239521,10.688
Train,Powdery,9d4a3a18eec773a0.jpg,.jpg,814.138671875,True,,JPEG,RGB,4000,2672,1,132.19792,155.60513,113.4489,143.7953,40.861187,1110.7029,0.8695403874269005,3545824270625682998,f6ef217b8ab56bd7835764b714aa9eca,1.4970059880239521,10.688
Train,Powdery,9d903bbbc06c25e9.jpg,.jpg,860.7060546875,True,,JPEG,RGB,4000,2672,1,121.50788,150.47919,92.87452,135.2499,41.69193,1244.7421,0.9214409722222222,2024848470098711067,4ccad2176dc31ab63fe8307df35b7e6f,1.4970059880239521,10.688
Train,Powdery,9d94e38360edc719.jpg,.jpg,688.9619140625,True,,JPEG,RGB,4000,2672,1,111.886375,162.76233,127.30446,143.5087,25.364347,529.40765,0.9165981359649122,16804116269038137681,99af12daf3b0becb5e39b32133e590f9,1.4970059880239521,10.688
Train,Powdery,9d9c100b78fbd949.jpg,.jpg,1084.595703125,True,,JPEG,RGB,4000,2672,1,106.54258,155.60197,148.97304,140.17862,40.04501,1899.0692,0.5795184576023392,12750838634425928912,eff520ae185f35e464fb9f1b76ab90b5,1.4970059880239521,10.688
Train,Powdery,9dfc3532f494c0cc.jpg,.jpg,948.19140625,True,,JPEG,RGB,4000,2672,1,119.60305,154.17267,110.58957,138.86435,46.3283,990.5448,0.9909767909356725,3907841518586133430,1aea46dc99f6de874048bf51b2b2a3e1,1.4970059880239521,10.688
Train,Powdery,a08fea1ef268d85c.jpg,.jpg,1088.693359375,True,,JPEG,RGB,4000,2672,1,84.210686,107.007996,77.2833,96.8019,30.010752,1119.2555,0.8652914839181286,16241060860488352654,4430d96b49b07e0df5d1feb52ac7a858,1.4970059880239521,10.688
Train,Powdery,a0b13faf4bfa028c.jpg,.jpg,521.55078125,True,,JPEG,RGB,4000,2672,1,124.86595,129.95395,118.757195,127.16395,47.652744,579.6447,0.7459566885964912,4611615494660046523,ac6a758bd5d81fc8bda44606fcf92f14,1.4970059880239521,10.688
Train,Powdery,a0d95a2d9507afd4.jpg,.jpg,740.46875,True,,JPEG,RGB,4000,2672,1,136.75143,164.7358,113.08539,150.47592,45.273014,865.12976,0.9328855994152047,12732121028258940396,8caa3845fff0ceaa5ff0a4fcf38ccbe2,1.4970059880239521,10.688
Train,Powdery,a162949fda64698f.jpg,.jpg,1063.7724609375,True,,JPEG,RGB,4000,3000,1,139.72247,171.56483,145.06543,159.02386,39.090664,1489.501,0.8780721028645834,16834322948104126202,8793d3a4a4caf047efb4507f83ff1e56,1.3333333333333333,12.0
Train,Powdery,a1c0339fb1f470c7.jpg,.jpg,806.6337890625,True,,JPEG,RGB,4000,2672,1,134.50992,164.88997,104.322914,148.90138,33.70126,970.2125,0.9598410087719298,16058576965220002715,32fe3fab3b80f7e71516350a36c5364a,1.4970059880239521,10.688
Train,Powdery,a38796d33c797310.jpg,.jpg,857.3642578125,True,,JPEG,RGB,4000,2672,1,132.1482,166.28516,99.38978,148.45262,39.932915,1040.886,0.9548611111111112,16820323778731514300,99ca0f8b47260c32eec0c0a9401968c0,1.4970059880239521,10.688
Train,Powdery,a4979bcd603a1acb.jpg,.jpg,694.9931640625,True,,JPEG,RGB,4000,2672,1,149.9431,168.42912,130.94821,158.62523,31.906925,1109.2501,0.9118923611111112,18043161251662968465,3382127614b1928b8b311c1091856f49,1.4970059880239521,10.688
Train,Powdery,a4f635f2952bd209.jpg,.jpg,773.8876953125,True,,JPEG,RGB,4000,2672,1,148.91246,163.87978,128.14972,155.33064,29.625418,1096.6085,0.847062317251462,10107985419020649314,2fe6a01f8d1b4697a7d206029bcea310,1.4970059880239521,10.688
Train,Powdery,a5c65f3c2c792233.jpg,.jpg,990.2880859375,True,,JPEG,RGB,4000,3000,1,142.92238,152.57689,130.24849,147.14569,29.186403,795.35547,0.6063232421875,12016956784006015602,87d1d8887efc26d318ef8dcf4b9cf544,1.3333333333333333,12.0
Train,Powdery,a5d314b55c4295bb.jpg,.jpg,870.669921875,True,,JPEG,RGB,4000,2672,1,129.82707,154.11383,108.44819,141.64563,38.002235,653.2154,0.9478938230994152,15914834606555584182,044cac9ca68430696eb4048992a95213,1.4970059880239521,10.688
Train,Powdery,a6e899d90dd36c92.jpg,.jpg,696.720703125,True,,JPEG,RGB,4000,2672,1,121.87171,168.59062,127.8329,149.97836,35.39404,895.7508,0.9233369883040936,13451869619650714750,c5107aa4312f4bd03ab7b8a42d47d0bc,1.4970059880239521,10.688
Train,Powdery,a7ebf1c5d9600165.jpg,.jpg,687.576171875,True,,JPEG,RGB,4000,2672,1,150.92409,183.08678,149.58774,169.6523,31.302794,1151.3948,0.9062271564327485,11195825233999597180,ede52e1b65f616407308b98324ad31fb,1.4970059880239521,10.688
Train,Powdery,a8962a4dc29f75a5.jpg,.jpg,920.6279296875,True,,JPEG,RGB,4000,2672,1,134.24728,153.93575,106.8369,142.68204,39.33429,1011.7278,0.9516858552631579,15354212558644118411,f920c27a8b964c301357fdc9b8846ecc,1.4970059880239521,10.688
Train,Powdery,a8f03562c2a4d9f7.jpg,.jpg,787.841796875,True,,JPEG,RGB,4000,2672,1,136.12103,164.659,146.14755,154.01056,46.16553,1167.3739,0.8225054824561403,11429639647460020187,ef7d130b87130a0bcec437d87fedcc4a,1.4970059880239521,10.688
Train,Powdery,aaa95f2442cf8d0f.jpg,.jpg,858.833984375,True,,JPEG,RGB,4000,2672,1,155.07991,172.73705,123.07973,161.79408,33.179726,1132.759,0.821203399122807,11759808798778534017,327d94ca39f5c8baae79708d38287590,1.4970059880239521,10.688
Train,Powdery,ac163630d2769cf6.jpg,.jpg,782.484375,True,,JPEG,RGB,4000,2672,1,138.77293,160.17436,112.79441,148.36926,25.60505,805.9723,0.9688870614035088,13562418078153912291,913670c40d34874b01f51cc74c6ca361,1.4970059880239521,10.688
Train,Powdery,ac961a027db789d9.jpg,.jpg,870.1376953125,True,,JPEG,RGB,4000,2672,1,133.8393,164.6607,111.86401,149.42285,34.402843,908.38983,0.9856770833333334,12446878611951312691,4c38404cb14b24957954191cf8660ae8,1.4970059880239521,10.688
Train,Powdery,acb80f1544dcd57a.jpg,.jpg,907.3095703125,True,,JPEG,RGB,4000,2672,1,144.10643,160.82343,130.17656,152.32874,36.71234,1077.2455,0.8645833333333334,3736608590381479267,ac0b9bb6a7c0894f422c0e7b2c848eab,1.4970059880239521,10.688
Train,Powdery,acd0d5a941766b66.jpg,.jpg,568.0869140625,True,,JPEG,RGB,4000,2672,1,127.167625,164.02956,97.11579,145.37596,48.872623,935.1347,0.9382538377192983,12733071070206848878,8329bf33b184e8165ebabcd7fb919f05,1.4970059880239521,10.688
Train,Powdery,ad997b3cb2842762.jpg,.jpg,933.5859375,True,,JPEG,RGB,4000,2672,1,124.339455,158.38719,113.35085,143.06732,33.04235,982.9899,0.9959795321637427,5932018021540733592,7ff2c586ea28ae6748246c29ce4965fe,1.4970059880239521,10.688
Train,Powdery,adc483b3eab562a1.jpg,.jpg,773.6064453125,True,,JPEG,RGB,4000,2672,1,125.134346,167.11945,112.795,148.37329,31.481052,942.27814,0.9905884502923976,14727516470288276091,3aaf3eda5291bf3c1852412f80d8887d,1.4970059880239521,10.688
Train,Powdery,af8194f5d202b3d6.jpg,.jpg,704.8359375,True,,JPEG,RGB,4000,2672,1,152.98586,164.9784,125.96544,156.9456,41.449085,1216.5779,0.7950246710526315,14193063350329615948,20631234f14efdf43dcc75a5039f5296,1.4970059880239521,10.688
Train,Powdery,b04827b3e460ff2d.jpg,.jpg,873.373046875,True,,JPEG,RGB,4000,2672,1,129.73161,158.85268,100.29,143.46877,39.925762,1108.5624,0.9752604166666666,11291267074977733678,9f9c4551b92020e71cfd5d0312dd54fe,1.4970059880239521,10.688
Train,Powdery,b0f6a1c974ad91cc.jpg,.jpg,836.2822265625,True,,JPEG,RGB,4000,2672,1,141.3266,165.20377,106.13914,151.33,43.34529,1245.2162,0.9743238304093568,10668231591582200734,236c300fc9b72f2c7b342b2f0a7a2c25,1.4970059880239521,10.688
Train,Powdery,b12fd695598068d7.jpg,.jpg,834.6162109375,True,,JPEG,RGB,4000,2672,1,135.44556,149.88428,114.41169,141.52246,52.847054,1714.6882,0.8866045321637427,8894516708897180812,c583e0ba42d2dfe51b07fb6934deca78,1.4970059880239521,10.688
Train,Powdery,b1cfc77042b4e970.jpg,.jpg,826.2119140625,True,,JPEG,RGB,4000,2672,1,140.70116,164.19237,132.3165,153.5323,29.011574,1112.4775,0.9514574195906432,14359546104584511055,a4b2f9e25ca72873bc72c86030502f6e,1.4970059880239521,10.688
Train,Powdery,b23434724e9bd4cb.jpg,.jpg,943.0966796875,True,,JPEG,RGB,4000,2672,1,128.8445,164.73149,118.96523,148.78664,30.886995,828.9768,0.9893320540935673,3174046511684934065,229176b690b28784f1629b1da9da8388,1.4970059880239521,10.688
Train,Powdery,b34c524efdb39109.jpg,.jpg,667.6982421875,True,,JPEG,RGB,4000,2672,1,138.08928,153.07762,111.81211,143.89783,54.489853,1080.326,0.839204130116959,11360764635409010653,26075cdb21fdb898867e91b6095c0e47,1.4970059880239521,10.688
Train,Powdery,b3e48dcd53d20d29.jpg,.jpg,820.671875,True,,JPEG,RGB,4000,2672,1,137.18658,155.35863,127.5071,146.74844,39.323727,1145.6848,0.888797514619883,7110792512602812874,499d37e7b4b99930e6c2fd4005077cc7,1.4970059880239521,10.688
Train,Powdery,b463427db0d461cf.jpg,.jpg,819.5126953125,True,,JPEG,RGB,4000,2672,1,142.33759,160.94974,114.55174,150.09431,45.649506,974.16815,0.920641447368421,9325209474139567277,25e715a59aa5b1a17e4d8e6ca6235f5e,1.4970059880239521,10.688
Train,Powdery,b5ea30852153d79d.jpg,.jpg,981.376953125,True,,JPEG,RGB,4000,2672,1,137.71614,153.7886,123.25167,145.49582,30.061794,1229.1621,0.8370796783625731,11182782509159325332,b34c4ac38e75c1daf6d856abacb1250d,1.4970059880239521,10.688
Train,Powdery,b5f005b7c1c65cd1.jpg,.jpg,789.9296875,True,,JPEG,RGB,4000,2672,1,136.8142,162.56415,96.8938,147.37656,38.554413,775.2323,0.946203399122807,5673743935132164834,de6746e266c5d10660baafbf1e9b39fd,1.4970059880239521,10.688
Train,Powdery,b696ba6593c82974.jpg,.jpg,800.443359375,True,,JPEG,RGB,4000,2672,1,128.3539,154.33696,114.158104,141.97804,33.629765,880.6528,0.9964820906432749,12406560354465125661,2968b8c3a8bcb1d9fc5a8c047fc11e74,1.4970059880239521,10.688
Train,Powdery,b6b12ac9ce619e61.jpg,.jpg,772.6962890625,True,,JPEG,RGB,4000,2672,1,137.65422,167.45842,115.986115,152.67427,25.395746,837.45123,0.9736613669590644,3755188651180593005,57271c153d3051909d59b5148dc154ab,1.4970059880239521,10.688
Train,Powdery,b76f33828305db52.jpg,.jpg,818.3505859375,True,,JPEG,RGB,4000,2672,1,138.90532,160.21516,103.94081,147.42041,52.378616,1084.8628,0.9208470394736842,5631597911159364668,6ed9caa53d0def4f3e96ad8fc1f70492,1.4970059880239521,10.688
Train,Powdery,b8735c314e00fb7c.jpg,.jpg,824.2294921875,True,,JPEG,RGB,4000,2672,1,137.08966,160.34572,117.95027,148.55882,46.449726,1527.9447,0.9463633040935673,11356842233310133043,48626bfac79d270fc6e07dcb095cc34d,1.4970059880239521,10.688
Train,Powdery,b8e4970760f1c29f.jpg,.jpg,623.18359375,True,,JPEG,RGB,4000,2672,1,144.20943,172.80925,136.18321,160.08156,28.835705,764.5166,0.943485014619883,4190339501096901433,f211ef60f139f86147c0256c3653c96a,1.4970059880239521,10.688
Train,Powdery,ba62680dcf379178.jpg,.jpg,810.1669921875,True,,JPEG,RGB,4000,2672,1,119.68492,157.94542,108.446045,140.85962,46.46433,815.35016,0.9803316885964912,5158184445121992709,b3b075112c9c476e8c8f2dbbe2868db9,1.4970059880239521,10.688
Train,Powdery,bae44a17ce0438bf.jpg,.jpg,721.22265625,True,,JPEG,RGB,4000,2672,1,132.47818,157.86798,123.11917,146.31241,28.954742,724.32385,0.9574881213450293,2812391548170099465,f16677444128601d9f98277383d482fd,1.4970059880239521,10.688
Train,Powdery,baf827069efb2045.jpg,.jpg,598.6865234375,True,,JPEG,RGB,4000,2672,1,128.68837,157.07623,124.88279,144.91568,31.167692,824.68176,0.9937408625730995,3431636509966425983,a9952f76766417b1f44e228757593a60,1.4970059880239521,10.688
Train,Powdery,bb872f29c0935a78.jpg,.jpg,715.4287109375,True,,JPEG,RGB,4000,2672,1,134.47496,150.90051,111.12379,141.45685,48.162464,1041.8812,0.8605400219298246,14656821948040690234,9ba7629a1ca32c7dead01d0bcbc3b544,1.4970059880239521,10.688
Train,Powdery,bba49317683af03a.jpg,.jpg,640.1416015625,True,,JPEG,RGB,4000,2672,1,130.22807,153.48189,108.65721,141.41765,60.4666,1105.2012,0.9399214181286549,5532284097284036953,5c25d4a9153f7b1155cc336b412f5496,1.4970059880239521,10.688
Train,Powdery,bc8a0d9e0f90e85f.jpg,.jpg,767.1279296875,True,,JPEG,RGB,4000,2672,1,148.6416,172.93613,120.41013,159.68558,41.139496,939.81305,0.9502467105263158,17614767527257126458,49ff545b218cd3bf45c58ec03a9f44ed,1.4970059880239521,10.688
Train,Powdery,bd0f77a894458ea2.jpg,.jpg,761.154296875,True,,JPEG,RGB,4000,2672,1,149.5617,171.59018,111.17706,158.10854,49.37609,1184.0249,0.9252330043859649,8004979245782373900,1914b0c376229e78da03f5ed8a1ca2de,1.4970059880239521,10.688
Train,Powdery,bd3e64f2da30c324.jpg,.jpg,926.390625,True,,JPEG,RGB,4000,2672,1,98.376625,162.3297,136.07933,140.20346,36.6992,667.05426,0.8882035818713451,3181355785511931426,a1deec870e8f26eb12f38bac465de825,1.4970059880239521,10.688
Train,Powdery,bdda746048d3da38.jpg,.jpg,817.2998046875,True,,JPEG,RGB,4000,2672,1,136.1051,158.71654,116.13642,147.10072,45.609573,977.47205,0.9666027046783626,12265124757210797622,d811455f69ff239dcb901f41879bcbdd,1.4970059880239521,10.688
Train,Powdery,be0a3edd0580ce73.jpg,.jpg,791.810546875,True,,JPEG,RGB,4000,2672,1,128.35349,151.7653,115.44646,140.6218,30.301212,957.8984,0.8826525950292398,2682366253111188526,f1b9b05cde6e4dbf090317d366e838c4,1.4970059880239521,10.688
Train,Powdery,be8892e1c09dcbd9.jpg,.jpg,712.486328125,True,,JPEG,RGB,4000,2672,1,146.6382,166.61871,109.39844,154.12271,53.214634,1518.8225,0.9741410818713451,5272928147770584141,5205b1a5ee5229e53a52ee11411b082d,1.4970059880239521,10.688
Train,Powdery,be94326049a979ed.jpg,.jpg,852.3330078125,True,,JPEG,RGB,4000,2672,1,83.68067,104.86404,79.573395,95.646675,40.11662,1018.094,0.8705226608187134,4443967492421136187,eeeb897db9c633d396c2256e29857ce0,1.4970059880239521,10.688
Train,Powdery,bfa02e61c0ec1f2e.jpg,.jpg,775.1904296875,True,,JPEG,RGB,4000,2672,1,127.52769,172.56915,125.26841,153.70547,25.344007,824.7842,0.9879385964912281,10311894624883074660,eb193b48a2dcd09fd2508ef695b3f08d,1.4970059880239521,10.688
Train,Powdery,bfd071cb64c88c71.jpg,.jpg,953.1689453125,True,,JPEG,RGB,4000,2672,1,136.59,158.7257,115.86337,147.21555,33.240612,1206.9976,0.9825246710526315,10384242080191044382,22a2354e0867780a36b2a41128be72b1,1.4970059880239521,10.688
Train,Powdery,c0171fe57139a92b.jpg,.jpg,809.67578125,True,,JPEG,RGB,4000,2672,1,136.58139,153.87509,102.40472,142.83873,50.60351,818.9713,0.9438961988304093,6369424252910937010,63629f53f72a61e0340337fc72d55294,1.4970059880239521,10.688
Train,Powdery,c04692ad3f78c793.jpg,.jpg,855.32421875,True,,JPEG,RGB,4000,2672,1,141.13567,161.93855,134.30225,152.56343,31.230883,915.2829,0.874360380116959,14305869697790744985,36884dea8acc02a134b3d8ff7b4cdaad,1.4970059880239521,10.688
Train,Powdery,c0630f69dcd1789d.jpg,.jpg,934.212890625,True,,JPEG,RGB,4000,2672,1,130.57784,152.34647,104.97617,140.43433,35.906982,1045.6039,0.9601836622807017,15260896593885842544,561124e83ae8e4666abe6e210286b062,1.4970059880239521,10.688
Train,Powdery,c0702f17c4f8fb45.jpg,.jpg,1029.1083984375,True,,JPEG,RGB,4000,2672,1,119.23913,141.62816,107.22382,131.00868,48.946255,1158.441,0.929984466374269,8526600011251200866,173a6b38fdd58191ae81f39e9fbe5b5d,1.4970059880239521,10.688
Train,Powdery,c0863fc03fe307e5.jpg,.jpg,951.8330078125,True,,JPEG,RGB,4000,2672,1,117.52622,152.44597,123.749565,138.73225,33.147617,1325.0272,0.9818165204678363,8786633685312176914,21690401e784fd22910cd42f4f3ed7b5,1.4970059880239521,10.688
Train,Powdery,c08e2b86b5bf70a3.jpg,.jpg,1145.9541015625,True,,JPEG,RGB,4000,2672,1,116.073235,148.4754,110.818504,134.49557,34.182415,1150.8918,0.9903828581871345,16600479817530403739,a6a80da576d572e7a509fb8489ad0028,1.4970059880239521,10.688
Train,Powdery,c0a146ddfd7c58e0.jpg,.jpg,776.478515625,True,,JPEG,RGB,4000,2672,1,141.15248,157.05585,120.57698,148.13722,32.91621,1379.1139,0.8968384502923976,9566920559224472773,dae79191b4066a36887841c8c588333a,1.4970059880239521,10.688
Train,Powdery,c0c63b4d38f8c69e.jpg,.jpg,864.6103515625,True,,JPEG,RGB,4000,2672,1,128.02777,149.20253,117.304344,139.23094,45.43099,892.12,0.7300575657894737,1261822155440658973,52ed5e8fcfbe639e2fbd1d42e9af38c9,1.4970059880239521,10.688
Train,Powdery,c0c8096557bf725e.jpg,.jpg,945.6611328125,True,,JPEG,RGB,4000,2672,1,126.519646,162.7466,97.56801,144.4835,34.31615,1039.189,0.9950886330409356,15101565212249310940,43e8e97001376c733fefed5f8792b007,1.4970059880239521,10.688
Train,Powdery,c0d193afd90bca1e.jpg,.jpg,812.1884765625,True,,JPEG,RGB,4000,2672,1,137.58498,143.47334,121.605034,139.21994,36.71556,1088.7499,0.7777320906432749,6377273620236429737,b2197258992bbd5da64096264e85efce,1.4970059880239521,10.688
Train,Powdery,c0e0f81e9f1eaf03.jpg,.jpg,894.849609375,True,,JPEG,RGB,4000,2672,1,132.17921,154.13737,111.805695,142.74669,37.08097,1425.4075,0.9820906432748538,11998371041139158040,2b88fb6fa432720907c838fe149df175,1.4970059880239521,10.688
Train,Powdery,c1814fca2a2fff03.jpg,.jpg,884.6640625,True,,JPEG,RGB,4000,2672,1,131.84628,154.53783,118.51334,143.6432,29.622066,1090.3087,0.9713313230994152,15265052335131349845,e79c8eb04ce56ab48df4a2bd3c43f7d8,1.4970059880239521,10.688
Train,Powdery,c1901e75640ebbe7.jpg,.jpg,727.978515625,True,,JPEG,RGB,4000,2672,1,142.16351,157.04163,116.77565,148.00395,33.838238,750.92053,0.8762107090643275,13326375217905459362,4abe620b8f48eebe0685c23256ca129c,1.4970059880239521,10.688
Train,Powdery,c19861eb8d659fc4.jpg,.jpg,894.56640625,True,,JPEG,RGB,4000,2672,1,114.980835,150.30676,126.1276,136.98392,35.841747,834.04913,0.9590414839181286,13893803814551061190,b6feca031d25941f11756b3e257310d9,1.4970059880239521,10.688
Train,Powdery,c1c834381f19edf6.jpg,.jpg,920.2861328125,True,,JPEG,RGB,4000,2672,1,98.040115,146.35817,107.38914,127.46245,39.32316,750.5959,0.9417489035087719,10556932108765534254,e7eddac438ef41cbe820e2270804f940,1.4970059880239521,10.688
Train,Powdery,c1cfc8ed98e314c3.jpg,.jpg,684.1357421875,True,,JPEG,RGB,4000,2672,1,144.67244,159.6181,136.26183,152.4937,53.087105,1256.2244,0.693781980994152,8233074661073014671,9b7ff1b0515d032a6c4dd1137378076a,1.4970059880239521,10.688
Train,Powdery,c1dc6b39701eca8e.jpg,.jpg,867.583984375,True,,JPEG,RGB,4000,2672,1,108.26206,148.41388,126.24189,133.87892,45.24647,601.12866,0.843453033625731,11070675236324862915,bfaaa09cf6471e50a6f0f21664ab66ce,1.4970059880239521,10.688
Train,Powdery,c2234d6391f963ce.jpg,.jpg,919.02734375,True,,JPEG,RGB,4000,2672,1,106.52654,159.7767,130.66208,140.53577,28.620533,840.498,0.954952485380117,14613276841630064882,11ca5b9694c29fa6755bef5c83f3ce9a,1.4970059880239521,10.688
Train,Powdery,c225f117dd3d1cc4.jpg,.jpg,830.3447265625,True,,JPEG,RGB,4000,2672,1,141.29112,161.02582,117.01962,150.10744,44.599213,1520.6895,0.906889619883041,14612387667346312584,eb273a1e887847acfc0d8a6e8f9ff911,1.4970059880239521,10.688
Train,Powdery,c2969713135b39dc.jpg,.jpg,800.5263671875,True,,JPEG,RGB,4000,2672,1,126.94837,156.19577,107.60172,141.9095,38.11289,719.41626,0.9884639985380117,14730209899066018253,16ae60761cffe31bc8b6e5e2bced75ca,1.4970059880239521,10.688
Train,Powdery,c2d6672bc28307cf.jpg,.jpg,883.640625,True,,JPEG,RGB,4000,2672,1,127.80756,143.54256,109.66473,134.97632,34.512005,1130.3762,0.913422880116959,14493974263800362958,00d321c8af4d6f2e97c4d58f42fec848,1.4970059880239521,10.688
Train,Powdery,c2f01eca72b59c0f.jpg,.jpg,825.50390625,True,,JPEG,RGB,4000,2672,1,125.21183,136.22331,108.74851,129.80258,51.173428,909.53784,0.8364857456140351,3011930198500305259,331b2d990bfb5550b5f61fd6e149cb27,1.4970059880239521,10.688
Train,Powdery,c33336f29e1ce498.jpg,.jpg,856.755859375,True,,JPEG,RGB,4000,2672,1,121.33959,158.21623,97.50859,140.26605,34.25056,775.9598,0.9377512792397661,5533165147840370020,3cdf4711969e9dc9c1b6265cedd5f854,1.4970059880239521,10.688
Train,Powdery,c37d388c1ec16d1d.jpg,.jpg,864.8671875,True,,JPEG,RGB,4000,2672,1,125.93581,150.78653,112.328285,138.9632,33.63937,706.25366,0.9573967470760234,3497256493389037992,8b234182c93c2350060d4aee07f6ea58,1.4970059880239521,10.688
Train,Powdery,c39a6a2450c4ffe5.jpg,.jpg,1011.205078125,True,,JPEG,RGB,4000,2672,1,122.15111,152.14415,110.699905,138.44733,29.206665,2034.587,0.999360380116959,16271894649064359699,ac882609a5365054156c62382ab367e5,1.4970059880239521,10.688
Train,Powdery,c39a78d9a060f63b.jpg,.jpg,845.849609375,True,,JPEG,RGB,4000,2672,1,109.36125,147.91402,108.8083,131.9199,29.46898,491.8486,0.9927585891812866,15670671693500965092,6040aaaa0dcfb47ae469f7a21c0ecc77,1.4970059880239521,10.688
Train,Powdery,c3c13a9b21b4e747.jpg,.jpg,756.4013671875,True,,JPEG,RGB,4000,2672,1,119.18446,146.60915,104.38384,133.59573,35.246162,442.93457,0.9788011695906432,11086104042184718813,d022993496dec4d4800e6eeeb18e48a3,1.4970059880239521,10.688
Train,Powdery,c3fc7b08985eb511.jpg,.jpg,978.9033203125,True,,JPEG,RGB,4000,2672,1,128.9,149.45915,115.47259,139.43613,40.821037,1120.1428,0.9065926535087719,4091878981276975962,41d0ba716e81f49c0f945cdff782898d,1.4970059880239521,10.688
Train,Powdery,c4126f9b187c5e8b.jpg,.jpg,774.6162109375,True,,JPEG,RGB,4000,2672,1,119.653305,165.65392,113.075935,145.9033,23.74728,553.78326,0.9986979166666666,12233719101134144038,4a1a5521b7a8d8777a58a9faf639de6f,1.4970059880239521,10.688
Train,Powdery,c48d75e7c8263b89.jpg,.jpg,791.5439453125,True,,JPEG,RGB,4000,2672,1,123.41498,142.94121,107.03118,133.00653,50.316784,598.1896,0.858141447368421,14332407786087171206,493f215d0b2ff35ca0d7d3f5c599f7ed,1.4970059880239521,10.688
Train,Powdery,c495623af9b49e70.jpg,.jpg,838.4638671875,True,,JPEG,RGB,4000,2672,1,130.80934,155.57018,94.64291,141.22281,34.974087,940.9432,0.9541301169590644,11298657175362438338,6b90211a1e140d71b8340debf5dc1fda,1.4970059880239521,10.688
Train,Powdery,c4bd277cd8838a2b.jpg,.jpg,795.177734375,True,,JPEG,RGB,4000,2672,1,131.06235,147.49821,121.07484,139.56984,31.295645,1013.21783,0.9827987938596491,2550982012871757004,81c2b405bb98be68b0e6af1a44ef3c01,1.4970059880239521,10.688
Train,Powdery,c4c70fbae1401d9f.jpg,.jpg,615.4169921875,True,,JPEG,RGB,4000,2672,1,118.72387,156.55576,94.73853,138.19577,29.03129,714.20074,0.9983324195906432,17033868078672590070,74fd54bf1de5ef9775044acc2636358f,1.4970059880239521,10.688
Train,Powdery,c4c73e64c71ed843.jpg,.jpg,762.107421875,True,,JPEG,RGB,4000,2672,1,124.39172,151.76599,99.52547,137.62726,35.839256,709.2471,0.9875045687134503,7189708616056059827,3b44267364f5740fb141c62ae5ded434,1.4970059880239521,10.688
Train,Powdery,c4e97291cf71a2ac.jpg,.jpg,690.021484375,True,,JPEG,RGB,4000,2672,1,133.06429,151.95728,103.856384,140.82324,36.415203,550.4316,0.8753426535087719,14092473945412122665,8a0fe695f64b1bce3c1099ae9d1c4420,1.4970059880239521,10.688
Train,Powdery,c4f46ee06dc6c29c.jpg,.jpg,769.0634765625,True,,JPEG,RGB,4000,2672,1,120.36077,141.53218,112.04802,131.83923,41.516193,781.89374,0.8695403874269005,11922981919960638947,7accd8052c8bbc9ef51bdbfff444dd55,1.4970059880239521,10.688
Train,Powdery,c50aeff62a25ab84.jpg,.jpg,1001.3251953125,True,,JPEG,RGB,4000,2672,1,113.93181,133.779,80.37109,121.75491,49.539104,1205.725,0.9537874634502924,6039558911169447494,c11fae930b627e911bc7b746aad1a0fe,1.4970059880239521,10.688
Train,Powdery,c514966632dbc6c7.jpg,.jpg,737.7890625,True,,JPEG,RGB,4000,2672,1,150.56934,157.5999,129.34146,152.2811,37.956173,1031.2585,0.7311769005847953,7832554534752113480,c0df514e4651cf53be653ed6e8a2c4b5,1.4970059880239521,10.688
Train,Powdery,c56a369b0bd0e0f5.jpg,.jpg,910.31640625,True,,JPEG,RGB,4000,2672,1,120.61207,153.66072,128.62082,140.92078,33.416134,981.4706,0.934827302631579,90778720486411430,46afd3b7f42f288f17fc4cffc2e3a272,1.4970059880239521,10.688
Train,Powdery,c5d61ce9786a01d7.jpg,.jpg,682.23046875,True,,JPEG,RGB,4000,2672,1,126.915985,148.06728,116.187706,138.10812,36.0734,929.4946,0.9443302266081871,17612677145661960432,c144fc8d645522441472d6b9d5265e47,1.4970059880239521,10.688
Train,Powdery,c5d8aa7a7d0435c6.jpg,.jpg,761.9951171875,True,,JPEG,RGB,4000,2672,1,141.52156,160.46925,103.46574,148.30405,54.658134,978.67615,0.8991456505847953,10502922929867548130,7ea3c8a7e2d9fee537bd0329ad624965,1.4970059880239521,10.688
Train,Powdery,c63a4f61afcb1382.jpg,.jpg,732.4609375,True,,JPEG,RGB,4000,2672,1,133.21759,157.16458,120.40892,145.81433,30.542786,905.515,0.9816566154970761,6999971953645895780,b1008f4a076d0422f91e11c3d4233b30,1.4970059880239521,10.688
Train,Powdery,c6526ad895a91e5e.jpg,.jpg,731.662109375,True,,JPEG,RGB,4000,2672,1,134.2227,149.11157,115.812225,140.86609,31.060158,468.28238,0.8868329678362573,9286815811529393125,509b6059d5c6b1f2adfac9be72f04d0e,1.4970059880239521,10.688
Train,Powdery,c662b58d47917a6a.jpg,.jpg,737.9482421875,True,,JPEG,RGB,4000,2672,1,145.86821,161.76476,124.065445,152.71709,49.703148,876.1035,0.8754568713450293,14304995702514842856,ff6f8cb6a961077768e979030f7a3e3d,1.4970059880239521,10.688
Train,Powdery,c6c3e0fc39b43926.jpg,.jpg,621.546875,True,,JPEG,RGB,4000,2672,1,121.006714,144.08308,92.54237,131.30821,46.709972,784.53424,0.9022523757309941,9493813398211047069,4a4c6a5b8665995abf9a9282e483d8fc,1.4970059880239521,10.688
Train,Powdery,c6d343ab8119ab75.jpg,.jpg,1095.1318359375,True,,JPEG,RGB,4000,2672,1,124.45338,159.711,116.53552,144.24237,29.625305,2134.2197,0.9996345029239766,15655766420906960102,5a1f8d5b72cf3f638a62f286bd5b75c9,1.4970059880239521,10.688
Train,Powdery,c6e05f0619de3333.jpg,.jpg,861.4130859375,True,,JPEG,RGB,4000,2672,1,122.065834,149.08269,97.35611,135.09973,40.590107,532.84015,0.9938550804093568,16204947139626624178,ac37223b03e1553a8f77384213d708ae,1.4970059880239521,10.688
Train,Powdery,c6e3f29803fc462d.jpg,.jpg,959.2978515625,True,,JPEG,RGB,4000,2672,1,134.03566,147.3175,112.34062,139.36118,39.05725,1498.3735,0.78125,5316893976918766684,f4e6a16a86e8591318f63e570eaf3824,1.4970059880239521,10.688
Train,Powdery,c6e87638846f552e.jpg,.jpg,1013.0966796875,True,,JPEG,RGB,4000,2672,1,131.45332,144.75873,118.72382,137.81282,32.13654,1228.5823,0.8562682748538012,11945165520509749604,4caea3e23eed55593705489c5a5707cd,1.4970059880239521,10.688
Train,Powdery,c73662f7024ef388.jpg,.jpg,1112.689453125,True,,JPEG,RGB,4000,2672,1,121.59729,151.10474,114.85494,138.14944,43.261562,1726.1852,0.9486933479532164,5613405917309199051,3229934975b562aad5b64df88b0f8ecc,1.4970059880239521,10.688
Train,Powdery,c7453b8f41351be2.jpg,.jpg,883.5419921875,True,,JPEG,RGB,4000,2672,1,134.27211,149.16808,122.34311,141.65454,33.954685,1015.5364,0.8654970760233918,5072852543571045401,bbee70b731f4ab4c9df1afc693d5fabe,1.4970059880239521,10.688
Train,Powdery,c793708cb0d2cbb5.jpg,.jpg,858.2626953125,True,,JPEG,RGB,4000,2672,1,125.16484,151.9658,94.016266,137.34044,30.471706,863.00903,0.9515487938596491,14729137810294793422,af7ed1ef47e2ebad18d6e06db5e88841,1.4970059880239521,10.688
Train,Powdery,c7986fe4a50a66c5.jpg,.jpg,921.4140625,True,,JPEG,RGB,4000,2672,1,112.640785,140.89949,120.42091,130.11162,45.29881,804.90704,0.9234740497076024,16334811969297934694,ec6e30c9b12f8ff2d53757522ff488e2,1.4970059880239521,10.688
Train,Powdery,c7c3683c3c4e9955.jpg,.jpg,1091.51953125,True,,JPEG,RGB,4000,2672,1,115.417145,134.76323,102.74607,125.32803,47.92756,1195.5948,0.9084201388888888,7694611500110045540,677c5481f027f7bc1e90fd8c0813a0c0,1.4970059880239521,10.688
Train,Powdery,c82663f0561e4ef9.jpg,.jpg,866.08203125,True,,JPEG,RGB,4000,2672,1,133.33342,144.94438,122.22798,138.88602,32.201427,922.73047,0.903234649122807,14755608637595619761,134a06b0625ea99bbc8ab545f451eb19,1.4970059880239521,10.688
Train,Powdery,c83969eb294d2637.jpg,.jpg,865.62109375,True,,JPEG,RGB,4000,2672,1,134.8416,156.6103,121.282326,146.07178,35.897743,1245.0442,0.9238852339181286,10644386029674816979,1c893c7a5132d29cff75a07786529c5c,1.4970059880239521,10.688
Train,Powdery,c87934aa9e58aa5e.jpg,.jpg,924.912109375,True,,JPEG,RGB,4000,2672,1,134.19072,161.14293,105.18111,146.70349,28.065346,1101.0963,0.9968019005847953,10817102117115258084,0d9bb4234225338ba6f49732337def77,1.4970059880239521,10.688
Train,Powdery,c88f30fb361df141.jpg,.jpg,992.9248046875,True,,JPEG,RGB,4000,2672,1,136.20683,143.69986,112.70322,137.92749,39.33016,1043.1245,0.7716328581871345,6459271702942160284,199d0df621efb0d1f0bf8bb7060ea1d8,1.4970059880239521,10.688
Train,Powdery,c8e16b710a1e63fc.jpg,.jpg,769.8984375,True,,JPEG,RGB,4000,2672,1,131.0402,154.7841,109.89017,142.56062,28.439545,817.3211,0.9059758771929824,10075663841998741857,680bc89fd08a3c9d8d2cc32b18d3d727,1.4970059880239521,10.688
Train,Powdery,c96f37f88c4c26c1.jpg,.jpg,849.9560546875,True,,JPEG,RGB,4000,2672,1,138.8649,156.56956,122.73566,147.41861,27.869934,798.4119,0.8747944078947368,2614697614628720822,a82320ccdaa39bbee4984d8dae60465f,1.4970059880239521,10.688
Train,Powdery,c99616e4920df4ed.jpg,.jpg,753.5,True,,JPEG,RGB,4000,2672,1,121.05535,159.67628,116.74426,143.23386,44.924,763.79266,0.9412235014619883,14729158756516688883,55e8b58b6053aa83ed846af9dcd27fa6,1.4970059880239521,10.688
Train,Powdery,c9ae1b9019698f2f.jpg,.jpg,850.5107421875,True,,JPEG,RGB,4000,2672,1,129.66512,155.35597,94.46537,140.72885,43.144127,903.57806,0.9443530701754386,12765813592814555217,49dbdd400c29503f034fba2cbf472563,1.4970059880239521,10.688
Train,Powdery,c9c738261ff047f0.jpg,.jpg,844.0517578125,True,,JPEG,RGB,4000,2672,1,117.94819,154.75984,105.03989,138.08295,34.53287,1122.8038,0.98734466374269,16339835992737485881,d92419be856323fe44b0c760ff45d1ca,1.4970059880239521,10.688
Train,Powdery,c9d4322bf087c7a9.jpg,.jpg,719.2275390625,True,,JPEG,RGB,4000,2672,1,125.2492,143.42583,114.89766,134.7357,38.594208,697.0199,0.8947368421052632,4265173514605285777,07df66581dad045297e4ad48ae18b696,1.4970059880239521,10.688
Train,Powdery,c9e43d9de80a8763.jpg,.jpg,934.2880859375,True,,JPEG,RGB,4000,2672,1,116.92468,147.05496,123.24653,135.33235,42.5293,911.2088,0.9327256944444444,10557781000135921717,aa5c669524adf270df8fb69f386da82e,1.4970059880239521,10.688
Train,Powdery,ca4835dc6de52372.jpg,.jpg,972.1220703125,True,,JPEG,RGB,4000,2672,1,119.52195,150.94316,108.56426,136.71628,43.425953,1321.6034,0.9892406798245614,12714164376038811215,6a4f578b602e51740908ce354e57f67c,1.4970059880239521,10.688
Train,Powdery,ca93368f301cf1e6.jpg,.jpg,845.2666015625,True,,JPEG,RGB,4000,2672,1,118.196846,138.26926,98.04014,127.676926,46.495136,368.45227,0.9265807748538012,18224352664029847812,c0d98b14d2468f12acfb4fb62ad74384,1.4970059880239521,10.688
Train,Powdery,caac3b84835e4ae7.jpg,.jpg,734.8896484375,True,,JPEG,RGB,4000,2672,1,133.59767,159.70377,113.69138,146.6489,31.933916,508.058,0.8917443347953217,3545216784328110171,0c698871f84855b30a11183a5848b8a9,1.4970059880239521,10.688
Train,Powdery,cafe25b4aeb0a8a1.jpg,.jpg,1106.4072265625,True,,JPEG,RGB,4000,2672,1,120.033714,151.01619,113.65083,137.49016,45.285896,1554.5415,0.989811769005848,2549205861082897123,da3cac373aff976f8d5774e2a0e212ae,1.4970059880239521,10.688
Train,Powdery,cb0923e6d43bdc4c.jpg,.jpg,834.29296875,True,,JPEG,RGB,4000,2672,1,131.43231,155.88263,109.6462,143.29233,31.345533,839.1686,0.9824332967836257,14685027249732048328,98d8bcae4f5fff0b1bb8b3e0fd5e9f84,1.4970059880239521,10.688
Train,Powdery,cb6b3110b7dae9c0.jpg,.jpg,956.4580078125,True,,JPEG,RGB,4000,2672,1,127.548,149.30583,98.64974,137.02228,33.77483,896.1463,0.968110380116959,5463802484993616198,4945e9ea8b53517e5f58441c778484e0,1.4970059880239521,10.688
Train,Powdery,cb89e22ed61c53e8.jpg,.jpg,605.818359375,True,,JPEG,RGB,4000,2672,1,139.61954,155.20651,120.94419,146.64062,50.336487,940.17004,0.9185169956140351,7587257306885785421,9a689d65cb0ed3d2323b660536e71087,1.4970059880239521,10.688
Train,Powdery,cbbc2d2e8f604371.jpg,.jpg,942.169921875,True,,JPEG,RGB,4000,2672,1,108.01802,150.25284,105.015465,132.46658,37.846653,907.6818,0.9792123538011696,7454189457670488930,75f225bc911ff90fe15f6b108e50c7b7,1.4970059880239521,10.688
Train,Powdery,cc032233b787497f.jpg,.jpg,834.4482421875,True,,JPEG,RGB,4000,2672,1,115.557335,152.25038,114.748924,137.0016,38.271065,455.2605,0.9156387061403509,14447814722045748274,dad84fe4a5ea804a05a59568c13a1fa8,1.4970059880239521,10.688
Train,Powdery,cc066b5d98b5b26c.jpg,.jpg,916.6005859375,True,,JPEG,RGB,4000,2672,1,129.26364,143.9624,109.59524,135.64774,42.921547,1025.3418,0.7578353435672515,17574073706191262353,f8550d86cdb0d31e381e912ff1942879,1.4970059880239521,10.688
Train,Powdery,cc49ede8099914fd.jpg,.jpg,895.443359375,True,,JPEG,RGB,4000,2672,1,134.41345,157.6545,117.66696,146.14816,27.849936,759.5933,0.9536732456140351,2585951231275177001,fcc1a722d76785c3fbdd89406ee76541,1.4970059880239521,10.688
Train,Powdery,cc69583c17bd0e39.jpg,.jpg,739.1142578125,True,,JPEG,RGB,4000,2672,1,137.01242,163.11003,127.81643,151.27481,25.190298,536.7402,0.9879385964912281,3499828397388117736,c8500e1b60e2634447b21af96fb5cd2c,1.4970059880239521,10.688
Train,Powdery,cc9bdfb8483f20a1.jpg,.jpg,698.759765625,True,,JPEG,RGB,4000,2672,1,128.9573,161.21898,99.18309,144.49908,43.666023,708.1035,0.9975100511695907,3562561579375801888,71bca71bcd307d6a15c605fffe3ba5cb,1.4970059880239521,10.688
Train,Powdery,ccb2129857236f6e.jpg,.jpg,857.1279296875,True,,JPEG,RGB,4000,2672,1,135.29016,162.82045,114.41973,149.06851,31.863913,971.4185,0.9707602339181286,15686221043836643172,1bcb595d951c0305133fd856440bb532,1.4970059880239521,10.688
Train,Powdery,ccc83bf8cd073c98.jpg,.jpg,708.1572265625,True,,JPEG,RGB,4000,2672,1,112.37902,143.82219,116.560265,131.31125,38.256084,539.1266,0.8962673611111112,3724798931454676074,320c083a393b579df9b9859b8ea09c36,1.4970059880239521,10.688
Train,Powdery,cd13a2ec6f8b2b42.jpg,.jpg,860.294921875,True,,JPEG,RGB,4000,2672,1,109.73632,145.38272,104.68044,130.0866,41.246235,735.74194,0.9625593932748538,16348295698777810883,96dc42efdad4661c6b198c0749de9c91,1.4970059880239521,10.688
Train,Powdery,cd7b46a12d358715.jpg,.jpg,867.6044921875,True,,JPEG,RGB,4000,2672,1,133.75313,155.66109,112.05083,144.13792,32.90461,1005.1538,0.94624908625731,5994634369422518504,fecd3554f0e286dd3ae99954f7191d74,1.4970059880239521,10.688
Train,Powdery,cd8b6426ca87396e.jpg,.jpg,679.818359375,True,,JPEG,RGB,4000,2672,1,118.55848,140.80553,102.78815,129.8157,49.52227,1006.4812,0.9776361476608187,14110468096612779622,210c7b0e69345aeaa6c945c10825aff8,1.4970059880239521,10.688
Train,Powdery,cd9f7801fc03c71c.jpg,.jpg,1108.0439453125,True,,JPEG,RGB,4000,2672,1,131.00336,148.39278,112.14702,139.05951,54.19549,1833.9636,0.8180052997076024,8246726720024138662,fe7780eb80e4495426d6c93fa381678f,1.4970059880239521,10.688
Train,Powdery,cdc13091db39ce39.jpg,.jpg,921.578125,True,,JPEG,RGB,4000,2672,1,134.66173,158.10645,121.58463,146.9325,37.597454,1297.1198,0.970577485380117,17566258818594288177,85e5ee858f6bc9d82d8b513ecb2f6eb6,1.4970059880239521,10.688
Train,Powdery,cdc13d9515b7082f.jpg,.jpg,1046.52734375,True,,JPEG,RGB,4000,2672,1,119.27241,147.52437,127.72773,136.8181,34.137497,1165.5249,0.8233050073099415,3927914859172211763,73e425485f47db8145f7eafc6a8e1f3f,1.4970059880239521,10.688
Train,Powdery,cdc871e816d634b5.jpg,.jpg,917.2314453125,True,,JPEG,RGB,4000,2672,1,126.43492,142.14151,105.63853,133.29195,35.549103,673.1586,0.9494928728070176,12885751125230404170,86ffb06febfe8d80bdcd2ccb37b4f4df,1.4970059880239521,10.688
Train,Powdery,cdde470213a8d26f.jpg,.jpg,887.3046875,True,,JPEG,RGB,4000,2672,1,141.80528,161.5879,121.0387,151.04959,26.768269,1115.8931,0.9293220029239766,7667996507534377802,bea5a16f14fd2baaad8305593c42a666,1.4970059880239521,10.688
Train,Powdery,ce2b568eb0c197b4.jpg,.jpg,946.7880859375,True,,JPEG,RGB,4000,2672,1,140.08241,152.42471,116.92368,144.68779,35.13522,1430.5144,0.8763934576023392,7722347949289661452,908d2fc8b1cb71bbc9cf0a3071747bfd,1.4970059880239521,10.688
Train,Powdery,ce792e35b06ab151.jpg,.jpg,1017.1455078125,True,,JPEG,RGB,4000,2672,1,113.265854,121.98449,105.18042,117.460205,60.878353,1382.5573,0.791735197368421,2765740006909043061,edb63045e6cbeaaeb75c332ec581c452,1.4970059880239521,10.688
Train,Powdery,ce861cc40f6fc03f.jpg,.jpg,908.4873046875,True,,JPEG,RGB,4000,2672,1,138.85336,154.24191,121.89529,145.9544,33.89977,1279.5438,0.8885233918128655,7252441653590436660,50a468cb5e1160aee9c1af6251528f46,1.4970059880239521,10.688
Train,Powdery,ceca3279956c3683.jpg,.jpg,788.861328125,True,,JPEG,RGB,4000,2672,1,126.51229,160.15924,114.25379,144.86429,34.760353,1121.8833,0.9754431652046783,1230020524010516044,a9222a3dcd1cfcf5ced5c81d04da2dfe,1.4970059880239521,10.688
Train,Powdery,cecd3eb083c45536.jpg,.jpg,805.3212890625,True,,JPEG,RGB,4000,2672,1,119.915,151.21536,124.2815,138.7805,33.971874,1041.5328,0.9553408260233918,16528740461364129581,4e695416d4198f7ef0869950840a78b0,1.4970059880239521,10.688
Train,Powdery,ced36b93c8c498c3.jpg,.jpg,721.47265625,True,,JPEG,RGB,4000,2672,1,131.43497,157.38051,104.79557,143.62564,39.050625,761.7652,0.9585846125730995,5288886939846436387,2b5b16827421ffd78f4f518daee7bd2f,1.4970059880239521,10.688
Train,Powdery,cedd07a6c69ee108.jpg,.jpg,631.953125,True,,JPEG,RGB,4000,2672,1,133.14038,154.96898,105.59156,142.8125,45.11442,895.71674,0.9046281067251462,7382158870533242313,0e88ce15ec6b341e507d8fae73bf2278,1.4970059880239521,10.688
Train,Powdery,cf0ec556d852a29e.jpg,.jpg,1222.9501953125,True,,JPEG,RGB,4000,2672,1,139.54356,167.38295,116.93942,153.30643,37.616276,1590.25,0.9644325657894737,7305756898530707650,c44fb8ab018e3e32ff11c64b742d96af,1.4970059880239521,10.688
Train,Powdery,cf4c27b8b2352d91.jpg,.jpg,931.5791015625,True,,JPEG,RGB,4000,2672,1,121.50126,142.04123,99.4515,131.0438,44.74432,1204.0992,0.8955135233918129,16421639818208045257,d74d4769eea8cbcc52067068d30382c8,1.4970059880239521,10.688
Train,Powdery,cf683615876164f6.jpg,.jpg,874.2060546875,True,,JPEG,RGB,4000,2672,1,130.98557,157.13281,119.14974,144.98145,25.769552,787.7222,0.9784813596491229,9268867368656463976,feee0c3793c32e5bcfcefff5770ce19a,1.4970059880239521,10.688
Train,Powdery,cf93c9f130c434c7.jpg,.jpg,927.98046875,True,,JPEG,RGB,4000,2672,1,130.14342,146.26103,98.7982,136.02933,53.180836,947.7654,0.8188505116959064,15627877876160847984,c6b4e139d3091637b44bc654d784bd28,1.4970059880239521,10.688
Train,Powdery,cf9d3fc3e12806b0.jpg,.jpg,769.130859375,True,,JPEG,RGB,4000,2672,1,138.97427,155.60432,123.80722,147.00533,40.644684,945.94684,0.8619334795321637,7665748424616399127,86f47a1f9e1e221fa16c7289199552c8,1.4970059880239521,10.688
Train,Powdery,cfda28bcbd43c10c.jpg,.jpg,940.951171875,True,,JPEG,RGB,4000,2672,1,122.24509,146.20047,111.23593,135.04962,37.263775,973.7693,0.9835069444444444,2405416330363201379,5cf01f7bf22498256fca9d19d6311c56,1.4970059880239521,10.688
Train,Powdery,d0038fc70833bdd7.jpg,.jpg,767.9951171875,True,,JPEG,RGB,4000,2672,1,125.53628,166.86646,132.57661,150.59377,27.02319,883.1334,0.9866593567251462,15630884461889199157,301f166c70130b90c4962ca193a1c13d,1.4970059880239521,10.688
Train,Powdery,d02a31ff24fba603.jpg,.jpg,618.1357421875,True,,JPEG,RGB,4000,2672,1,132.26692,152.56812,116.17754,142.34737,37.541878,753.8213,0.932063230994152,4016064787339041948,3547118e8792e09a3e15186edc125364,1.4970059880239521,10.688
Train,Powdery,d03c1ec3689f37c8.jpg,.jpg,785.8671875,True,,JPEG,RGB,4000,2672,1,104.40415,146.98358,115.00898,130.60727,38.680145,707.4366,0.8540296052631579,13376857030880970912,baa62de4790c4a6910032314535e6ee4,1.4970059880239521,10.688
Train,Powdery,d0563fbb241b2ce1.jpg,.jpg,854.734375,True,,JPEG,RGB,4000,2672,1,131.6885,154.27919,111.98506,142.70009,39.88096,775.58734,0.9157757675438597,7516653602976520354,d35883ba11e9e7dd504980611d74523d,1.4970059880239521,10.688
Train,Powdery,d0806bfbf9452693.jpg,.jpg,750.6884765625,True,,JPEG,RGB,4000,2672,1,127.4481,158.00658,103.20016,142.61826,27.58833,876.9529,0.979874817251462,14551381720745941002,175d5aec1c8fb34a5222e61710e6f0fa,1.4970059880239521,10.688
Train,Powdery,d09f638db1737830.jpg,.jpg,972.56640625,True,,JPEG,RGB,4000,2672,1,108.37735,127.1457,76.581825,115.768845,55.21332,930.5908,0.9380025584795322,15596159541995162250,7bda27d7d3fe89e0021bf1c593e9d182,1.4970059880239521,10.688
Train,Powdery,d0bc2d0d339664f5.jpg,.jpg,781.6162109375,True,,JPEG,RGB,4000,2672,1,124.128975,151.6689,101.1395,137.66847,28.712526,833.31696,0.9983781067251462,18226785165599099097,004618ea4deabbdcb8c3490655bd038d,1.4970059880239521,10.688
Train,Powdery,d0d168da543de2e9.jpg,.jpg,937.2568359375,True,,JPEG,RGB,4000,2672,1,120.50156,145.3262,92.98698,131.93694,41.618973,1033.1567,0.9500868055555556,12132099257056989831,68382b2f644f8f3e837dd9dd46a28b92,1.4970059880239521,10.688
Train,Powdery,d0e230392b9d0ff6.jpg,.jpg,892.21484375,True,,JPEG,RGB,4000,2672,1,132.42549,147.19458,111.19673,138.67445,36.603954,1128.9647,0.901452850877193,11352700432116496533,75d9f56179302c1792d64bad46e3a5cc,1.4970059880239521,10.688
Train,Powdery,d14a26bccd72a627.jpg,.jpg,937.2548828125,True,,JPEG,RGB,4000,2672,1,113.542534,156.32059,102.67089,137.40909,30.987326,903.629,0.9997487207602339,11587973706504117474,d505978a9b4c50c049b5660800c03ad1,1.4970059880239521,10.688
Train,Powdery,d14f0b2c06b6aa5f.jpg,.jpg,890.2314453125,True,,JPEG,RGB,4000,2672,1,140.68535,158.37881,118.253105,148.51318,41.347736,1353.8694,0.9213952850877193,16490644049008768208,8c68443a200ded2997c9f6b8cc7407a4,1.4970059880239521,10.688
Train,Powdery,d15e92a43a7ad09b.jpg,.jpg,882.091796875,True,,JPEG,RGB,4000,2672,1,137.06288,156.45532,129.72878,147.60938,32.383812,1248.5286,0.862641630116959,12522989289569970889,842624f49bdd8ea91c62082a34265291,1.4970059880239521,10.688
Train,Powdery,d1957a78199ae1f0.jpg,.jpg,799.6943359375,True,,JPEG,RGB,4000,2672,1,134.91959,151.60464,117.31757,142.70767,35.902573,605.18774,0.9201617324561403,11153389258906272153,2ddcf6653b4728b6da6a199755dd2685,1.4970059880239521,10.688
Train,Powdery,d1a0a392cadb196f.jpg,.jpg,870.826171875,True,,JPEG,RGB,4000,2672,1,137.77946,155.53267,116.475784,145.76947,38.372242,1276.2797,0.8989857456140351,14525852831548196961,35f1717562900d301393a5e12bd5bcf4,1.4970059880239521,10.688
Train,Powdery,d24e3ad73ea0073a.jpg,.jpg,1082.0712890625,True,,JPEG,RGB,4000,2672,1,118.85243,149.8704,109.4753,135.98935,43.114113,1041.9784,0.9246619152046783,12495448980585618233,c3759798963c2e6198a274bad5380148,1.4970059880239521,10.688
Train,Powdery,d25f3744c43a6d70.jpg,.jpg,1012.01953125,True,,JPEG,RGB,4000,2672,1,109.69205,149.61319,136.03772,136.12929,25.98654,1221.4532,0.7679322002923976,7811548468603886742,3b342313ead686b14b762ece305eaca1,1.4970059880239521,10.688
Train,Powdery,d26aafe07980dc2e.jpg,.jpg,917.9150390625,True,,JPEG,RGB,4000,2672,1,111.90456,160.87862,110.28068,140.46774,29.23985,684.60016,0.9998857821637427,2686789362359261306,85253e7299dfbb16c4fe1d79411dae60,1.4970059880239521,10.688
Train,Powdery,d2c367653d2af228.jpg,.jpg,724.015625,True,,JPEG,RGB,4000,2672,1,136.54826,156.55435,113.99715,145.71828,30.411049,553.1337,0.9180144371345029,14754048772514554892,2a628f3087213a60f5c0bd82f8eb4579,1.4970059880239521,10.688
Train,Powdery,d2c92a35058b97bd.jpg,.jpg,778.912109375,True,,JPEG,RGB,4000,2672,1,129.36824,154.26108,102.8676,140.959,41.417477,758.64905,0.9751005116959064,8111389542648125865,db58e9349de85924e27fe7f738d7a495,1.4970059880239521,10.688
Train,Powdery,d2dde6604dc5a534.jpg,.jpg,755.4443359375,True,,JPEG,RGB,4000,2672,1,127.72462,152.2765,105.073715,139.55234,35.122066,560.4615,0.9716282894736842,15374489173969702381,35bd23e79bdca4e1c1dee5535bcf2f90,1.4970059880239521,10.688
Train,Powdery,d2e665581b6ba915.jpg,.jpg,846.216796875,True,,JPEG,RGB,4000,2672,1,128.95041,140.58928,107.42695,133.333,37.19754,664.5807,0.7801306652046783,4721115986801037528,1868e47fa466f0391bfc3ecb77165e5f,1.4970059880239521,10.688
Train,Powdery,d3b93f692c27e480.jpg,.jpg,891.486328125,True,,JPEG,RGB,4000,2672,1,125.71706,148.01659,91.220894,134.8789,43.170696,1255.786,0.9558433845029239,6600548688886582637,8e30a02c41a79cc2341efccbac0bc72a,1.4970059880239521,10.688
Train,Powdery,d3fd7b8e048e1622.jpg,.jpg,793.169921875,True,,JPEG,RGB,4000,2672,1,115.85252,151.83452,108.03406,136.08464,45.429935,525.3252,0.820906432748538,3682636037235722701,1242104d3ec0cfcb6d17b9a2e9b85d6a,1.4970059880239521,10.688
Train,Powdery,d465d760828ff1a3.jpg,.jpg,904.5478515625,True,,JPEG,RGB,4000,2672,1,144.25842,162.40695,122.94442,152.48009,37.369263,1397.7891,0.933296783625731,14809536204652049532,d9d4606b9ea37d2211128596c2a8f7da,1.4970059880239521,10.688
Train,Powdery,d46b2738c3167bb0.jpg,.jpg,779.720703125,True,,JPEG,RGB,4000,2672,1,106.62653,160.24284,133.41466,141.15294,22.2563,528.9869,0.9365862573099415,640074581040739432,9c46b4deedccbd8142d2d4dc0f686f5b,1.4970059880239521,10.688
Train,Powdery,d46f7e4a73c00996.jpg,.jpg,1031.3515625,True,,JPEG,RGB,4000,2672,1,138.75201,154.56526,109.331985,144.68172,31.227715,1049.812,0.8552174707602339,5126334507189838908,4317b87995959cbb5972eb52d3c166cd,1.4970059880239521,10.688
Train,Powdery,d48d5adbbc29c390.jpg,.jpg,885.427734375,True,,JPEG,RGB,4000,2672,1,125.48228,148.7493,105.767586,136.88832,34.7854,1339.7468,0.9879614400584795,12767943777948567596,d5e8d24d3467a1f7e97748027739e868,1.4970059880239521,10.688
Train,Powdery,d4913d2569cf7c0c.jpg,.jpg,1087.8291015625,True,,JPEG,RGB,4000,2672,1,134.68056,156.68193,107.162346,144.45892,43.749374,1387.2953,0.9530793128654971,10852602844360878384,1f726635131d850027c69f818ca039f5,1.4970059880239521,10.688
Train,Powdery,d4996c34398e9e4b.jpg,.jpg,812.4853515625,True,,JPEG,RGB,4000,2672,1,146.52396,153.1318,126.53922,148.12242,37.593895,1032.4397,0.7752421418128655,3787650827501200484,df397d783e4203fc7aee627ca8b290e0,1.4970059880239521,10.688
Train,Powdery,d4b4dacc21b06b97.jpg,.jpg,992.7900390625,True,,JPEG,RGB,4000,2672,1,138.23634,161.41821,122.03989,150.00153,20.885214,2046.2295,0.954015899122807,12552702620703305936,07244b1ea7e76f7055c1e0b7268db64b,1.4970059880239521,10.688
Train,Powdery,d54936d98aade017.jpg,.jpg,742.236328125,True,,JPEG,RGB,4000,2672,1,135.50253,156.07607,101.38096,143.69113,32.216362,666.63245,0.9353070175438597,5936295654674816044,199c7dbbdca57936d46b0a7e768656dc,1.4970059880239521,10.688
Train,Powdery,d5890ad21bcc8bb7.jpg,.jpg,870.283203125,True,,JPEG,RGB,4000,2672,1,132.08157,156.82152,120.92445,145.3267,30.855745,1240.2189,0.9571683114035088,18076009518059783240,854c2c8f68d201595fbae692df8ceae5,1.4970059880239521,10.688
Train,Powdery,d5912f63b8a8c353.jpg,.jpg,932.3251953125,True,,JPEG,RGB,4000,2672,1,112.59706,158.09955,118.48632,139.97629,28.907555,1053.1119,0.972359283625731,5398356558902223972,7026132348fa2c7e4ceac508ae40549b,1.4970059880239521,10.688
Train,Powdery,d59b4b48692dc4f1.jpg,.jpg,922.2255859375,True,,JPEG,RGB,4000,2672,1,115.0151,161.58208,113.304115,142.15314,35.7986,971.91833,0.96484375,3708888248083694144,5e6a664200f621bc1c644771a44ca6ea,1.4970059880239521,10.688
Train,Powdery,d5c22b2d36f3c843.jpg,.jpg,936.599609375,True,,JPEG,RGB,4000,2672,1,95.92261,155.26093,134.74803,135.17886,31.716246,756.3121,0.8191931652046783,5827878628514730580,8ad3b91534cba9ba31d4d85ffb8d3a6f,1.4970059880239521,10.688
Train,Powdery,d5f1db088e8db522.jpg,.jpg,725.6142578125,True,,JPEG,RGB,4000,2672,1,139.62012,159.62587,110.37342,148.03024,33.781185,882.5711,0.9120979532163743,4037510201303523938,604151b1d2b7c8b1792b5dc29ada5034,1.4970059880239521,10.688
Train,Powdery,d5f8a3b4c49b1a49.jpg,.jpg,889.2578125,True,,JPEG,RGB,4000,2672,1,140.25215,157.79411,118.263275,148.04218,41.821255,1496.9801,0.8906935307017544,10670781730709592419,7c9e2b553456fe8c1a71e9f9f6aecc27,1.4970059880239521,10.688
Train,Powdery,d6937a270f85c661.jpg,.jpg,852.158203125,True,,JPEG,RGB,4000,2672,1,136.67946,157.19995,118.55437,146.65446,32.08181,1061.8405,0.9560718201754386,7790603367048554016,af420a631f9feba0971379a818dbeb3a,1.4970059880239521,10.688
Train,Powdery,d69a6d682326479d.jpg,.jpg,931.3359375,True,,JPEG,RGB,4000,2672,1,133.65575,161.0008,109.38281,146.93796,32.409733,946.9796,0.9554550438596491,3186697842712700454,803d15fc18ea524985c9a7cc7fe1240f,1.4970059880239521,10.688
Train,Powdery,d6b03acf781b6119.jpg,.jpg,953.0693359375,True,,JPEG,RGB,4000,2672,1,128.05539,152.5267,106.959885,140.00902,29.243784,1885.7422,0.944078947368421,2985037976397965485,2c3d6fd59e574b7332ef980d0b2b2d2f,1.4970059880239521,10.688
Train,Powdery,d6ce7e7e81854cc0.jpg,.jpg,782.947265625,True,,JPEG,RGB,4000,2672,1,125.39981,148.25699,116.68924,137.82124,34.858074,567.004,0.9252101608187134,7217265520383976660,a5b9267a3707eda0429d763423f72e99,1.4970059880239521,10.688
Train,Powdery,d6e047eea05c69a9.jpg,.jpg,831.6416015625,True,,JPEG,RGB,4000,2672,1,139.73685,147.86253,123.009346,142.60419,51.790516,1138.2478,0.743078399122807,345812438725257300,6b413a09ad86da26c28764d21d92a52f,1.4970059880239521,10.688
Train,Powdery,d6e22d9c8a667b41.jpg,.jpg,873.9111328125,True,,JPEG,RGB,4000,2672,1,133.45299,148.96329,110.14001,139.90146,30.47705,729.7719,0.8893000730994152,16350531537544991826,0426f0ecf8d1697c122b157b1593978c,1.4970059880239521,10.688
Train,Powdery,d795392c59332746.jpg,.jpg,717.9189453125,True,,JPEG,RGB,4000,2672,1,118.77047,136.4353,97.981636,126.76784,50.617607,1244.2722,0.9271290204678363,6102497171742003264,a7afda44467f16995e3dbc92fb7075f1,1.4970059880239521,10.688
Train,Powdery,d7c360a98454bdea.jpg,.jpg,881.103515625,True,,JPEG,RGB,4000,2672,1,120.009,143.47151,100.30983,131.53148,36.123875,807.7847,0.9483050073099415,15189599674071920692,818ea1356a325cb6e065061b5ad900b7,1.4970059880239521,10.688
Train,Powdery,d89627d91927649e.jpg,.jpg,698.888671875,True,,JPEG,RGB,4000,2672,1,113.5443,163.76738,120.56323,143.82767,29.72091,620.0752,0.9271975511695907,5924815819217472035,97db9b4eb56d933bd66f3a008a0decc1,1.4970059880239521,10.688
Train,Powdery,d8970a626769bd4c.jpg,.jpg,860.0146484375,True,,JPEG,RGB,4000,2672,1,125.768684,153.36324,110.458885,140.22115,37.374588,1164.5194,0.9675392909356725,14795578247634055987,251b91c26004ef4e6fbd2ee5c4014b51,1.4970059880239521,10.688
Train,Powdery,d8b0d86eb617132b.jpg,.jpg,798.1455078125,True,,JPEG,RGB,4000,2672,1,143.22197,154.9118,121.36572,147.58887,39.33366,1040.0663,0.7143640350877193,13598577071740776560,df9d0dbb6a4ed16a38d81d2c73087512,1.4970059880239521,10.688
Train,Powdery,d8ba4f3a333ca186.jpg,.jpg,801.1953125,True,,JPEG,RGB,4000,2672,1,121.815994,143.94574,112.44362,133.74158,39.94201,607.1982,0.9072094298245614,13401006842380853440,5c17db98bb07a949c97ea44dedfdb509,1.4970059880239521,10.688
Train,Powdery,d96720fc36c10f8b.jpg,.jpg,1060.8271484375,True,,JPEG,RGB,4000,2672,1,125.64295,152.26357,94.82219,137.75385,37.52415,968.99176,0.9719252558479532,5661660602355071668,8afa9efa2544d6fef1791a5fdf205cba,1.4970059880239521,10.688
Train,Powdery,d96d3032f2c9cf50.jpg,.jpg,883.32421875,True,,JPEG,RGB,4000,2672,1,125.883865,144.89215,116.039474,135.9203,36.48094,931.87836,0.9252558479532164,1158115328437295260,5bf670798b3a2869388660f577b1aa1c,1.4970059880239521,10.688
Train,Powdery,d9c2b023a6ecdd83.jpg,.jpg,934.3701171875,True,,JPEG,RGB,4000,2672,1,134.79071,165.2296,110.93435,149.93924,28.392256,1134.7733,0.965140716374269,9915008991332807450,290d70b4179fac3a19659d62f041204f,1.4970059880239521,10.688
Train,Powdery,d9cf25374ae1d20a.jpg,.jpg,962.3818359375,True,,JPEG,RGB,4000,2672,1,119.56234,142.68947,95.39869,130.37685,44.105373,1042.1759,0.97953216374269,5778947286996131467,fd3a62296b5e442d577d73a3de343ba2,1.4970059880239521,10.688
Train,Powdery,da006f888f337c8f.jpg,.jpg,606.447265625,True,,JPEG,RGB,4000,2672,1,128.08372,148.55951,121.381485,139.33751,31.484465,545.5982,0.8777412280701754,17537410543570717001,6adfec2617faf45815625fe0d2cd9394,1.4970059880239521,10.688
Train,Powdery,da8c9c397939b312.jpg,.jpg,774.6826171875,True,,JPEG,RGB,4000,2672,1,117.792145,158.31035,99.21834,139.44748,26.880037,548.5179,0.9991547880116959,12818911709596586313,b5cfba67a6d070da1f23c1edb185c7b2,1.4970059880239521,10.688
Train,Powdery,da907435d1479b3c.jpg,.jpg,1004.69140625,True,,JPEG,RGB,4000,2672,1,100.101494,150.4273,124.46941,132.41861,42.25524,740.52124,0.9137426900584795,1734222243484471576,f4f1a9e5fa6d36ef7ee90c3649b67f48,1.4970059880239521,10.688
Train,Powdery,dac31b1ecd989895.jpg,.jpg,880.005859375,True,,JPEG,RGB,4000,2672,1,129.60014,151.00534,108.69906,139.78145,39.0919,1132.6187,0.904719480994152,2938765884308402483,83837e437d5d149096fa0ccb868a3d43,1.4970059880239521,10.688
Train,Powdery,dbcddab440b18356.jpg,.jpg,787.1357421875,True,,JPEG,RGB,4000,2672,1,134.02133,161.16258,109.845985,147.19579,35.141876,947.0275,0.9243421052631579,10403961461510248857,a22e5ee3175c285e68c2cfdaca2c2443,1.4970059880239521,10.688
Train,Powdery,dbdc302b145965a7.jpg,.jpg,773.552734375,True,,JPEG,RGB,4000,2672,1,124.34288,145.83907,103.83075,134.61938,45.148705,1575.4751,0.9422743055555556,4048950402719898060,1b8e10f0629edfb5f6a866389db8e65b,1.4970059880239521,10.688
Train,Powdery,dbe6c1f60cf81f00.jpg,.jpg,781.3740234375,True,,JPEG,RGB,4000,2672,1,121.81083,165.97224,103.83667,145.68327,37.678303,903.0993,0.973250182748538,2434592736844224752,b6fcf01eb72c770bcfd8f2e2f801fcf3,1.4970059880239521,10.688
Train,Powdery,dbf601a5c18c27e9.jpg,.jpg,789.833984375,True,,JPEG,RGB,4000,2672,1,132.44525,155.9823,115.3514,144.3087,27.710054,869.72095,0.7993421052631579,15084846947727094745,f86f58f78bae7690542814d2ff67aca9,1.4970059880239521,10.688
Train,Powdery,dc597b339482e585.jpg,.jpg,858.396484375,True,,JPEG,RGB,4000,2672,1,109.387726,151.9025,119.823006,135.52913,29.910912,704.09204,0.9596125730994152,1743705461473947686,61bba0fc617537264de80cc05bc5ca1a,1.4970059880239521,10.688
Train,Powdery,dcc13ff620061f2e.jpg,.jpg,888.9638671875,True,,JPEG,RGB,4000,2672,1,133.17471,141.66808,107.9312,135.28102,42.030483,992.9324,0.7529925073099415,870024659917104503,5b9dfb3796eec7771945152a674329b6,1.4970059880239521,10.688
Train,Powdery,dcca6a2b254ca4f6.jpg,.jpg,1036.685546875,True,,JPEG,RGB,4000,2672,1,115.04048,131.48218,98.9915,122.86751,52.368065,885.6349,0.9871390716374269,17424814746480025891,22fb0d0ab1d6cededeacc77c0fa37c4e,1.4970059880239521,10.688
Train,Powdery,dcd82b44eccdd350.jpg,.jpg,873.1943359375,True,,JPEG,RGB,4000,2672,1,135.31387,156.29582,117.64037,145.61111,27.80975,811.8818,0.9017955043859649,2316002731313611466,47127a4b294e1af26c597c6729f2ce9b,1.4970059880239521,10.688
Train,Powdery,dce4811791a76ea5.jpg,.jpg,863.7451171875,True,,JPEG,RGB,4000,2672,1,124.16792,161.63033,115.49123,145.16336,26.04376,992.5336,0.9972587719298246,16780662420144705778,52cba7472227074497d3072996041079,1.4970059880239521,10.688
Train,Powdery,dd2b55650be44d49.jpg,.jpg,665.326171875,True,,JPEG,RGB,4000,2672,1,127.58838,142.75461,103.574425,133.75125,44.037453,1188.9678,0.858781067251462,15788832312439254032,66d39a9710ffccb87a7790c3b987bb81,1.4970059880239521,10.688
Train,Powdery,dd590fad6464acc4.jpg,.jpg,872.453125,True,,JPEG,RGB,4000,2672,1,131.57141,155.19002,107.30094,142.66731,39.717583,1100.3783,0.9701206140350878,8095282626588514119,e86a9b18b5abd8d2dae45349d4f2e77f,1.4970059880239521,10.688
Train,Powdery,ddc2379c21cf30d1.jpg,.jpg,785.791015625,True,,JPEG,RGB,4000,2672,1,129.17798,149.61104,110.669136,139.06448,36.88576,967.159,0.9591557017543859,16457385537682043482,6db98c7f858e8a9fb1c226b3d049a2aa,1.4970059880239521,10.688
Train,Powdery,ddca2303c383d9b9.jpg,.jpg,861.8828125,True,,JPEG,RGB,4000,2672,1,132.91986,144.55371,118.014595,138.05022,38.13584,795.7805,0.795641447368421,5269828255295361570,65d19648b2ba2850732204672cb5a74b,1.4970059880239521,10.688
Train,Powdery,ddd22d3896cac585.jpg,.jpg,870.359375,True,,JPEG,RGB,4000,2672,1,123.57385,147.98972,106.10081,135.90782,33.72005,823.2449,0.8988258406432749,2315097497387805478,641b94df2fc9e0cc71cbc0cc055391d4,1.4970059880239521,10.688
Train,Powdery,de44a69ccda07a35.jpg,.jpg,870.3427734375,True,,JPEG,RGB,4000,2672,1,128.75964,148.7013,112.45,138.60358,40.90989,987.2381,0.9221948099415205,7308271204093758030,adb45f932a2b50596031552429cea0c1,1.4970059880239521,10.688
Train,Powdery,de49678622fd2c4a.jpg,.jpg,800.966796875,True,,JPEG,RGB,4000,2672,1,121.48369,142.14218,117.05037,133.10477,41.980656,735.5448,0.9529422514619883,7348029001361026156,a4f981156757bf91b5e5499d59be85d2,1.4970059880239521,10.688
Train,Powdery,de8860da8c1dc8df.jpg,.jpg,881.7412109375,True,,JPEG,RGB,4000,2672,1,131.80403,151.81012,98.627235,139.76637,28.527323,809.18384,0.9105902777777778,3573883864168877132,a0beaa7e9c78e9aea4d8e84298cabf20,1.4970059880239521,10.688
Train,Powdery,dec62497d6c2194d.jpg,.jpg,972.4970703125,True,,JPEG,RGB,4000,2672,1,129.80498,150.39473,111.00203,139.74356,41.874767,1390.1533,0.9440561038011696,12422147566426844850,5fba6a411d8d3afbcbf903b607ab1f99,1.4970059880239521,10.688
Train,Powdery,ded1e4ce780a790c.jpg,.jpg,859.453125,True,,JPEG,RGB,4000,2672,1,130.26173,161.67154,109.11013,146.28333,33.855076,839.7882,0.9962079678362573,14151491150327931222,5ffd261e33a43d396d28da0c5ae6a3f4,1.4970059880239521,10.688
Train,Powdery,def76a9002058be7.jpg,.jpg,968.287109375,True,,JPEG,RGB,4000,2672,1,121.434326,154.98567,132.99655,142.4465,32.409264,1382.643,0.8441154970760234,3171766075296883491,c6851c872b6ce5d73504ccfaaaba9965,1.4970059880239521,10.688
Train,Powdery,df570928d3d22a9a.jpg,.jpg,953.50390625,True,,JPEG,RGB,4000,2672,1,136.0137,154.81926,126.15415,145.9238,32.04766,1233.8905,0.9083516081871345,6012987527779578097,e7fc17d0f1346b75b0165bcb085b85e5,1.4970059880239521,10.688
Train,Powdery,dfb8688819856be9.jpg,.jpg,860.1044921875,True,,JPEG,RGB,4000,2672,1,134.83769,151.23067,113.74865,142.05313,31.544788,812.2184,0.9100420321637427,4259411823584903744,72f049783a22b160d9250ae1f854793a,1.4970059880239521,10.688
Train,Powdery,dfe1279ac92430c7.jpg,.jpg,836.79296875,True,,JPEG,RGB,4000,2672,1,122.1319,149.83,104.30663,136.35335,38.246746,888.3242,0.9326114766081871,7584361047712687216,582b2b35992c9abbaa58356e22b76ad2,1.4970059880239521,10.688
Train,Powdery,e03795d3f908a31d.jpg,.jpg,1055.068359375,True,,JPEG,RGB,4000,3000,1,140.6249,173.13147,132.61241,158.79114,36.695667,1113.4834,0.9232584635416666,8654967971368244354,e381dd73ebf4b2ee611f4b8657e8cdd1,1.3333333333333333,12.0
Train,Powdery,e0bc3f031c18fc1f.jpg,.jpg,875.998046875,True,,JPEG,RGB,4000,2672,1,120.66404,135.15654,108.423454,127.77718,55.31618,1206.0073,0.862641630116959,4035404098944729360,4d5524bb7f1d8aba4a5678f31b2be2ab,1.4970059880239521,10.688
Train,Powdery,e160ddea201fe29d.jpg,.jpg,811.708984375,True,,JPEG,RGB,4000,2672,1,137.61089,163.44582,100.409035,148.5345,46.66454,1232.1758,0.9719709429824561,11501294986373462250,da0236d950e7a28e09542daa887b6f64,1.4970059880239521,10.688
Train,Powdery,e1892f6e98ec05ba.jpg,.jpg,760.400390625,True,,JPEG,RGB,4000,2672,1,135.95923,162.3202,120.00062,149.60846,25.840176,905.3228,0.9588130482456141,16990624071819855701,6f299d2ae1b9a9b1d4c3d8f94611d35a,1.4970059880239521,10.688
Train,Powdery,e18e5ce563270af4.jpg,.jpg,753.3837890625,True,,JPEG,RGB,4000,2672,1,149.43744,171.10513,117.547676,158.5255,45.783035,717.6176,0.9385508040935673,16312224559201392284,24309c43441cdc264d8e88020b92edf5,1.4970059880239521,10.688
Train,Powdery,e1c3963c6bb08f38.jpg,.jpg,942.3115234375,True,,JPEG,RGB,4000,3000,1,159.87392,185.35222,155.0801,174.2831,41.04368,1551.71,0.9357503255208334,613267483915095243,e641d2ac0bd7cc9d416d79e9c8631d7c,1.3333333333333333,12.0
Train,Powdery,e28c2dc43ca0f6eb.jpg,.jpg,893.7919921875,True,,JPEG,RGB,4000,2672,1,143.98427,158.5609,117.3647,149.508,54.379295,1208.8082,0.9075063961988304,12020821005691373828,f858057e7e75e19d5e35e179977c4df6,1.4970059880239521,10.688
Train,Powdery,e32938df4d780ea4.jpg,.jpg,800.65234375,True,,JPEG,RGB,4000,2672,1,129.23193,152.21994,93.68028,138.67357,50.8862,793.5397,0.9372715643274854,2002914098629094604,24a308b96294fea1a66d57a2481ed1d6,1.4970059880239521,10.688
Train,Powdery,e3ce62968cf05a99.jpg,.jpg,974.34375,True,,JPEG,RGB,4000,2672,1,140.40207,157.64854,119.27645,148.11746,32.84999,1263.2284,0.867781432748538,7297865572230667403,73516ac56a6f67596064a5ed97c6582d,1.4970059880239521,10.688
Train,Powdery,e49a079f4479f1a4.jpg,.jpg,867.3291015625,True,,JPEG,RGB,4000,2672,1,139.54462,167.0354,113.88288,152.7533,32.404156,1143.99,0.9874131944444444,11864046606148313742,e2cd11bb574b5e378fdcd7db5bf65572,1.4970059880239521,10.688
Train,Powdery,e4e0cb8f6d9a5252.jpg,.jpg,823.2568359375,True,,JPEG,RGB,4000,2672,1,147.24513,165.71005,124.08315,155.44579,23.542414,806.9618,0.8655656067251462,10773891851865596966,11ff397bfd7f5c08af8ea7f7e84abdcf,1.4970059880239521,10.688
Train,Powdery,e4f41f1da41555f0.jpg,.jpg,857.9189453125,True,,JPEG,RGB,4000,2672,1,142.93321,165.18979,116.2767,152.96016,39.80058,887.7657,0.9909996345029239,5622608373103081608,127ff0112d2effd0abf5057f05205e94,1.4970059880239521,10.688
Train,Powdery,e578f96ed4d40618.jpg,.jpg,786.9013671875,True,,JPEG,RGB,4000,2672,1,152.61531,149.74876,128.34131,148.16585,50.953342,1353.9249,0.5453901681286549,10904295134047155874,56a99181ebae9e5b4f911fcee271d49c,1.4970059880239521,10.688
Train,Powdery,e592c91c2b64b26f.jpg,.jpg,530.576171875,True,,JPEG,RGB,4000,2672,1,156.16014,178.35152,108.64974,163.77274,48.591377,994.5064,0.9754660087719298,10992597602892392019,3383592adfff7387aca68e34892defb2,1.4970059880239521,10.688
Train,Powdery,e60442ef4b957a3c.jpg,.jpg,719.15234375,True,,JPEG,RGB,4000,2672,1,137.88692,159.69751,100.49685,146.42702,44.156826,1172.3932,0.9561631944444444,14403818129347680905,8f1bfe80ddadd0e9287898f720745f4c,1.4970059880239521,10.688
Train,Powdery,e685d60b68fc0bc9.jpg,.jpg,668.8720703125,True,,JPEG,RGB,4000,2672,1,147.96718,170.59128,145.61559,160.97835,39.634075,1068.4757,0.913171600877193,3192012026046655877,1debf72b66fe970a5cd4b22a31373baa,1.4970059880239521,10.688
Train,Powdery,e6b330d8994b6c69.jpg,.jpg,780.9130859375,True,,JPEG,RGB,4000,2672,1,137.46645,160.87244,110.51503,148.133,40.71027,1285.26,0.9894462719298246,10956348911666922500,ac78afc7d6d2c985ba3102f8a18a3ad1,1.4970059880239521,10.688
Train,Powdery,e739712c1c37b1c1.jpg,.jpg,877.28515625,True,,JPEG,RGB,4000,2672,1,120.857475,163.14844,122.306175,145.8426,30.17476,659.41046,0.9848318713450293,10865998846572743877,4c9d612c45b4eaed7c7912448a48cea1,1.4970059880239521,10.688
Train,Powdery,e777763e80c1f060.jpg,.jpg,810.11328125,True,,JPEG,RGB,4000,2672,1,137.63933,161.79062,109.19913,148.57433,32.483994,948.2575,0.9481222587719298,5651541250110474216,4f69f35c4f92ce43f9ec9262968cc261,1.4970059880239521,10.688
Train,Powdery,e7d71e4054c4c13f.jpg,.jpg,511.5068359375,True,,JPEG,RGB,4000,2672,1,140.89447,160.53268,126.32093,150.762,53.626934,818.4601,0.8676443713450293,4921395099864318402,37225d6498b9e4c3f1e0d36784a29686,1.4970059880239521,10.688
Train,Powdery,e94b7bd25a9968a0.jpg,.jpg,791.916015625,True,,JPEG,RGB,4000,2672,1,146.92311,161.30385,124.99203,152.8652,38.785713,961.8287,0.8819444444444444,11084364130080412242,ef0c86386b3b396c4981a8bd6f0eddd6,1.4970059880239521,10.688
Train,Powdery,e9819f0bab01e95e.jpg,.jpg,713.3076171875,True,,JPEG,RGB,4000,2672,1,148.25943,163.62628,117.342606,153.7574,39.738068,1199.745,0.8766447368421053,14046325723576344627,1dbf309e018ac172d5188395582aabb8,1.4970059880239521,10.688
Train,Powdery,e9f830a54cb5f0a5.jpg,.jpg,641.1923828125,True,,JPEG,RGB,4000,2672,1,147.20331,176.36159,128.57886,162.19545,43.315536,880.6971,0.9453125,509772296407109155,e093bbb575a32314e491ecd51d926055,1.4970059880239521,10.688
Train,Powdery,ea52a5279e473147.jpg,.jpg,897.4521484375,True,,JPEG,RGB,4000,2672,1,140.61287,166.87068,112.15682,152.78363,36.44088,1353.9519,0.9663057383040936,7611533866050742179,2c34b2c0781a3c0bfa04facb67af9285,1.4970059880239521,10.688
Train,Powdery,eb2be119883e8e2b.jpg,.jpg,874.42578125,True,,JPEG,RGB,4000,2672,1,146.34518,167.1669,119.50226,155.5081,44.264088,1143.1056,0.9293220029239766,11084276918804352204,c6f8b9d68dcf21c4c58af069dce27311,1.4970059880239521,10.688
Train,Powdery,eb4172d496f8c41e.jpg,.jpg,893.9248046875,True,,JPEG,RGB,4000,2672,1,137.7016,159.15317,109.3631,147.06421,37.92982,1108.1956,0.9467516447368421,10433577081393776901,838255feeda948ef7b7dd171625fb2e7,1.4970059880239521,10.688
Train,Powdery,eb809576c342c9f9.jpg,.jpg,668.3662109375,True,,JPEG,RGB,4000,2672,1,140.6118,162.34427,123.08226,151.367,29.704739,803.3138,0.9443073830409356,14611897935219344195,c08955e834a2763f7e500ee48fad0624,1.4970059880239521,10.688
Train,Powdery,ebdfd21c4b01c90d.jpg,.jpg,978.58203125,True,,JPEG,RGB,4000,2672,1,142.4791,164.91943,122.17665,153.33737,39.53698,1416.378,0.9329084429824561,5849056902552991113,47dd536e2ced6d54c8a032395bcf752a,1.4970059880239521,10.688
Train,Powdery,ed0ac179c8d0b5e5.jpg,.jpg,758.4365234375,True,,JPEG,RGB,4000,2672,1,159.8285,179.99312,139.3583,169.33116,38.003395,1380.3704,0.9412691885964912,10622810710021639818,3328243abde75209f894819a06c661de,1.4970059880239521,10.688
Train,Powdery,ede1918a5c3893c7.jpg,.jpg,691.677734375,True,,JPEG,RGB,4000,2672,1,154.91245,162.42082,136.64307,157.24724,54.35745,1173.2876,0.7429641812865497,1244835189337826158,e1fbd27f1cd40c10ea36ae281dcd2313,1.4970059880239521,10.688
Train,Powdery,edea668d94294b94.jpg,.jpg,794.060546875,True,,JPEG,RGB,4000,2672,1,133.14919,160.0887,114.20363,146.80257,39.137043,1164.4686,0.940812317251462,9440973714631075334,957f189111020f37addf47617feaebcf,1.4970059880239521,10.688
Train,Powdery,ee90c7ce1e566c48.jpg,.jpg,874.958984375,True,,JPEG,RGB,4000,2672,1,151.179,175.13953,124.25742,162.17375,50.380264,1601.007,0.9475968567251462,7299493942872064331,266564bbf2f7b96a9edc1ed4565878c3,1.4970059880239521,10.688
Train,Powdery,eea2e669a39c2172.jpg,.jpg,760.31640625,True,,JPEG,RGB,4000,2672,1,134.24352,165.36475,103.04525,148.95267,39.963013,882.3912,0.9580135233918129,10307910075472158950,5fb30662be46eaa5eb97ba21ba35d67a,1.4970059880239521,10.688
Train,Powdery,eeab606812f8bec2.jpg,.jpg,872.8818359375,True,,JPEG,RGB,4000,2672,1,135.76332,168.12543,102.44757,150.95859,32.240555,1078.5864,0.9869106359649122,9503548840124583116,f46ebd08361be6a4e82645a98ada0d5c,1.4970059880239521,10.688
Train,Powdery,ef0275948cb82aed.jpg,.jpg,1067.0380859375,True,,JPEG,RGB,4000,2672,1,140.54861,152.21841,124.398506,145.55905,42.717003,1958.1005,0.8194672880116959,6685958286923339286,de55f2286b1d1dda299b88de8dc6fc69,1.4970059880239521,10.688
Train,Powdery,f016ace0f9d910f9.jpg,.jpg,834.9296875,True,,JPEG,RGB,4000,2672,1,136.82928,145.01846,118.08856,139.5006,63.08705,1238.4226,0.6719435307017544,10686048028383101715,58374a222a7517f1101a635b2a14f655,1.4970059880239521,10.688
Train,Powdery,f04f86e33b389e12.jpg,.jpg,560.7138671875,True,,JPEG,RGB,4000,2672,1,139.27782,153.046,141.85428,147.65465,62.81436,1270.3699,0.5489080774853801,2838992433411294228,85a011e5e43433b291c074689fc71334,1.4970059880239521,10.688
Train,Powdery,f08e137bdb307914.jpg,.jpg,708.8427734375,True,,JPEG,RGB,4000,2672,1,142.64606,158.77844,119.14506,149.43434,34.502785,851.8993,0.9243649488304093,15628799151886212248,5e4c64a57d2914eec19e1a2792c2821d,1.4970059880239521,10.688
Train,Powdery,f0b59e569bd26094.jpg,.jpg,924.9912109375,True,,JPEG,RGB,4000,2672,1,128.64357,148.80028,92.244675,136.32909,49.059746,865.90533,0.9568941885964912,6667164500753886577,14cfe4ae8c122cbe814c60b0ff7f5c28,1.4970059880239521,10.688
Train,Powdery,f0eb17118d71ab85.jpg,.jpg,962.5322265625,True,,JPEG,RGB,4000,2672,1,146.64284,161.9819,125.42016,153.22636,38.4088,1335.672,0.8434987207602339,6415671872680793092,6b96e6d35d9772501b7925b3044e5f72,1.4970059880239521,10.688
Train,Powdery,f0f21b8aeb9981b4.jpg,.jpg,783.720703125,True,,JPEG,RGB,4000,2672,1,127.400154,157.13147,127.49879,144.86304,37.30139,1090.3035,0.9401955409356725,11064383983542710826,72af6d73bac6ee8a1b30acb793c0dc70,1.4970059880239521,10.688
Train,Powdery,f0f4d2c90c3d187b.jpg,.jpg,711.8466796875,True,,JPEG,RGB,4000,2672,1,134.2987,169.41368,104.85398,151.5518,36.17817,1284.826,0.94437591374269,10703961435081812281,ae49f10b07d11cf9d028e59fd7d7f3e4,1.4970059880239521,10.688
Train,Powdery,f1ee8db40b87c941.jpg,.jpg,728.080078125,True,,JPEG,RGB,4000,2672,1,145.41948,164.7903,116.6849,153.51265,56.614075,914.9011,0.9196363304093568,7215974814200945882,b3549b6266415328e073529e798b2b28,1.4970059880239521,10.688
Train,Powdery,f3cc9379c98b8a03.jpg,.jpg,713.404296875,True,,JPEG,RGB,4000,2672,1,147.197,153.03459,117.0267,147.1834,50.284267,1246.0726,0.7398802997076024,6434743586852784584,577047cbe00ce0b1cb4ecd79ab9bcf33,1.4970059880239521,10.688
Train,Powdery,f4888cbc63b9c23d.jpg,.jpg,856.966796875,True,,JPEG,RGB,4000,2672,1,147.18456,168.14668,126.21692,157.09688,26.816141,870.7261,0.9019097222222222,11868265446758425316,8055db1e4937ba9f3db0d93801a9874c,1.4970059880239521,10.688
Train,Powdery,f4a390c7c1ae633c.jpg,.jpg,919.005859375,True,,JPEG,RGB,4000,3000,1,137.39171,172.87526,142.89507,158.84917,29.449753,1270.4944,0.9359334309895834,12157491396265129108,629aeb9b985c2a2611b68c45ea658828,1.3333333333333333,12.0
Train,Powdery,f5139361351a6b99.jpg,.jpg,721.0830078125,True,,JPEG,RGB,4000,2672,1,145.63528,166.7701,122.801125,155.43979,31.04222,918.21783,0.9157300804093568,14456582343294607460,57d4f6b5b1b523be1e590281709f24bc,1.4970059880239521,10.688
Train,Powdery,f590901259eee56e.jpg,.jpg,816.166015625,True,,JPEG,RGB,4000,2672,1,146.97757,169.39392,112.055214,156.16075,44.19084,1088.6807,0.9314464546783626,10996671013345699610,7c7fb800a2867e108775180303ef05ac,1.4970059880239521,10.688
Train,Powdery,f5c66368723bc942.jpg,.jpg,862.044921875,True,,JPEG,RGB,4000,2672,1,122.84834,165.30592,106.707375,145.92554,30.393896,1007.8289,0.9936723318713451,5531779459110541324,34e98bc9ef8721cfa99bf748f4823184,1.4970059880239521,10.688
Train,Powdery,f63c7c880f6fa2c0.jpg,.jpg,721.150390625,True,,JPEG,RGB,4000,2672,1,126.139984,139.51088,124.88514,133.84967,69.49231,1781.5929,0.6715095029239766,2598863161893914628,bec9d1c91c2db4d1da66c7971e2f4af8,1.4970059880239521,10.688
Train,Powdery,f69d259c7070c1d3.jpg,.jpg,783.5537109375,True,,JPEG,RGB,4000,2672,1,130.6921,155.81374,108.71388,142.92744,32.118744,688.41705,0.9430738304093568,4356344894733454534,6960031fdf77ea6b8ffb2f26f3a868af,1.4970059880239521,10.688
Train,Powdery,f7450b96ec49823b.jpg,.jpg,803.1181640625,True,,JPEG,RGB,4000,2672,1,139.7206,160.47322,105.3019,147.97499,52.517773,979.32684,0.9298245614035088,7369089683624320555,b25d593ef175d83e563eb2940415dbfe,1.4970059880239521,10.688
Train,Powdery,f80c362713f4533d.jpg,.jpg,859.1552734375,True,,JPEG,RGB,4000,2672,1,129.78123,155.413,101.59053,141.61153,32.979088,687.0644,0.9924616228070176,2681105990011073689,24ba99e6e4b9a8aa1c66b9f72e39df0c,1.4970059880239521,10.688
Train,Powdery,f9011ffc0a4552af.jpg,.jpg,729.87109375,True,,JPEG,RGB,4000,2672,1,143.0136,167.8688,113.55962,154.24655,32.608273,699.7196,0.9444672880116959,8634477539216993837,f18da07da01cea966704e564c82467af,1.4970059880239521,10.688
Train,Powdery,f94248f8b5a5f8e0.jpg,.jpg,710.0810546875,True,,JPEG,RGB,4000,2672,1,142.24481,167.7982,106.9613,153.21745,35.681442,796.62256,0.9260325292397661,856187875397571347,207c748ad10e53eed7f0756f31d8b574,1.4970059880239521,10.688
Train,Powdery,f96192338799ae25.jpg,.jpg,712.14453125,True,,JPEG,RGB,4000,2672,1,140.59843,163.51039,111.9227,150.77338,38.037506,833.068,0.9381853070175439,11212470154439561316,da40f1f6f0d87b2770d12ef5d6d82e15,1.4970059880239521,10.688
Train,Powdery,fa5a221f9d6e2941.jpg,.jpg,792.953125,True,,JPEG,RGB,4000,2672,1,133.59099,162.82785,106.39577,147.64914,37.365124,916.82135,0.979829130116959,3246410560948618703,b7f35251234271f4c6be34d27ec96dce,1.4970059880239521,10.688
Train,Powdery,fa888b5a2536b78a.jpg,.jpg,806.12109375,True,,JPEG,RGB,4000,2672,1,133.14476,156.03595,117.62258,144.81389,54.44649,1224.9745,0.9065241228070176,8931690903858839887,3b0d5a6e223246da545654e59aa18e9b,1.4970059880239521,10.688
Train,Powdery,fa95acc530b602de.jpg,.jpg,704.8515625,True,,JPEG,RGB,4000,2672,1,135.81256,155.86383,103.03975,143.84752,47.45372,1596.197,0.9315378289473685,8516568087766573477,820e02964285006fa6f363ce3e51aec4,1.4970059880239521,10.688
Train,Powdery,facda492459656d4.jpg,.jpg,768.9580078125,True,,JPEG,RGB,4000,2672,1,138.93115,155.10286,116.90577,145.91164,52.39977,1324.7544,0.894234283625731,15317605556842728773,e232106f85a889fb6f7cbb3f5bf0288a,1.4970059880239521,10.688
Train,Powdery,fada200be0f209bf.jpg,.jpg,1029.498046875,True,,JPEG,RGB,4000,2672,1,135.34436,163.9809,106.6432,148.88295,32.548462,1373.0397,0.9812225877192983,12189322284986092694,df7d83a17f65a65c9bdd6727208827f9,1.4970059880239521,10.688
Train,Powdery,fb90a2d38a48e3e5.jpg,.jpg,1000.1181640625,True,,JPEG,RGB,4000,2672,1,147.38939,171.94684,123.7762,159.11223,36.27552,1569.25,0.9598638523391813,17950225655334982735,a58addeac61e8b59011802f1f5375ba9,1.4970059880239521,10.688
Train,Powdery,fc070f831ef0653c.jpg,.jpg,801.6552734375,True,,JPEG,RGB,4000,2672,1,137.32841,159.44093,128.15561,149.25934,49.60602,1062.3225,0.8802768640350878,4995074762343710753,420a65b3661240f4e90b9f6bf6c26392,1.4970059880239521,10.688
Train,Powdery,fc52e40b376d38c8.jpg,.jpg,964.27734375,True,,JPEG,RGB,4000,2672,1,142.85371,160.4143,112.265785,149.67233,53.540848,1524.8187,0.7940652412280702,2199058707672933934,596455e269f82fd94856f154c07dc294,1.4970059880239521,10.688
Train,Powdery,fc8c021f13194dfd.jpg,.jpg,656.416015625,True,,JPEG,RGB,4000,2672,1,144.88062,166.7635,136.98364,156.82431,31.760935,655.57153,0.9000593932748538,17993342952089786957,91b216a7d71db905c6ef21013de27922,1.4970059880239521,10.688
Train,Powdery,fdadc5c8c80df111.jpg,.jpg,842.302734375,True,,JPEG,RGB,4000,2672,1,136.81248,160.72614,125.08605,149.50813,52.537952,1407.522,0.8853024488304093,8243309613220635008,ad51c63a2c7ac7462161a0f3e7b5b7e3,1.4970059880239521,10.688
Train,Powdery,fdb1672fda590810.jpg,.jpg,974.7724609375,True,,JPEG,RGB,4000,2672,1,131.08176,158.65555,117.57438,145.72163,39.632355,1249.9536,0.9275630482456141,7153563594832397024,c6a7c86214fef0dc0859cff4cc84fdc1,1.4970059880239521,10.688
Train,Powdery,fe33811d3fc2b068.jpg,.jpg,785.625,True,,JPEG,RGB,4000,2672,1,122.898186,137.66286,121.05697,131.36012,69.59663,1524.0885,0.7197322733918129,3272015904920076615,c801128f395117c8b394b327bae35df1,1.4970059880239521,10.688
Train,Powdery,fe860dff043e3818.jpg,.jpg,883.255859375,True,,JPEG,RGB,4000,2672,1,122.41347,160.1522,124.90013,144.8485,41.099377,1062.9856,0.856108369883041,7236218367536796435,b72b4a2568dcc4da98d65d07d30510f7,1.4970059880239521,10.688
Train,Powdery,fe95c360952ec12d.jpg,.jpg,600.6484375,True,,JPEG,RGB,4000,2672,1,143.60281,165.13301,104.68665,151.80511,41.661438,991.48346,0.9593156067251462,16734316544310193512,feed75326d06972183947125781056d0,1.4970059880239521,10.688
Train,Powdery,ff38378920ba812f.jpg,.jpg,962.0,True,,JPEG,RGB,4000,2672,1,113.04493,158.94006,117.95543,140.53998,33.60823,1566.1824,0.9956368786549707,4047724532569107022,d81bb66225e8ed3985800f98c8edfb94,1.4970059880239521,10.688
Train,Powdery,fff094a1d85289a5.jpg,.jpg,806.7841796875,True,,JPEG,RGB,4000,2672,1,147.20787,162.03609,130.03728,153.95529,35.074127,922.6833,0.8279194078947368,4910649827127356512,878a92780d98fdadcbac6bc11b534c6b,1.4970059880239521,10.688
Train,Powdery,fff11a16638e2514.jpg,.jpg,818.373046875,True,,JPEG,RGB,4000,2672,1,144.42871,165.57785,111.57785,153.0982,36.960815,1017.0154,0.9241593567251462,2970412349534265705,8990ff0f2f1b45c0e1be674c8f70e79d,1.4970059880239521,10.688
Train,Rust,807947b90eb77856.jpg,.jpg,213.650390625,True,,JPEG,RGB,2592,1728,1,79.91349,126.104965,85.31264,107.642456,33.9948,532.13495,0.9079632675438597,4310958265414635236,367b6924634db56f77407e05082ceddc,1.5,4.478976
Train,Rust,80933fcc6a673636.jpg,.jpg,896.5244140625,True,,JPEG,RGB,4000,2672,1,126.15714,158.69554,112.559326,143.70528,37.46022,1417.3269,0.9906112938596491,16860030906094761494,1410fdc611a2fc5bc067a1c7c82d118e,1.4970059880239521,10.688
Train,Rust,80f09587dfc7988e.jpg,.jpg,302.142578125,True,,JPEG,RGB,2592,1728,1,121.3141,145.34334,60.375343,128.47472,30.941467,824.79315,0.815515350877193,14888501802265306090,a9f8d1ae97c227bb7d02745dbb1fb7b0,1.5,4.478976
Train,Rust,8161733dfc3c1c65.jpg,.jpg,809.2861328125,True,,JPEG,RGB,5184,3456,1,86.12272,111.86926,81.70294,100.732475,42.732162,1024.8422,0.9133771929824561,11515641458907860108,5ef3510da6fb3da02eead59a38b5c899,1.5,17.915904
Train,Rust,81a063b69c99ed9e.jpg,.jpg,1358.26171875,True,,JPEG,RGB,5184,3456,1,94.54777,116.96724,88.19586,106.98261,40.464718,1651.7942,0.9116410818713451,14829750861045918808,8227237d99c720c8a79b9fe355117996,1.5,17.915904
Train,Rust,81b4639b9c72790f.jpg,.jpg,1307.5234375,True,,JPEG,RGB,4608,3456,1,113.49349,143.23761,96.430016,129.00829,32.584167,1537.5619,0.8931884765625,15908551884807981899,3f5ace5694119449960bf77dc5456076,1.3333333333333333,15.925248
Train,Rust,81c97ef498cc87c3.jpg,.jpg,1047.54296875,True,,JPEG,RGB,5184,3456,1,101.71233,147.44098,76.20105,125.64887,28.572653,1014.1698,0.9052677266081871,3841221884639483483,786124062d785dfe146834e0ef4a851d,1.5,17.915904
Train,Rust,81cd969c7d0944fb.jpg,.jpg,862.208984375,True,,JPEG,RGB,4000,2672,1,143.24615,165.05423,118.58541,153.23631,31.156843,1347.6753,0.824515716374269,8099938966473332972,f51b5fb1dd47b40e9519ed09df89de66,1.4970059880239521,10.688
Train,Rust,81d0d0c77d4762cf.jpg,.jpg,465.5556640625,True,,JPEG,RGB,2592,1728,1,110.224304,133.94174,106.46677,123.71528,28.270378,1226.2886,0.8569307383040936,15040586648743046847,1175aafcf017d64028090bbd66ec6e9b,1.5,4.478976
Train,Rust,81d5c3709f4e314f.jpg,.jpg,584.3681640625,True,,JPEG,RGB,4000,2672,1,133.32207,162.69408,101.64478,146.95169,49.19493,1176.9496,0.9598866959064327,8704884367481103321,9423ae23704644a64bea497fb5a8e393,1.4970059880239521,10.688
Train,Rust,81dd8ff118a370c7.jpg,.jpg,983.689453125,True,,JPEG,RGB,5184,3456,1,93.157875,125.3069,91.45459,111.83546,30.20158,1256.4598,0.913171600877193,15164440982388002039,e477aa008bc38530b69f6ef4c265c45f,1.5,17.915904
Train,Rust,81f5730f2b1c3731.jpg,.jpg,850.0546875,True,,JPEG,RGB,4000,2672,1,122.197914,154.37505,101.88114,138.76811,32.98331,1238.7291,0.9332282529239766,14899199437449902297,62cb41adb2c837b1046c09a0f5039e79,1.4970059880239521,10.688
Train,Rust,82798f32ab063ecd.jpg,.jpg,222.7412109375,True,,JPEG,RGB,2592,1728,1,123.70991,143.79672,58.153988,128.02809,38.01255,717.2729,0.8589409722222222,1662587877356070099,8e2ef2c6e0362df8889ba35e96414a1e,1.5,4.478976
Train,Rust,82a51a4b035f35fe.jpg,.jpg,310.890625,True,,JPEG,RGB,2592,1728,1,117.99189,138.10289,69.477295,124.26227,38.85673,929.79803,0.8710480628654971,15408510611889519097,7f0939affa6ef0669e5ec1a22ea08141,1.5,4.478976
Train,Rust,82aa92f365da31f2.jpg,.jpg,1014.54296875,True,,JPEG,RGB,4000,2672,1,116.80663,160.59142,101.59896,140.77687,39.26826,1347.3013,0.9310352704678363,15960114843408526550,10debacff60942a6a3070784c26fca4d,1.4970059880239521,10.688
Train,Rust,83705953c74517d7.jpg,.jpg,218.2255859375,True,,JPEG,RGB,2592,1728,1,128.30754,149.05302,61.825497,132.90178,37.483982,654.76624,0.9209612573099415,15894791775405634419,d231e45067860d7a5feb17ee30dcde7f,1.5,4.478976
Train,Rust,837449e974cb39c5.jpg,.jpg,233.1767578125,True,,JPEG,RGB,2592,1728,1,112.555374,140.342,76.78029,124.78477,37.228466,642.1918,0.8526133040935673,11140863607581168115,7e130ebd106804a4f8a07915d14f7553,1.5,4.478976
Train,Rust,850367cf187768d6.jpg,.jpg,288.958984375,True,,JPEG,RGB,2592,1728,1,101.20075,124.08178,85.81565,112.8713,47.678593,971.57385,0.9458835891812866,15477445839552661166,99b07a9ca8551bd1ae5c379ac34a77f7,1.5,4.478976
Train,Rust,856339e4d939c6d8.jpg,.jpg,250.1953125,True,,JPEG,RGB,2592,1728,1,77.97819,99.74931,49.1499,87.47652,46.49384,770.4164,0.950452302631579,14620598506522702514,9138acf0beca12e5910f44bce793832f,1.5,4.478976
Train,Rust,8572eb8d1225c33f.jpg,.jpg,250.3427734375,True,,JPEG,RGB,2592,1728,1,110.185425,122.81542,78.13674,113.94424,43.26717,1049.5986,0.6774031432748538,14881730000563921619,7d1054c117c2022dec929da67939a29a,1.5,4.478976
Train,Rust,85806940f76d779e.jpg,.jpg,1027.25,True,,JPEG,RGB,4000,3000,1,125.229836,161.1189,128.55573,146.67348,40.984993,1246.6561,0.9697672526041666,15490832814727166574,e696a055c7b6137f065f5226860775a5,1.3333333333333333,12.0
Train,Rust,85922d3ebe65d8a1.jpg,.jpg,1342.767578125,True,,JPEG,RGB,5184,3456,1,107.124405,141.53644,90.41505,125.421715,34.701622,1970.2617,0.9240908260233918,3632946690995148358,68eeb13946c1fe1c579fb62352ff9dc8,1.5,17.915904
Train,Rust,85947d1e914af03f.jpg,.jpg,349.380859375,True,,JPEG,RGB,2592,1728,1,95.27707,119.7648,66.0323,106.318756,53.287563,1316.9944,0.7683890716374269,9000046785286366090,8c74fc80e970e3c2492a8b2469051646,1.5,4.478976
Train,Rust,873407b3fe462935.jpg,.jpg,314.048828125,True,,JPEG,RGB,2592,1728,1,106.68814,138.34714,92.1705,123.61931,40.73614,1818.3436,0.9100877192982456,5495770475551999843,425f8a926a46fb9b3723293c1137e7cf,1.5,4.478976
Train,Rust,87831fd7b52e0274.jpg,.jpg,330.32421875,True,,JPEG,RGB,2592,1728,1,98.18295,124.11502,60.273643,109.08018,51.643444,713.8392,0.9665113304093568,14757387570776666161,7742756f8cba02cb5bef859c93acdee6,1.5,4.478976
Train,Rust,888878ec8df5f0f4.jpg,.jpg,320.6044921875,True,,JPEG,RGB,2592,1728,1,91.50306,114.05423,48.388226,99.82189,53.495754,1141.7302,0.915889985380117,3724967174759287944,600a4dd7d729c77143245f0798a24299,1.5,4.478976
Train,Rust,8a9237d6a86ba167.jpg,.jpg,312.5234375,True,,JPEG,RGB,2592,1728,1,77.55044,99.307655,48.954815,87.05855,48.241,1234.1688,0.8926580774853801,6736361611465344355,74172ab53b4dc4791901e6112d2661a3,1.5,4.478976
Train,Rust,8a954b82bf81f2bc.jpg,.jpg,1060.00390625,True,,JPEG,RGB,4000,2672,1,140.14937,159.4743,107.68869,147.79358,32.32872,1345.6345,0.8974095394736842,15376872420137353549,2f1360a87ae7b61922bbfe2bdc9bc40c,1.4970059880239521,10.688
Train,Rust,8aa78fd5c6c0cec2.jpg,.jpg,941.4970703125,True,,JPEG,RGB,4000,2672,1,128.75589,161.40428,111.12091,145.911,37.418575,1249.2611,0.89359466374269,7668440295934129009,905e8e92484d1a5e3e75c09000df1287,1.4970059880239521,10.688
Train,Rust,8abc65c20f33e4da.jpg,.jpg,253.85546875,True,,JPEG,RGB,2592,1728,1,105.74365,119.90575,60.833813,108.93622,39.993847,605.5101,0.6967744883040936,4301838676501058016,25b143606a2b7eadcdb81a7a9447b4cf,1.5,4.478976
Train,Rust,8ae29f9e6c218739.jpg,.jpg,1048.6845703125,True,,JPEG,RGB,4032,3024,1,119.51231,136.22566,65.75309,123.194984,49.234173,1472.3368,0.7845662434895834,7829732833239595825,c0513cd19c4133b6c77a966c317ad3a4,1.3333333333333333,12.192768
Train,Rust,8b2ca5b9639b5899.jpg,.jpg,760.6474609375,True,,JPEG,RGB,4000,2672,1,120.19495,147.51642,68.42018,130.3252,56.028885,1476.6357,0.9242278874269005,8891989580857305449,86e12bfb6e42f4429d5309ccf3d0f0cf,1.4970059880239521,10.688
Train,Rust,8b7ef0421e19ae5a.jpg,.jpg,1054.62890625,True,,JPEG,RGB,4000,2672,1,108.80306,162.78088,94.59839,138.86694,26.492012,1629.1611,0.9827074195906432,3012472142639913663,8fb22555155dd1eda8bf3bbfffb0a20e,1.4970059880239521,10.688
Train,Rust,8bc27bdbdf8092a0.jpg,.jpg,1101.517578125,True,,JPEG,RGB,4000,2672,1,133.52483,159.62561,101.011765,145.13759,27.475372,1377.5254,0.9423885233918129,9926441430461657971,89982297c439c1d67551a6888d498fee,1.4970059880239521,10.688
Train,Rust,8be353aeae464893.jpg,.jpg,999.0029296875,True,,JPEG,RGB,5184,3456,1,111.933525,136.02028,90.321434,123.61077,49.07058,1681.2606,0.8732410453216374,14685070803027055800,74dc9e4e0d55a729106193fc29f29c7c,1.5,17.915904
Train,Rust,8c539728dbb64bd0.jpg,.jpg,238.8330078125,True,,JPEG,RGB,2592,1728,1,91.37068,115.00976,63.72076,102.089615,51.11263,808.2588,0.9704861111111112,8961311074975968892,0fb61735ccbc32ffceef08a0583c8af3,1.5,4.478976
Train,Rust,8c6e3d86f81e111f.jpg,.jpg,1613.0244140625,True,,JPEG,RGB,4608,3456,1,114.55198,111.917114,102.17861,111.595825,40.83138,1558.998,0.3865559895833333,12349979452085695638,c3135965e8ae3b8e11f9247f261cf13c,1.3333333333333333,15.925248
Train,Rust,8c8f6df5b4e070c8.jpg,.jpg,1016.2275390625,True,,JPEG,RGB,4000,2672,1,127.54809,149.51407,99.93097,137.29086,33.127384,1229.5222,0.9369974415204678,1617901660386911158,6e759e2eccac5f53d071c89ec24967f9,1.4970059880239521,10.688
Train,Rust,8cbbfc83d31ad890.jpg,.jpg,1272.048828125,True,,JPEG,RGB,4608,3456,1,124.0201,138.86517,105.454445,130.61613,35.926773,1802.229,0.7162882486979166,3690620617300289702,0e336527b33987d7844c4d2d36b04f2a,1.3333333333333333,15.925248
Train,Rust,8cbcb762ad3be880.jpg,.jpg,1167.265625,True,,JPEG,RGB,5184,3456,1,130.3163,138.02338,70.71615,128.04631,33.81044,1352.8239,0.6074789839181286,2820573552269674950,36c152577a6efe337952790fbf3602b2,1.5,17.915904
Train,Rust,8d0c3cc4636fc47d.jpg,.jpg,963.6845703125,True,,JPEG,RGB,4000,2672,1,134.70721,152.61784,102.55974,141.55574,35.507595,1765.1776,0.8875182748538012,11975813321086609689,ed77275b37917da04d25ba3f481025dc,1.4970059880239521,10.688
Train,Rust,8db43550701f63af.jpg,.jpg,1151.0830078125,True,,JPEG,RGB,4000,2672,1,131.39384,147.92845,111.10597,138.78465,35.504158,1516.0812,0.8047788742690059,3798337623534162902,41d0e0d8cf73dfc9a5e089347d58426e,1.4970059880239521,10.688
Train,Rust,8e6eaa642b02b5fa.jpg,.jpg,264.5048828125,True,,JPEG,RGB,2592,1728,1,113.25151,156.02371,63.165707,132.64021,31.636927,683.976,0.9476425438596491,8607344805630211451,9cceebfb8d5b9be9dabc1e469a2ad284,1.5,4.478976
Train,Rust,8ea7b9cc8bd2d809.jpg,.jpg,936.7373046875,True,,JPEG,RGB,5184,3456,1,135.37444,162.62927,79.9539,145.05702,34.103474,954.39874,0.9132172880116959,7128898521933395698,0b20613651e9a2f3dc63d6713d0ca703,1.5,17.915904
Train,Rust,8ee09cce60b2db1d.jpg,.jpg,1014.7724609375,True,,JPEG,RGB,5184,3456,1,118.26307,156.21024,116.82925,140.37692,33.356174,1392.6638,0.9257127192982456,13071227110157809786,11e441000c848e3d9953366092788c17,1.5,17.915904
Train,Rust,8f3d70819949faca.jpg,.jpg,1018.447265625,True,,JPEG,RGB,5184,3456,1,94.21599,130.27771,95.781204,115.56344,36.327744,985.99963,0.904719480994152,16099919394606148388,18bcb68cc465a6a10409aba61c7179b3,1.5,17.915904
Train,Rust,8f9b3a381388ad9d.jpg,.jpg,1165.9140625,True,,JPEG,RGB,5184,3456,1,104.866455,121.095215,86.71763,112.324196,50.737747,1816.4677,0.8552174707602339,15697832385920082380,6e8315f0acbe592f14bc896663cd30f7,1.5,17.915904
Train,Rust,8fc97529613d34b8.jpg,.jpg,1445.0927734375,True,,JPEG,RGB,4608,3456,1,126.59454,129.80458,114.97693,127.15757,40.08931,1763.1543,0.4518025716145833,10547835441421823244,371c3e52a5153d9ce1072c322642ca22,1.3333333333333333,15.925248
Train,Rust,9005d36127b0f77b.jpg,.jpg,215.3056640625,True,,JPEG,RGB,2592,1728,1,120.93263,149.24266,68.37493,131.55624,25.571476,639.0189,0.9520056652046783,15479290483692902813,8456d229621e94a9954f0674a54b719e,1.5,4.478976
Train,Rust,9049decd9589af52.jpg,.jpg,852.474609375,True,,JPEG,RGB,4000,2672,1,128.94125,155.0944,93.49424,140.24608,28.323502,858.54596,0.9296875,17503466438024952044,36cb7154c6c62d006fa238d55ae4aa27,1.4970059880239521,10.688
Train,Rust,908749cd1f2be553.jpg,.jpg,881.4189453125,True,,JPEG,RGB,4000,2672,1,116.76859,163.15196,107.006485,142.88489,37.267372,1656.8777,0.9301900584795322,16349347843493239097,e5f88e61dc7b77a714abed562569de3f,1.4970059880239521,10.688
Train,Rust,90988d2f3ef8f063.jpg,.jpg,881.16015625,True,,JPEG,RGB,5184,3456,1,117.970894,124.79196,87.33996,118.487755,62.27251,1290.868,0.6915889985380117,17652026542994027510,61c4ccac4115dbfc4e82e28188d3647f,1.5,17.915904
Train,Rust,9304fc04e75c7ce9.jpg,.jpg,990.3017578125,True,,JPEG,RGB,4000,2672,1,80.15602,137.93796,90.75669,115.274216,26.952934,867.9145,0.9789153874269005,4961939129475086649,df93275ccc3e4f9607445d2570ffff79,1.4970059880239521,10.688
Train,Rust,9325f264bc255e3a.jpg,.jpg,232.4541015625,True,,JPEG,RGB,2592,1728,1,109.02284,138.56117,42.405334,118.765465,30.75918,470.19946,0.9628792032163743,9716194031552022825,71baaf98adf0036621edb0f470b027e9,1.5,4.478976
Train,Rust,949437f0688be73a.jpg,.jpg,751.880859375,True,,JPEG,RGB,4000,2672,1,119.15657,165.91904,111.02565,145.67683,41.88227,773.6832,0.9692754020467836,18193679338167918479,38ac7052e79b0f8330dd03490ae5050e,1.4970059880239521,10.688
Train,Rust,9509cd594073b3f5.jpg,.jpg,187.919921875,True,,JPEG,RGB,2592,1728,1,133.69733,147.1812,92.88336,136.96083,29.934917,633.84503,0.6867690058479532,17506121285182979316,a834dad21f9fcadfb0c7daf71baf6c51,1.5,4.478976
Train,Rust,955268d26a7295e7.jpg,.jpg,325.6845703125,True,,JPEG,RGB,2592,1728,1,114.67249,128.89574,57.857708,116.54354,35.64895,566.511,0.8134822733918129,4356228709783184995,b48bcd43e9e6f133b1940e1ca8ce928e,1.5,4.478976
Train,Rust,9583cadf870e7132.jpg,.jpg,637.8486328125,True,,JPEG,RGB,4000,2672,1,142.03134,166.7627,114.756874,153.43848,45.835224,1061.3865,0.8727841739766082,16208625442919162290,b9f36dadc90a1f3c80cd5001f4e01fd4,1.4970059880239521,10.688
Train,Rust,961668add989db16.jpg,.jpg,1163.9609375,True,,JPEG,RGB,5184,3456,1,96.8858,140.8603,108.787506,124.05756,31.568434,1382.1158,0.8992370248538012,13559349434770646469,cd7ae6b1ef05b8f21f85629aa62e5d0b,1.5,17.915904
Train,Rust,97096a398d55d44f.jpg,.jpg,235.8740234375,True,,JPEG,RGB,2592,1728,1,81.20879,113.98237,82.309875,100.568665,28.703283,824.48737,0.9081688596491229,17576824752335244773,3c970f73dbec96be577684f105d7c536,1.5,4.478976
Train,Rust,9796ce55ec7608a2.jpg,.jpg,941.3896484375,True,,JPEG,RGB,4000,2672,1,135.86884,161.48616,126.57054,149.84305,22.608114,1077.0259,0.8785179093567251,7227393628972936243,3241bd8739ca02aa5fd48b976c1dbc36,1.4970059880239521,10.688
Train,Rust,98779993c891e48f.jpg,.jpg,224.53515625,True,,JPEG,RGB,2592,1728,1,102.80572,140.42427,74.507034,121.66116,27.675558,753.7575,0.9453810307017544,13293683358498945201,25ef342249c55b7792272b0eeb30c300,1.5,4.478976
Train,Rust,9894ad9bae345365.jpg,.jpg,1097.53515625,True,,JPEG,RGB,4000,2672,1,134.03893,155.9647,105.40933,143.64528,26.755384,1321.9298,0.9325429459064327,3508511630618631959,3e0e5a339402f1a164f4b2d9a95d0385,1.4970059880239521,10.688
Train,Rust,9896e006e936fe8b.jpg,.jpg,1043.5185546875,True,,JPEG,RGB,4000,3000,1,124.08356,164.38676,123.16699,147.63597,35.14776,1035.0062,0.9513956705729166,18301639758732261011,d9f4984c429766cdf0692d79e8602af2,1.3333333333333333,12.0
Train,Rust,99996f8d81594a3e.jpg,.jpg,1403.1845703125,True,,JPEG,RGB,4608,3456,1,67.20748,80.56657,58.836792,74.089745,54.67468,1357.9264,0.87713623046875,8250094861121122460,19950b6417da3097d67c4fbe3766c12c,1.3333333333333333,15.925248
Train,Rust,9bd2c4ec23071c9f.jpg,.jpg,929.5498046875,True,,JPEG,RGB,5184,3456,1,123.92137,152.54007,108.7675,138.9907,33.532364,1170.5541,0.877672697368421,12840141153955369626,59bffe5024a06e3bd0824018fd3b8fea,1.5,17.915904
Train,Rust,9bf4c55a704d7524.jpg,.jpg,1321.91015625,True,,JPEG,RGB,4608,3456,1,92.33234,112.69802,67.95593,101.505455,56.006065,1707.3969,0.9588623046875,10441822893548073413,f0ab1893634910f09e4fbe3e012f87fd,1.3333333333333333,15.925248
Train,Rust,9c240ccd9afdd296.jpg,.jpg,1340.244140625,True,,JPEG,RGB,5184,3456,1,95.530014,125.28584,91.89193,112.583885,41.864006,2450.874,0.9070266812865497,8518184983511773804,f5b4525e5617cfd761be1af43a29e3a0,1.5,17.915904
Train,Rust,9c853768dada948e.jpg,.jpg,1023.638671875,True,,JPEG,RGB,5184,3456,1,88.453514,123.96932,96.998924,110.2736,35.070805,1314.2537,0.8779468201754386,7996841221063063866,a4af4f3e43f1396faaa33b5ee66e0a58,1.5,17.915904
Train,Rust,9c8780f83917c7c7.jpg,.jpg,1122.3583984375,True,,JPEG,RGB,5184,3456,1,108.19826,141.84279,112.88907,128.48112,31.982325,1304.8765,0.8832922149122807,8698259012622921399,52add54e291ac7346d32ed0018097d20,1.5,17.915904
Train,Rust,9ca1158f3927c35e.jpg,.jpg,259.2119140625,True,,JPEG,RGB,2592,1728,1,126.106705,149.04118,80.85627,134.40732,33.125107,1001.31244,0.8782209429824561,15776890729724388408,566743bb516f19e8cd30a9ab9ff15809,1.5,4.478976
Train,Rust,9cc3797cdf3c0301.jpg,.jpg,1255.5693359375,True,,JPEG,RGB,5184,3456,1,104.00046,134.64775,113.469894,123.070244,32.59126,1400.6519,0.7641630116959064,3083501424843503154,4dc988bdc7cd8aa1e841a4b7649c01aa,1.5,17.915904
Train,Rust,9cd8737391d5c960.jpg,.jpg,220.07421875,True,,JPEG,RGB,2592,1728,1,91.25491,115.84469,49.080868,100.87672,29.530659,557.0805,0.9361979166666666,2033780611146335483,3f031159cbb79d8fa7fd228b4834a17c,1.5,4.478976
Train,Rust,9d07ea216161cf2f.jpg,.jpg,341.2880859375,True,,JPEG,RGB,2592,1728,1,103.75439,121.16843,102.27029,113.805466,32.47145,1208.2018,0.816109283625731,12047252674556670257,333dc9823f7485c3f6737cea7157e5c1,1.5,4.478976
Train,Rust,9d88c8ef662d70aa.jpg,.jpg,1038.56640625,True,,JPEG,RGB,4000,3000,1,128.17592,159.97502,124.87319,146.4692,39.48634,1131.3232,0.88787841796875,17577897057943581500,9537711b944e5e34521fc67457a56301,1.3333333333333333,12.0
Train,Rust,9dce6cac2bf08705.jpg,.jpg,1236.564453125,True,,JPEG,RGB,5184,3456,1,117.6602,135.57326,80.32011,123.919365,60.26376,2761.075,0.8628700657894737,2693654889601087154,05181b465e811da512c6cee3514ea819,1.5,17.915904
Train,Rust,9ddd9a046f6c088f.jpg,.jpg,971.3408203125,True,,JPEG,RGB,4608,3456,1,119.51019,139.05513,100.184715,128.77818,31.655891,900.23444,0.9092203776041666,3690756138549935225,baeba012b97d58a5ab10aaf178d07df4,1.3333333333333333,15.925248
Train,Rust,9df89ac1e0ec46e1.jpg,.jpg,1032.541015625,True,,JPEG,RGB,4000,2672,1,95.893776,146.0301,111.72092,127.13327,32.316444,1631.5569,0.9662372076023392,10384489467613739228,a6af0c60a8c1bdc81f6b0f6e52088d97,1.4970059880239521,10.688
Train,Rust,9eb1e8c7899ec198.jpg,.jpg,886.50390625,True,,JPEG,RGB,4000,2672,1,129.34329,157.24416,104.86641,142.92702,37.929104,1228.5339,0.9294133771929824,13699453623990891569,ffad8f4c53cd48cb8e4b21e6a3bf70d8,1.4970059880239521,10.688
Train,Rust,9eb78a04a15dda1b.jpg,.jpg,1026.04296875,True,,JPEG,RGB,5184,3456,1,105.60287,126.73659,102.48522,117.6523,54.737923,2288.1177,0.7526041666666666,13722007052172687769,cec6a76c2151c52f75a7961a8b85237d,1.5,17.915904
Train,Rust,9ee390fd18622795.jpg,.jpg,1219.3662109375,True,,JPEG,RGB,4032,3024,1,126.101234,151.75055,73.51151,135.15862,53.6468,1682.4174,0.8800862630208334,4137487790822012593,9925ba9f3e8202b4792aff5cd9d52c6d,1.3333333333333333,12.192768
Train,Rust,9f1ab4caf5c3904c.jpg,.jpg,239.26171875,True,,JPEG,RGB,2592,1728,1,96.43279,136.00548,83.56549,118.193596,53.894276,678.58203,0.9809484649122807,18005101019223785357,632fe4f20f80127af5115fdf8132f66b,1.5,4.478976
Train,Rust,9fad869f21b5b240.jpg,.jpg,216.021484375,True,,JPEG,RGB,2592,1728,1,103.90728,130.41536,76.35625,116.32716,27.501255,732.9532,0.7630893640350878,16893343542401328844,fa1dfd1f17b5b149097d9cd1cc80a57e,1.5,4.478976
Train,Rust,9fadf0268f052ab8.jpg,.jpg,808.0654296875,True,,JPEG,RGB,4000,2672,1,143.67711,165.87694,99.16783,151.63585,43.3609,1226.6172,0.9229258040935673,8006058121000987673,cb520e502d6d53432221fc6a2e2e90fb,1.4970059880239521,10.688
Train,Rust,9fbb71e598132988.jpg,.jpg,922.6865234375,True,,JPEG,RGB,5184,3456,1,99.55811,135.35501,71.112366,117.327965,31.932262,1241.1703,0.9242964181286549,5362787053270887090,8473ef12a9bed22a48613150518c664e,1.5,17.915904
Train,Rust,9fe9c28c28730e9e.jpg,.jpg,697.5556640625,True,,JPEG,RGB,4000,2672,1,139.42192,159.51898,108.36177,147.67857,37.42965,1325.5779,0.9146107456140351,15118650032296056908,1818329a432cef67076cb4a285674884,1.4970059880239521,10.688
Train,Rust,a0105f6573dba19d.jpg,.jpg,700.7607421875,True,,JPEG,RGB,4000,2672,1,137.61981,169.03465,93.93574,151.07812,38.0973,1326.8047,0.9373857821637427,10571808276306424683,0dfa559cd6c42d203fa899ab1577e2d3,1.4970059880239521,10.688
Train,Rust,a01a8fe2f81f99f0.jpg,.jpg,331.267578125,True,,JPEG,RGB,2592,1728,1,106.28815,140.45679,104.33043,126.11337,44.580814,1062.2062,0.7579267178362573,4466865217151651438,b905e3d0890f2a248bb55daf4601c7e8,1.5,4.478976
Train,Rust,a03fcf005a91fab9.jpg,.jpg,878.919921875,True,,JPEG,RGB,4000,2672,1,149.02174,168.39691,124.767044,157.62886,36.044605,1086.7045,0.8430646929824561,8243283481029615305,21fd732692f8d71a893f2c91b3e38e54,1.4970059880239521,10.688
Train,Rust,a09790cfda8dcdc8.jpg,.jpg,965.1962890625,True,,JPEG,RGB,4000,2672,1,145.12302,165.20897,112.31983,153.17653,60.199318,1969.2295,0.8905564692982456,15964868424819253148,89788f5fc1599e1310f4fd1f19ef218d,1.4970059880239521,10.688
Train,Rust,a0ab4fa09d1f0bf1.jpg,.jpg,799.0400390625,True,,JPEG,RGB,4000,2672,1,126.684166,169.66545,108.01583,149.787,41.779865,1542.9683,0.9353983918128655,16972835124290227948,aefc4d456bbfc47a07679c653e5d3757,1.4970059880239521,10.688
Train,Rust,a0b68cdb94dd8356.jpg,.jpg,798.869140625,True,,JPEG,RGB,4000,2672,1,148.21405,174.37744,126.62258,161.11125,40.734074,1393.9595,0.8535270467836257,17712533762226213558,708515ee639de2eadb9be7693c260cf2,1.4970059880239521,10.688
Train,Rust,a0dadb96b1ab22e8.jpg,.jpg,633.962890625,True,,JPEG,RGB,4000,2672,1,154.87936,168.90883,117.661255,158.8678,42.464043,1119.7722,0.8800941154970761,16762614994650321874,ec99bcef7c13daaecf461dfd0a56de77,1.4970059880239521,10.688
Train,Rust,a0ded23d382532f3.jpg,.jpg,250.525390625,True,,JPEG,RGB,2592,1728,1,131.09526,154.94583,87.891174,140.16577,50.735397,1613.57,0.9555921052631579,12781723336668792479,d983ec4201f75761911a0cfc655a9744,1.5,4.478976
Train,Rust,a0e33c9d0c7792e9.jpg,.jpg,999.1953125,True,,JPEG,RGB,5184,3456,1,107.88528,127.991844,61.143208,114.3617,44.635273,2142.0662,0.8810307017543859,3948196499282999221,1bea8f5e2b9786d152581679eecf8cb5,1.5,17.915904
Train,Rust,a14ec61a136f3bd4.jpg,.jpg,1335.810546875,True,,JPEG,RGB,4608,3456,1,111.31217,141.1067,104.83054,128.06055,37.17006,1656.7574,0.84423828125,16547926368941180878,6c7ba4cb7711395b42d0b27f34fe6741,1.3333333333333333,15.925248
Train,Rust,a1625a5964af66ad.jpg,.jpg,591.2119140625,True,,JPEG,RGB,4000,2672,1,147.76208,164.1302,123.76533,154.6332,30.722893,795.94666,0.8237161915204678,12216232545474993013,c5568106c21d858abb423d9b8b238bf0,1.4970059880239521,10.688
Train,Rust,a17acb4d4e962974.jpg,.jpg,1112.4931640625,True,,JPEG,RGB,5184,3456,1,112.807106,149.02264,94.86707,132.02234,46.11577,1733.7599,0.8618649488304093,11640007011893698271,5f8a1a10868523f95f6518db007311a0,1.5,17.915904
Train,Rust,a17cd35c5abea882.jpg,.jpg,810.6435546875,True,,JPEG,RGB,4000,2672,1,158.68303,180.32051,120.84455,167.06567,37.29753,1268.112,0.8757309941520468,4042701084986693337,075e8f2a71973f22b055bea96eed29bd,1.4970059880239521,10.688
Train,Rust,a1833dfae6500eba.jpg,.jpg,1066.7255859375,True,,JPEG,RGB,5184,3456,1,131.53712,134.51076,71.46953,126.43693,43.902126,1899.3198,0.5270239400584795,15374989839710985366,0b9a2a52d0ddeb6ab3361bcefc8fffc3,1.5,17.915904
Train,Rust,a187da51ddb82c3a.jpg,.jpg,796.556640625,True,,JPEG,RGB,4000,2672,1,145.22685,168.04955,114.48837,155.11838,39.285564,1287.671,0.8754797149122807,8992791077582773147,9310a7150562c2c3449ad10841fc0147,1.4970059880239521,10.688
Train,Rust,a1c2cbf94c4e0f0f.jpg,.jpg,880.0537109375,True,,JPEG,RGB,5184,3456,1,115.00977,145.90077,112.21937,132.82465,38.33493,1305.9753,0.8749086257309941,10491642842846058199,f377e100f4c40e11c9fb7e1866d5e9e5,1.5,17.915904
Train,Rust,a1c9e1804fbc377c.jpg,.jpg,1412.7666015625,True,,JPEG,RGB,4608,3456,1,98.451904,112.97146,81.36747,105.02732,63.346226,1749.8066,0.7945963541666666,10576449138019049030,94b6e47e0410b76192ccbd5d9e378e1b,1.3333333333333333,15.925248
Train,Rust,a1f1d19a74983d33.jpg,.jpg,725.2880859375,True,,JPEG,RGB,4000,2672,1,129.78659,182.53998,137.25156,161.60194,42.064133,1142.2891,0.9433022660818714,1913544440798624078,46623abc25cf5ba041fcb49cb6cf754c,1.4970059880239521,10.688
Train,Rust,a1fe53b22b05d607.jpg,.jpg,991.4453125,True,,JPEG,RGB,4000,3000,1,124.53019,167.98247,127.99534,150.43285,18.892803,860.34186,0.9755452473958334,939289365963397875,85f1ea81daafc2cd2499cac504e07e42,1.3333333333333333,12.0
Train,Rust,a23b8f1e6ea19545.jpg,.jpg,1387.4326171875,True,,JPEG,RGB,4608,3456,1,90.88816,109.25214,69.196144,99.192894,58.270996,2387.1956,0.8866984049479166,3408625268237850336,fd3d97ab218cb71b57d27e00808b28e7,1.3333333333333333,15.925248
Train,Rust,a26f1e955abe5228.jpg,.jpg,285.9462890625,True,,JPEG,RGB,2592,1728,1,116.528076,134.12253,87.09071,123.4958,46.26526,1012.89056,0.7854303728070176,8020857394411765101,965588eaa1019fa70b0dfcf831a14852,1.5,4.478976
Train,Rust,a296b39333c1e175.jpg,.jpg,1130.564453125,True,,JPEG,RGB,5184,3456,1,112.2034,137.82225,94.989265,125.27716,53.769363,1728.5613,0.9151818347953217,14802636840192299853,2b38e1a01489d4fdd1c2d6d6c046ef5f,1.5,17.915904
Train,Rust,a29bb2398fed840e.jpg,.jpg,1334.0283203125,True,,JPEG,RGB,5184,3456,1,114.55595,137.85876,97.21491,126.25896,44.28296,2148.1545,0.8931377923976608,13373902434122303437,13836f03fac63ae45d834eeef1139c00,1.5,17.915904
Train,Rust,a2da383b31c99e65.jpg,.jpg,248.4248046875,True,,JPEG,RGB,2592,1728,1,90.89517,119.93552,52.251278,103.53102,38.703934,750.49335,0.978389985380117,1823374883765994382,4ea4702525f5910b37e6bbcd851fbf13,1.5,4.478976
Train,Rust,a2eb3d1c6010df73.jpg,.jpg,901.6826171875,True,,JPEG,RGB,5184,3456,1,106.46356,141.96498,103.737595,126.99009,28.27353,1124.5764,0.9340734649122807,13504971048729556174,fd312a21b2c8cddd54f4f9bff3fc7ed0,1.5,17.915904
Train,Rust,a37bd4a0d8d67648.jpg,.jpg,248.5869140625,True,,JPEG,RGB,2592,1728,1,135.3755,151.39964,102.48625,141.03127,66.30537,1300.8517,0.6005573830409356,10290522269651222993,936dc40ec251010ed4229f58a0d8363d,1.5,4.478976
Train,Rust,a3bec1c8cdb01ed2.jpg,.jpg,808.392578125,True,,JPEG,RGB,4000,2672,1,149.2746,171.9894,114.370384,158.62648,41.455193,1343.1528,0.8931149488304093,16681189221643493067,4a3c00829fde9c03f0f6291a5951276c,1.4970059880239521,10.688
Train,Rust,a3ebb2ab31622933.jpg,.jpg,1015.6826171875,True,,JPEG,RGB,5184,3456,1,125.56602,137.57611,96.13546,129.26021,50.48165,2115.7222,0.7632264254385965,14513214028732679580,b8c0f1a9c0453e285b3cb55650349010,1.5,17.915904
Train,Rust,a49bb8b160eadba4.jpg,.jpg,1217.9638671875,True,,JPEG,RGB,5184,3456,1,114.66482,135.21355,100.51734,125.11305,38.662975,1883.8279,0.7906387061403509,10519389919377004421,6c9cb1c62ba3de10a9da2b22a41e789a,1.5,17.915904
Train,Rust,a4b48b5a5529776a.jpg,.jpg,1092.09765625,True,,JPEG,RGB,4000,2672,1,146.7085,169.29416,107.04041,155.44305,42.30923,1493.3201,0.9047651681286549,14478103677053295595,9532e177c52af22f4397b0d0b724d3b3,1.4970059880239521,10.688
Train,Rust,a4ba528c9d596f2c.jpg,.jpg,1087.298828125,True,,JPEG,RGB,4000,3000,1,126.783264,160.55797,123.77297,146.26561,35.097607,1420.1377,0.9157511393229166,13370086922620683910,7c9f9b373f39bd24440eb70a2eb24aad,1.3333333333333333,12.0
Train,Rust,a4e5d2c88f25d935.jpg,.jpg,265.4013671875,True,,JPEG,RGB,2592,1728,1,116.507904,134.6279,88.69237,123.979965,33.194008,861.83453,0.9051535087719298,9704173521767478476,92e71aec420ca7edd168ed208be9eec8,1.5,4.478976
Train,Rust,a4e689347133f98e.jpg,.jpg,239.1845703125,True,,JPEG,RGB,2592,1728,1,120.90289,150.5073,89.31992,134.68286,34.0364,1319.9387,0.9605720029239766,9792907573525937873,d4bc678d61159af05dd9093a7366d962,1.5,4.478976
Train,Rust,a50fc3ce67617a30.jpg,.jpg,831.2080078125,True,,JPEG,RGB,4000,2672,1,142.35106,173.9953,118.30905,158.18405,42.559685,1261.7422,0.9511147660818714,14372850659312518854,f03bc495e0575db778227abb940a658d,1.4970059880239521,10.688
Train,Rust,a50fd73100b37a7c.jpg,.jpg,1635.71875,True,,JPEG,RGB,4608,3456,1,102.663574,120.619774,86.856346,111.40029,35.45552,2914.835,0.8401285807291666,15740700373504366246,eb3acbf434fc1d3dc63bf724b52cde73,1.3333333333333333,15.925248
Train,Rust,a512d469876ba6b5.jpg,.jpg,824.8349609375,True,,JPEG,RGB,4000,2672,1,166.0614,183.22775,132.3921,172.29932,39.703217,1475.3981,0.8794088084795322,2170206185465255750,e6750c8fef07197ab099b7800576c085,1.4970059880239521,10.688
Train,Rust,a56d9ea69121d1d5.jpg,.jpg,1209.5146484375,True,,JPEG,RGB,4608,3456,1,113.70335,140.26186,108.02816,128.64424,32.538822,1429.2296,0.88336181640625,12350795229139070908,36d6948fdce43823217771f43e155b64,1.3333333333333333,15.925248
Train,Rust,a571a73cd2b24a5a.jpg,.jpg,1386.6083984375,True,,JPEG,RGB,4608,3456,1,94.16758,111.58181,83.75114,103.20514,54.8282,2647.8435,0.8840738932291666,14323377128989412974,16227a42fbb53ee6757b8dee893a7f51,1.3333333333333333,15.925248
Train,Rust,a5a9791e87b46c54.jpg,.jpg,1304.515625,True,,JPEG,RGB,4608,3456,1,92.82391,110.94177,77.52395,101.71576,59.70821,2181.034,0.9312337239583334,11428911886518529238,483cbf0850994d39da994955f9d5e994,1.3333333333333333,15.925248
Train,Rust,a5b63641aa3a65cd.jpg,.jpg,241.294921875,True,,JPEG,RGB,2592,1728,1,97.563965,123.967445,59.628265,108.73593,31.438377,959.1732,0.9081231725146199,12638303642987186023,4c36c09b3740e8778d311ca5cde89cf0,1.5,4.478976
Train,Rust,a5bdc9a0c1db328b.jpg,.jpg,936.279296875,True,,JPEG,RGB,4000,2672,1,142.27151,181.17142,100.39949,160.33395,39.75665,1880.1842,0.9520285087719298,15219416098745051603,ac49f732cfc308a829b6b83985a6a2b6,1.4970059880239521,10.688
Train,Rust,a5d042c32bc737ab.jpg,.jpg,237.630859375,True,,JPEG,RGB,2592,1728,1,106.80878,136.83621,83.2667,121.74616,34.375473,900.3741,0.9528737207602339,14811273088164061991,f7e38ba0ff235b2f0a3ac64948895a76,1.5,4.478976
Train,Rust,a5d82052b5abdf23.jpg,.jpg,265.5859375,True,,JPEG,RGB,2592,1728,1,100.79685,125.12683,77.47073,112.42098,38.46435,635.2353,0.8931834795321637,13299788747035692438,a19f17853c3b806a3260612a5fab1f5d,1.5,4.478976
Train,Rust,a5da9fba68c20e16.jpg,.jpg,1061.0849609375,True,,JPEG,RGB,4608,3456,1,116.99371,127.5788,91.953125,120.354004,61.085552,2204.596,0.752685546875,7858434468980186830,1944c8d6df4dc2b99a891b41c3ea3a39,1.3333333333333333,15.925248
Train,Rust,a6a49b73b3943465.jpg,.jpg,1089.2333984375,True,,JPEG,RGB,4608,3456,1,94.48551,113.176796,82.12266,104.04612,47.311607,1431.5846,0.86090087890625,7415078821596785611,58f9de752bc39c905bded7567fcf11e9,1.3333333333333333,15.925248
Train,Rust,a6f2d98bb4a42d25.jpg,.jpg,1125.10546875,True,,JPEG,RGB,5184,3456,1,137.07271,166.54512,122.2037,152.67738,48.534023,2062.886,0.9378198099415205,13387310044264753011,3a24bfd9a9a08df4268181ba9f38b853,1.5,17.915904
Train,Rust,a724e732969d4c35.jpg,.jpg,1242.2763671875,True,,JPEG,RGB,4608,3456,1,115.66744,115.63208,85.045494,112.156494,44.50599,1561.9971,0.7738444010416666,7948615825729478254,8b293613252e128a040340bcceddfe02,1.3333333333333333,15.925248
Train,Rust,a7a1929bae27c5b0.jpg,.jpg,1166.28125,True,,JPEG,RGB,4608,3456,1,112.64335,140.22758,113.72809,128.9574,31.312216,1258.732,0.8367919921875,14869072063748517029,e7919f72b69df4aa5d136d2aa417eb4a,1.3333333333333333,15.925248
Train,Rust,a7f3c2858ab5bd10.jpg,.jpg,992.3662109375,True,,JPEG,RGB,4000,3000,1,134.91573,175.65446,131.1269,158.39696,42.08754,1454.3312,0.9269816080729166,14793232134075510508,0ecc22dd36b8dc66b1a4976b38e07ed1,1.3333333333333333,12.0
Train,Rust,a815cbb7ab8baa28.jpg,.jpg,986.373046875,True,,JPEG,RGB,4000,2672,1,147.40945,166.00603,118.09873,154.98318,36.079163,1590.4229,0.8396381578947368,15822473114595216331,ad9c414666697325526df97a294f026e,1.4970059880239521,10.688
Train,Rust,a8496f3163636b59.jpg,.jpg,1304.5849609375,True,,JPEG,RGB,4608,3456,1,91.78699,108.79905,81.6098,100.61483,43.07925,2223.2322,0.90045166015625,15832038958730024805,5c23b633d4ec9b02e924f563ecf76dca,1.3333333333333333,15.925248
Train,Rust,a86b3a2ee587a50b.jpg,.jpg,874.7958984375,True,,JPEG,RGB,4000,2672,1,137.28326,159.41434,120.541046,148.36484,28.6733,1016.7303,0.7789199561403509,9483415069349195198,fa1b6b68e360d1574ef025ff96d33437,1.4970059880239521,10.688
Train,Rust,a887c015cdd79c97.jpg,.jpg,259.8916015625,True,,JPEG,RGB,2592,1728,1,119.29989,157.3812,65.87619,135.55606,36.276688,828.8482,0.9240222953216374,16701440318055616423,06e7afcc6e88dc912aee5e336e55be1f,1.5,4.478976
Train,Rust,a88d63c9b8555daa.jpg,.jpg,1021.484375,True,,JPEG,RGB,5184,3456,1,108.827965,130.60979,94.52305,119.98125,41.27709,1937.6019,0.8812591374269005,10623805388683169039,968709d3f0b60443e6e3d65234ddcdc8,1.5,17.915904
Train,Rust,a89fc0503e7c29bd.jpg,.jpg,812.73828125,True,,JPEG,RGB,4000,2672,1,132.69461,181.99261,123.47012,160.58156,40.781445,1307.5475,0.9655062134502924,4425133044740624007,ae3ae4be4071fa2433426eda98328290,1.4970059880239521,10.688
Train,Rust,a8b11628f78a8adf.jpg,.jpg,1168.0009765625,True,,JPEG,RGB,4608,3456,1,111.85758,121.95266,95.388084,115.907166,48.903328,1317.0048,0.7411295572916666,13812182832160913189,889f1970bf72fa2f34245a7bab14defd,1.3333333333333333,15.925248
Train,Rust,a8c47d7848ada91f.jpg,.jpg,1060.96875,True,,JPEG,RGB,4608,3456,1,102.53043,121.80304,88.612305,112.2568,47.989044,1257.817,0.81109619140625,10654654666037206811,e979cd4957b604b34d2617255f2d7362,1.3333333333333333,15.925248
Train,Rust,a8e895e5aad453a5.jpg,.jpg,1175.8583984375,True,,JPEG,RGB,4032,3024,1,96.971886,126.60665,96.39268,114.30253,58.71889,2590.6587,0.8671468098958334,10597984845509768751,0afbf645eac1d0baeca63031dddd650f,1.3333333333333333,12.192768
Train,Rust,a91ef198512aad7a.jpg,.jpg,1206.1142578125,True,,JPEG,RGB,4608,3456,1,93.58108,113.28678,82.443275,103.87821,49.51849,1362.9058,0.894775390625,17610873084708361115,18c60dc1adeb215e4bab218c096f26e9,1.3333333333333333,15.925248
Train,Rust,a920cdb61f60e66b.jpg,.jpg,1337.0654296875,True,,JPEG,RGB,4608,3456,1,95.69454,127.83915,74.501854,112.14864,38.54682,1677.642,0.9576009114583334,9985188043814671218,65608a936981b91b7eb3f43c29913942,1.3333333333333333,15.925248
Train,Rust,a9498f9d9b24e2a5.jpg,.jpg,201.52734375,True,,JPEG,RGB,2592,1728,1,117.5935,143.26471,76.50861,127.975876,34.4148,946.17596,0.9467973318713451,17578608858662082127,e562fe0a3771109a136ffec8ecc3424c,1.5,4.478976
Train,Rust,a99f81cdcf64ae10.jpg,.jpg,691.8876953125,True,,JPEG,RGB,4000,2672,1,162.2011,185.37077,113.18366,170.22008,51.340595,1488.2308,0.8502604166666666,8240249225509045966,9351cdb43f72f58710813bca8368a701,1.4970059880239521,10.688
Train,Rust,a9e9391e1b99e701.jpg,.jpg,1791.91796875,True,,JPEG,RGB,5184,3456,1,103.209335,117.238464,74.00946,108.11232,57.800415,3471.6326,0.8736293859649122,3717606670699699930,051aae78f7ca56b36b8dc6401ff492a1,1.5,17.915904
Train,Rust,aa142048eff78bf4.jpg,.jpg,1151.728515625,True,,JPEG,RGB,4032,3024,1,78.3644,110.866005,80.97616,97.73452,40.801094,2167.2332,0.9276529947916666,11364543910202384207,901775ad9648b2aa48476e8893ec6752,1.3333333333333333,12.192768
Train,Rust,aa19152955afc1ed.jpg,.jpg,253.6044921875,True,,JPEG,RGB,2592,1728,1,105.56995,144.69481,62.504684,123.619286,33.524372,673.3073,0.9662600511695907,15220869048385628054,e5f3ba0ab37fe59e882570aee3162d9a,1.5,4.478976
Train,Rust,aa45956eda64dc64.jpg,.jpg,1494.1484375,True,,JPEG,RGB,4608,3456,1,102.4714,132.29778,83.47235,117.81399,48.94583,1875.084,0.96234130859375,7383307378335371129,e4d5f12eb5eaae038dda608233ef65c8,1.3333333333333333,15.925248
Train,Rust,aa542048ebf78bf4.jpg,.jpg,1276.9970703125,True,,JPEG,RGB,4032,3024,1,89.96645,124.57202,94.14579,110.75409,45.294994,2651.2422,0.9034423828125,11508659100425723727,2523bd492a260c38babd85f0c43b665d,1.3333333333333333,12.192768
Train,Rust,aaaf47abd1c2a846.jpg,.jpg,259.7294921875,True,,JPEG,RGB,2592,1728,1,92.66712,133.46132,75.94915,114.70577,44.370296,1129.4498,0.9507949561403509,6303693216813926307,3ace092e39b7a4d80c7a704af7971793,1.5,4.478976
Train,Rust,aab23789d34a413f.jpg,.jpg,993.1796875,True,,JPEG,RGB,4000,2672,1,131.18768,156.83255,107.20975,143.50468,39.001156,1496.047,0.9605034722222222,11281103104793342762,ce056e533a9d05dac83cd484ea6594da,1.4970059880239521,10.688
Train,Rust,aab3d2b598d2e858.jpg,.jpg,1057.16796875,True,,JPEG,RGB,4000,2672,1,145.82007,164.07155,120.90422,153.69173,52.884293,2039.8688,0.8274396929824561,6656214418033999795,b49ea287cfe5ec11099460d4119c2fcf,1.4970059880239521,10.688
Train,Rust,aab6cd72ac6a2938.jpg,.jpg,1061.6748046875,True,,JPEG,RGB,4000,2672,1,139.75684,164.19673,112.92921,151.04091,33.661587,1725.3464,0.9435535453216374,4993541102835962739,c1f30dbb6730ea696ed82d5d15b2266b,1.4970059880239521,10.688
Train,Rust,aacedff0d881c189.jpg,.jpg,275.69140625,True,,JPEG,RGB,2592,1728,1,109.540436,129.24054,82.77371,118.05005,45.733902,1298.336,0.7645741959064327,7596696903158225562,ba323c07437aeacf768938e1908577e6,1.5,4.478976
Train,Rust,aad5ea8d137069c3.jpg,.jpg,1080.4541015625,True,,JPEG,RGB,4608,3456,1,117.23169,117.86416,91.74469,114.69662,36.875935,1239.1129,0.6619466145833334,1668453079431235467,11806fb229920bfd9b647357b07785f0,1.3333333333333333,15.925248
Train,Rust,ab83c0d147c3db66.jpg,.jpg,1102.125,True,,JPEG,RGB,4032,3024,1,88.081055,116.46743,86.55503,104.56565,46.678455,2865.1877,0.8825887044270834,14671354755697805111,483c7cb7d8aab02317ce184d78fe7de5,1.3333333333333333,12.192768
Train,Rust,ab9d63636cd39481.jpg,.jpg,1175.8955078125,True,,JPEG,RGB,5184,3456,1,101.637245,119.819466,87.7863,110.7293,37.701893,1681.0121,0.8477019371345029,5340770219625924935,ab25e4fe48f177695e4c57e2e775621d,1.5,17.915904
Train,Rust,abb6922c108f978f.jpg,.jpg,1284.7255859375,True,,JPEG,RGB,4608,3456,1,94.158,119.04358,70.481834,106.06879,59.045414,2976.0723,0.8877360026041666,12622830470121870297,0469d151317f623700b74ecdeddabc05,1.3333333333333333,15.925248
Train,Rust,abc397970c5a3c68.jpg,.jpg,664.296875,True,,JPEG,RGB,4032,3024,1,107.41396,127.025536,74.422646,115.16162,56.42728,1066.9249,0.82354736328125,7516251607090011963,aa761a603253410c01480865e0d538e8,1.3333333333333333,12.192768
Train,Rust,abd0a11daddd072a.jpg,.jpg,341.4462890625,True,,JPEG,RGB,2592,1728,1,104.2762,120.98876,85.2736,111.922516,38.172718,1169.5493,0.8777412280701754,15247386352400636891,132450716ddf75b84fc396c4c12e5309,1.5,4.478976
Train,Rust,ac27cbc0cf0f612e.jpg,.jpg,899.029296875,True,,JPEG,RGB,4000,2672,1,133.39877,166.22087,119.300575,151.0585,34.510128,1059.1259,0.9701434576023392,16365551554471272801,bef1a0c92f603211bdfd7ff6f691e76e,1.4970059880239521,10.688
Train,Rust,ac27d2d2cfda450c.jpg,.jpg,219.3076171875,True,,JPEG,RGB,2592,1728,1,122.51707,155.4282,107.82399,140.15654,49.490982,1052.8429,0.9668996710526315,7858560773782386983,6aa25fc86970aff10564e5abda57d145,1.5,4.478976
Train,Rust,ac548d6b9530b6ec.jpg,.jpg,308.6689453125,True,,JPEG,RGB,2592,1728,1,96.326935,126.32255,68.629456,110.77618,30.867046,930.3489,0.8643548976608187,16638457403396567923,aa39712a03c9386be8471061cd62a394,1.5,4.478976
Train,Rust,ac9b45cf3aa05b16.jpg,.jpg,648.62109375,True,,JPEG,RGB,4000,2672,1,138.68709,166.59822,105.88777,151.32669,43.166363,1089.9106,0.9082602339181286,17579449024482879367,ccbecd1d6d0a2fda7d8b01911349884e,1.4970059880239521,10.688
Train,Rust,aca3265863af6e1c.jpg,.jpg,1462.298828125,True,,JPEG,RGB,5184,3456,1,90.994286,122.93545,91.60255,109.81399,44.59208,2117.6187,0.9269691154970761,5753180623798937197,24abd913eba60f488e22373c4a6809df,1.5,17.915904
Train,Rust,acc99659863d9f0a.jpg,.jpg,1181.7177734375,True,,JPEG,RGB,4608,3456,1,102.822,115.73535,87.09525,108.609276,45.298145,1961.3599,0.8435465494791666,8539712231843968300,49e71517f873411b903f0bb7cc768930,1.3333333333333333,15.925248
Train,Rust,ace8591d545f5683.jpg,.jpg,1115.208984375,True,,JPEG,RGB,4608,3456,1,93.847534,106.50326,83.76748,100.12836,53.142082,1373.6888,0.8177693684895834,12795788015266855668,c09142a25abd9fa3d76fb3fe80a01205,1.3333333333333333,15.925248
Train,Rust,acf5c563301a4cf3.jpg,.jpg,780.5234375,True,,JPEG,RGB,5184,3456,1,128.87863,169.53906,132.95938,153.2116,34.00992,1160.6432,0.9281341374269005,10251925301141682599,7d9327bbe776756282feccb8fa979cdc,1.5,17.915904
Train,Rust,ad17c993cd30c61d.jpg,.jpg,297.20703125,True,,JPEG,RGB,2592,1728,1,122.206345,148.67831,84.155975,133.40463,37.5734,1370.2817,0.8885919225146199,15666385236941026099,76c07961ee6867353c6f955104d4765f,1.5,4.478976
Train,Rust,ad65b56714849da5.jpg,.jpg,295.35546875,True,,JPEG,RGB,2592,1728,1,112.629524,120.846146,85.440765,114.354416,41.05205,968.4927,0.7572642543859649,1013963800793179500,8c45841b2794968402434c320353f46a,1.5,4.478976
Train,Rust,adb295d7ca4c282e.jpg,.jpg,1067.26171875,True,,JPEG,RGB,4000,2672,1,145.09273,169.33313,106.4531,154.91898,44.70189,1955.2164,0.9544956140350878,18311424099047405299,511c3082720d3e46b9a53b3f7007126f,1.4970059880239521,10.688
Train,Rust,adecc8c68c55d855.jpg,.jpg,1281.3076171875,True,,JPEG,RGB,4608,3456,1,112.762794,118.520485,78.98712,112.28955,60.487617,2010.57,0.7298177083333334,12832751185627141682,ad0498b5cf04f4ef819e2794aa72d049,1.3333333333333333,15.925248
Train,Rust,ae00d5a2e1563efc.jpg,.jpg,1245.4814453125,True,,JPEG,RGB,4608,3456,1,119.00509,142.47453,114.000404,132.20735,37.984962,1897.1187,0.90771484375,11940790215484860938,14465cdf2ce1b6c7eb0f18f8d64327bc,1.3333333333333333,15.925248
Train,Rust,ae2c85c646161f7b.jpg,.jpg,228.5849609375,True,,JPEG,RGB,2592,1728,1,132.29962,155.65564,93.981865,141.63942,45.303955,1125.7632,0.9289336622807017,17045908248494853325,8e2e3978828527d6fb5ac6848c19567e,1.5,4.478976
Train,Rust,ae31f2b53692aaa4.jpg,.jpg,189.8994140625,True,,JPEG,RGB,2592,1728,1,113.918655,137.938,67.70052,122.74669,30.28336,598.8758,0.9429824561403509,2107376197136247845,70b26c52e9ad2f61be52358291f3ac78,1.5,4.478976
Train,Rust,ae4c5a950daf4b54.jpg,.jpg,1261.4404296875,True,,JPEG,RGB,4608,3456,1,89.256836,107.732056,77.80869,98.79734,44.18368,2346.4675,0.8899943033854166,3872505669788507689,8ff06e8a81cccb8447d9db05d2687798,1.3333333333333333,15.925248
Train,Rust,ae5e95b459830a6b.jpg,.jpg,1255.8046875,True,,JPEG,RGB,4608,3456,1,117.904686,144.2102,96.274536,130.88141,43.715317,1468.1187,0.76629638671875,8080972175754907355,9d2c6f13456bb3702910e6d88610f549,1.3333333333333333,15.925248
Train,Rust,ae61967c97658835.jpg,.jpg,1490.40625,True,,JPEG,RGB,4608,3456,1,95.261024,106.20042,81.14445,100.07233,47.203526,1835.683,0.9043375651041666,12026836309905991277,74923bf534bcf54c93d30164082f4d24,1.3333333333333333,15.925248
Train,Rust,ae75c4e9c3629625.jpg,.jpg,783.849609375,True,,JPEG,RGB,4000,2672,1,147.93677,173.81302,127.39257,160.78267,40.564266,1569.123,0.9199561403508771,14275914317243570151,fcb08b29f69b5a5a58715a5d81437f3d,1.4970059880239521,10.688
Train,Rust,ae92ccbfcc38c838.jpg,.jpg,1097.046875,True,,JPEG,RGB,4000,3000,1,142.88564,168.43257,124.42651,155.77734,41.73084,1632.3114,0.9227701822916666,17681061078689070903,0120f0380766727e2ae00f298f1f5726,1.3333333333333333,12.0
Train,Rust,ae94dae8c448e64f.jpg,.jpg,673.3837890625,True,,JPEG,RGB,4000,2672,1,145.6857,169.90704,125.67672,157.62495,52.221302,1534.6577,0.8702713815789473,11907340664767468381,7dbeb03403f8a3a2f1a3b502507279a5,1.4970059880239521,10.688
Train,Rust,ae9ad06d6ba13227.jpg,.jpg,814.7099609375,True,,JPEG,RGB,4000,2672,1,142.03354,162.55853,120.6105,151.64127,48.771145,1322.4323,0.8569078947368421,13490951973380769551,3c76087dd7e664167489418a374b77b5,1.4970059880239521,10.688
Train,Rust,aed725c6c42b0e35.jpg,.jpg,224.6962890625,True,,JPEG,RGB,2592,1728,1,101.27988,132.50818,79.41927,117.11452,30.567257,753.6319,0.9573510599415205,16592499288324021123,ba7c084644a39eeb9d7e037d375eb70a,1.5,4.478976
Train,Rust,af3ba5649680caad.jpg,.jpg,234.9609375,True,,JPEG,RGB,2592,1728,1,81.37146,111.66523,53.45904,95.96772,43.873398,745.67975,0.9842607821637427,8524849265213564902,aa2afcbe4566a9c04cfb0908d0a5d660,1.5,4.478976
Train,Rust,af5e95807a7f2a80.jpg,.jpg,754.244140625,True,,JPEG,RGB,4000,2672,1,154.62036,176.74213,122.44803,163.9393,41.74324,1554.4231,0.8468795687134503,6154770338816683834,6ef00a2461247d4b3183b6f0445054d4,1.4970059880239521,10.688
Train,Rust,af82d35831636d59.jpg,.jpg,1349.0517578125,True,,JPEG,RGB,4032,3024,1,99.02804,123.86344,77.39514,111.142296,60.96472,3665.034,0.95440673828125,5290999276982658378,a615eda7e57f76ebc2b134d18776c95e,1.3333333333333333,12.192768
Train,Rust,afa425346396a796.jpg,.jpg,338.0556640625,True,,JPEG,RGB,2592,1728,1,112.62822,145.91876,72.538055,127.59866,37.45817,1186.4707,0.9435535453216374,10269164975678503371,54785cd36219f9754e8b649a3503b42c,1.5,4.478976
Train,Rust,afbc97909cc3581c.jpg,.jpg,859.4599609375,True,,JPEG,RGB,4000,2672,1,155.62344,175.736,136.8324,165.28911,46.14817,1715.4121,0.8402092470760234,8545023953663313510,05be7ea442fd0edae3aa6bf012400388,1.4970059880239521,10.688
Train,Rust,afd5749a875298a4.jpg,.jpg,240.43359375,True,,JPEG,RGB,2592,1728,1,118.482635,154.85732,111.612915,139.05005,35.264057,1015.5888,0.9245933845029239,2609684674040770351,c75dc5acd98d137358346cff7ba57779,1.5,4.478976
Train,Rust,afe9c29a34a868c7.jpg,.jpg,794.765625,True,,JPEG,RGB,4000,2672,1,149.76186,175.8408,109.920364,160.52809,39.89239,1308.9744,0.9014985380116959,15837842942941973846,cf1299acd9da996fce59a5b3ae7fccb6,1.4970059880239521,10.688
Train,Rust,aff094e272313ab1.jpg,.jpg,372.6943359375,True,,JPEG,RGB,2592,1728,1,97.38969,126.02597,88.76453,113.213585,58.09922,2470.3228,0.8965414839181286,11296235729658804859,08764eee21a07b4e8a4c13206cfb37fe,1.5,4.478976
Train,Rust,b00ff8c27b6c239a.jpg,.jpg,815.001953125,True,,JPEG,RGB,4000,2672,1,130.72894,159.2914,104.571,144.51021,42.586155,1320.4,0.9190195540935673,7634294299601842205,d1e455e401120cfe6a9f261d6733584d,1.4970059880239521,10.688
Train,Rust,b0a183de19bb96c3.jpg,.jpg,886.7509765625,True,,JPEG,RGB,4000,2672,1,141.55635,169.45969,123.97814,155.93039,43.351597,1440.9624,0.904719480994152,15890827708853987802,e47851e5cca1f884ccccd35375486f3e,1.4970059880239521,10.688
Train,Rust,b0a3901b244fe3ef.jpg,.jpg,1225.2021484375,True,,JPEG,RGB,5184,3456,1,113.52339,142.83351,98.66712,129.03374,48.16173,2067.2297,0.8916301169590644,12468860110851616956,378e618bf6ec028c85a79c8a4e5cd172,1.5,17.915904
Train,Rust,b0e1870fbe96668a.jpg,.jpg,878.8662109375,True,,JPEG,RGB,4000,2672,1,138.37589,167.8672,112.03383,152.68185,33.64809,1167.241,0.906546966374269,5520459577161563197,0ef94a11b1c8a7280d492a97507d626f,1.4970059880239521,10.688
Train,Rust,b0fddb8b988c3d80.jpg,.jpg,633.0146484375,True,,JPEG,RGB,4000,2672,1,148.81248,167.28203,117.33082,156.0633,39.69729,1038.5981,0.8283534356725146,4440440096358592444,693ecb590d1bb0df3dd8d7486280f24a,1.4970059880239521,10.688
Train,Rust,b0ffe73c0047c70c.jpg,.jpg,773.9443359375,True,,JPEG,RGB,4000,2672,1,122.482254,172.28552,129.48474,152.51424,40.822636,1451.5205,0.9164153874269005,439783321131832468,8eb46dd9943c0f3c1aca28754fb4ed64,1.4970059880239521,10.688
Train,Rust,b188c20f776d9276.jpg,.jpg,1153.4326171875,True,,JPEG,RGB,4000,2672,1,132.57881,159.5353,106.88261,145.47101,29.327099,1791.3163,0.9417260599415205,11095105977882128924,ad11ff22c0d76855148b604634159d5c,1.4970059880239521,10.688
Train,Rust,b18c4789c6e71b55.jpg,.jpg,814.7060546875,True,,JPEG,RGB,5184,3456,1,102.80937,140.9101,106.5762,125.603775,37.309402,1300.2224,0.9118695175438597,8265120851487841868,f6b4e9da3116be1b8e5f2520f3fcd7c4,1.5,17.915904
Train,Rust,b1b1919c490fcf9a.jpg,.jpg,1365.6640625,True,,JPEG,RGB,4608,3456,1,109.734764,116.75138,91.587425,111.78235,43.76951,1569.7723,0.7881062825520834,11136926098103623503,699f52ccc5fd9d3c154dd0bd174e7c0f,1.3333333333333333,15.925248
Train,Rust,b1b5ba2b48afe1c0.jpg,.jpg,902.1376953125,True,,JPEG,RGB,4000,2672,1,127.5019,176.51582,129.55785,156.50783,36.939518,1213.1166,0.9058388157894737,11501215735818620345,feedcd9cd6d1b86067872b381fdab6bf,1.4970059880239521,10.688
Train,Rust,b1c797ef10acd190.jpg,.jpg,827.6181640625,True,,JPEG,RGB,5184,3456,1,131.09195,163.70934,104.786964,147.24173,39.054813,1325.4949,0.9058616593567251,15738275882068850328,7727cb0e370bf4d4efbb722c7c1146d2,1.5,17.915904
Train,Rust,b1cfcc3116f6c0e4.jpg,.jpg,928.7431640625,True,,JPEG,RGB,5184,3456,1,147.49059,166.62076,110.07004,154.454,47.53673,1984.8011,0.8550118786549707,3121926157161371558,99f169158a756149963e0b108b0aaf12,1.5,17.915904
Train,Rust,b281d20a4f376fd2.jpg,.jpg,703.94140625,True,,JPEG,RGB,4000,2672,1,152.64444,175.9228,131.18942,163.86444,53.79589,1292.1687,0.8504431652046783,17275558920331431183,4e51454153ed6f87067efce60a03f738,1.4970059880239521,10.688
Train,Rust,b2ccd8876c177661.jpg,.jpg,802.841796875,True,,JPEG,RGB,4000,2672,1,143.98953,168.25792,112.591515,154.65317,37.8521,1374.7374,0.9216008771929824,2682189507359234205,af5158a6650eb14c63cf09dbbc7c9ee4,1.4970059880239521,10.688
Train,Rust,b2e4f22dc14ebc1c.jpg,.jpg,915.6328125,True,,JPEG,RGB,4000,2672,1,142.9859,173.10304,118.06824,157.82008,33.387962,1230.5265,0.9186540570175439,10276402468693695897,f7bb8e8f970e0735c4ac84aac336abe2,1.4970059880239521,10.688
Train,Rust,b2ec0cf59931f033.jpg,.jpg,306.8525390625,True,,JPEG,RGB,2592,1728,1,110.7037,137.92361,74.91043,122.59592,37.479626,1169.5573,0.8810307017543859,3902238906792029305,1bfc015173de2b61db2e0954719fa5ce,1.5,4.478976
Train,Rust,b3b131c9e0279cd6.jpg,.jpg,854.3779296875,True,,JPEG,RGB,5184,3456,1,122.951294,158.71092,95.04973,140.76015,29.193914,875.3208,0.8154239766081871,11067926259101289325,1a30284a24d0c5bd8680579955f665d9,1.5,17.915904
Train,Rust,b3d14b94a8583d5d.jpg,.jpg,206.7099609375,True,,JPEG,RGB,2592,1728,1,131.229,145.58691,100.710365,136.1793,63.91811,798.3493,0.7616273757309941,8709064053705432287,2b8c93190d8d654fe952f90e405b6dda,1.5,4.478976
Train,Rust,b3eb96cbb40254b2.jpg,.jpg,1020.6005859375,True,,JPEG,RGB,4608,3456,1,96.36527,115.34625,72.20432,104.75281,40.888577,997.6287,0.79986572265625,5425462161110092604,0b3a255a53d38bea628cfc95af343ecb,1.3333333333333333,15.925248
Train,Rust,b3eed0f84cd2c612.jpg,.jpg,705.25390625,True,,JPEG,RGB,4000,2672,1,147.3357,166.78981,121.23849,155.77965,39.235493,1066.9973,0.9075292397660819,3823361878497533148,bde6837333b0f0c6f381030781275cc7,1.4970059880239521,10.688
Train,Rust,b3f3ed460303387c.jpg,.jpg,803.6474609375,True,,JPEG,RGB,4000,2672,1,109.751236,160.9755,121.992165,141.21503,41.305164,1145.2125,0.9586074561403509,14707661109639897634,1dc9563655400790663659f236dd6ee1,1.4970059880239521,10.688
Train,Rust,b486cd89071fe25b.jpg,.jpg,792.5,True,,JPEG,RGB,4000,2672,1,133.18143,154.15694,95.22323,141.16507,52.37504,1223.5599,0.8206779970760234,17195883972934703766,830741adfc3394942172e6dc45cc665b,1.4970059880239521,10.688
Train,Rust,b49f538f08a6c87c.jpg,.jpg,1310.9453125,True,,JPEG,RGB,5184,3456,1,110.29816,132.62155,68.02522,118.58164,45.34032,2371.3057,0.8564967105263158,7644909455559528090,fa2be5c579fd34f98975d7ecd652550e,1.5,17.915904
Train,Rust,b4a96bcad2b4078d.jpg,.jpg,1579.041015625,True,,JPEG,RGB,4608,3456,1,87.66128,108.36228,68.45109,97.621254,56.35207,3173.8098,0.8634236653645834,11183412835300677196,504c68e3b5b41241c406cd03d7e3600f,1.3333333333333333,15.925248
Train,Rust,b4cf174048e61de7.jpg,.jpg,782.828125,True,,JPEG,RGB,4000,2672,1,154.05312,167.83873,131.19951,159.53441,39.94093,1241.0643,0.6930738304093568,4914568518854151470,a7d9e93847a6d5289c913fe35c81832b,1.4970059880239521,10.688
Train,Rust,b4e9c485361b59b5.jpg,.jpg,1029.9931640625,True,,JPEG,RGB,4000,2672,1,113.696434,128.70619,101.94276,121.169,33.272465,1319.5656,0.8205180921052632,15458360723884520629,9082f62f15e1ae055211486f610dc36d,1.4970059880239521,10.688
Train,Rust,b52d65c1ee320337.jpg,.jpg,235.2734375,True,,JPEG,RGB,2592,1728,1,98.428154,119.00558,61.744747,106.32264,27.19453,615.48987,0.8308433845029239,9669930048217066031,6a5e12123be2a4a7295563c8516c6ece,1.5,4.478976
Train,Rust,b562d66dca36c912.jpg,.jpg,937.0322265625,True,,JPEG,RGB,4000,2672,1,136.47803,169.90836,118.932495,154.09973,31.862469,1204.5845,0.9533991228070176,5633650179643440760,afa5222032f6b8b13ef2442dd49d6058,1.4970059880239521,10.688
Train,Rust,b573c1c0c3839e8f.jpg,.jpg,859.0537109375,True,,JPEG,RGB,4000,2672,1,147.67726,165.32205,128.25389,155.81805,33.908844,1104.9337,0.7556652046783626,14420031357171544162,dceaa1caad5b1028b4c1427aa3494c1b,1.4970059880239521,10.688
Train,Rust,b5865e13f9a0bc07.jpg,.jpg,695.8037109375,True,,JPEG,RGB,4000,2672,1,100.500046,126.83141,74.88548,113.03111,46.0533,875.4846,0.9432794225146199,6691353571006242322,bc2055c3614ab8203caae75dc800a101,1.4970059880239521,10.688
Train,Rust,b5ba9a6d78446784.jpg,.jpg,1004.1083984375,True,,JPEG,RGB,4000,3000,1,150.40063,178.45374,134.47083,165.05304,37.638424,1047.2468,0.9189656575520834,2245976299913278640,cd3207e8b06408e080ba044f8fed51b7,1.3333333333333333,12.0
Train,Rust,b5c0a39c3939d2ba.jpg,.jpg,1138.435546875,True,,JPEG,RGB,4608,3456,1,114.52102,144.97688,110.913,131.98682,37.750805,1992.3477,0.8834025065104166,16052171104112754654,456ba9e2c3ed974b5ad122739827f437,1.3333333333333333,15.925248
Train,Rust,b5e8da8c231a1bc7.jpg,.jpg,925.6513671875,True,,JPEG,RGB,5184,3456,1,120.72325,152.9722,100.40981,137.338,37.10528,1612.4282,0.8461485745614035,8864876949997840716,3e4b2bf37d2388b1b7d0b196d2d0669c,1.5,17.915904
Train,Rust,b5f14a88f02d4f96.jpg,.jpg,1516.1328125,True,,JPEG,RGB,4608,3456,1,120.04354,138.1781,108.03982,129.31978,38.830524,1534.371,0.9128011067708334,9771762388774872943,bcabba7e1c6c85ee86fdb90dd7a56fd6,1.3333333333333333,15.925248
Train,Rust,b64a9e69e9744d90.jpg,.jpg,1095.1904296875,True,,JPEG,RGB,4000,2672,1,143.34969,164.79448,111.322685,152.28296,38.941425,1936.5673,0.9369974415204678,7745599678868360252,ce342844cbfda65e6ff7326c483cc13a,1.4970059880239521,10.688
Train,Rust,b67f48c0de99682c.jpg,.jpg,255.83203125,True,,JPEG,RGB,2592,1728,1,127.225075,152.65326,89.49851,137.84491,36.0059,1046.0067,0.9621025219298246,7596463697734441125,0e5969911dff6a27468a429c29f8383c,1.5,4.478976
Train,Rust,b6a596167d1a545a.jpg,.jpg,280.8125,True,,JPEG,RGB,2592,1728,1,127.5707,145.19102,105.73833,135.42601,50.985363,1391.6735,0.8336988304093568,7840361365133606190,af72c5c40857199395190a3ace394f4f,1.5,4.478976
Train,Rust,b6ba9ab11bd29581.jpg,.jpg,225.8232421875,True,,JPEG,RGB,2592,1728,1,121.75119,140.39389,108.0341,131.13171,42.01049,1315.861,0.862984283625731,1814683522305510508,64ba81fad65b00c698777682f26c2c31,1.5,4.478976
Train,Rust,b6c1cf3c70726a4a.jpg,.jpg,912.5810546875,True,,JPEG,RGB,4000,3000,1,137.51256,167.96465,125.263084,153.9947,44.00663,1018.7059,0.9531046549479166,3018194182486309415,9d205ffd88b99250817c17bd216254fe,1.3333333333333333,12.0
Train,Rust,b6d4b6b48cd13658.jpg,.jpg,996.509765625,True,,JPEG,RGB,5184,3456,1,106.70219,128.60216,75.23168,115.972084,39.443077,1801.9519,0.8700201023391813,2039123934729607469,5a555c9ff6007a6fb8d0cb94b49b6cd9,1.5,17.915904
Train,Rust,b735a3084cbdfe04.jpg,.jpg,938.6748046875,True,,JPEG,RGB,4000,2672,1,97.8477,149.78897,102.81225,128.90259,41.1924,1261.8191,0.96484375,4525075404186274763,6ef92474af3de7c71e8fa45acf4022df,1.4970059880239521,10.688
Train,Rust,b76dd74acc1084ce.jpg,.jpg,786.2939453125,True,,JPEG,RGB,4000,2672,1,141.04509,165.48653,120.303474,153.02591,31.856752,1094.9017,0.8816017909356725,4777771915064130604,12a1d2e40b70b2883a78ab24ea7b06ac,1.4970059880239521,10.688
Train,Rust,b788c7f41a1d2572.jpg,.jpg,767.2861328125,True,,JPEG,RGB,4000,2672,1,142.28511,180.93861,101.0998,160.27995,32.274464,1242.3478,0.9722679093567251,13418987707469007944,53997b37c45e292aae535da48bb7a40b,1.4970059880239521,10.688
Train,Rust,b78dc1d9dda30350.jpg,.jpg,1032.9951171875,True,,JPEG,RGB,4000,3000,1,155.49864,177.77269,112.02421,163.6186,38.59808,1561.1396,0.8873697916666666,17318257283305212902,a1a4e237e7ae24cbec45823dddccebc2,1.3333333333333333,12.0
Train,Rust,b80898e11f81ff1f.jpg,.jpg,961.7724609375,True,,JPEG,RGB,4032,3024,1,86.62046,123.44216,93.123085,108.9704,33.912212,1527.8301,0.93035888671875,12948180548971310700,1257ee9b8ae0cf51d1fe3025c047ab0d,1.3333333333333333,12.192768
Train,Rust,b80898e11fa17f1f.jpg,.jpg,983.14453125,True,,JPEG,RGB,4032,3024,1,97.21548,135.91841,105.09751,120.83091,37.11143,1830.024,0.9202473958333334,12948180686411382316,0803c49adf578882838fa1a4ad0cff86,1.3333333333333333,12.192768
Train,Rust,b82dd8a68596dc4b.jpg,.jpg,1102.6845703125,True,,JPEG,RGB,4000,3000,1,156.42033,179.22984,126.284485,166.37767,43.889416,1766.4176,0.9119466145833334,13123226765478436243,a5e83d1a3cc0785075891842114ecdbe,1.3333333333333333,12.0
Train,Rust,b889d5b403de8fb0.jpg,.jpg,1066.1689453125,True,,JPEG,RGB,4000,2672,1,139.4931,173.99118,78.27757,152.76526,36.98716,2346.7441,0.930327119883041,13453293683629008037,0f8e1845abd0aa1212eb9642f9a2e821,1.4970059880239521,10.688
Train,Rust,b897c367857a9330.jpg,.jpg,810.94140625,True,,JPEG,RGB,4000,2672,1,152.31998,174.94862,126.91052,162.70602,40.605965,1579.3503,0.8297012061403509,14597921475766989235,5b9b9dcc70813c8471f9daf35a5fef2d,1.4970059880239521,10.688
Train,Rust,b966d08f6e385724.jpg,.jpg,211.509765625,True,,JPEG,RGB,2592,1728,1,128.28534,148.20015,60.196682,132.21428,40.889187,669.997,0.8572733918128655,3725484171110030012,57edd43f6bd5409fa28a9cc7e5b79820,1.5,4.478976
Train,Rust,ba177089fe11872e.jpg,.jpg,1588.1787109375,True,,JPEG,RGB,4608,3456,1,80.78756,101.75181,52.364056,89.85278,54.842136,4462.5537,0.9081217447916666,11069088517338667917,efef0595e82bf7154568604810dae7cf,1.3333333333333333,15.925248
Train,Rust,ba5c278629b5ccb1.jpg,.jpg,259.9541015625,True,,JPEG,RGB,2592,1728,1,83.82881,119.938484,76.6462,104.20605,28.521755,1120.7327,0.9544727704678363,7307424890044108367,b70f7bd84a6435eb8e80c80ee123601a,1.5,4.478976
Train,Rust,baa48e75eaa38352.jpg,.jpg,594.4150390625,True,,JPEG,RGB,4000,2672,1,143.5623,168.62482,105.621506,153.94559,46.691433,1432.7091,0.9359923245614035,3980788029292698993,2cf4b3e41bfa7aea6f26391aa54301bd,1.4970059880239521,10.688
Train,Rust,baa4cf3860e25e9a.jpg,.jpg,645.8193359375,True,,JPEG,RGB,4000,2672,1,156.87248,170.07814,129.51985,161.50616,37.879696,1141.4279,0.8591922514619883,13246851905796790624,7aaaddfb83a6a9c4562849c235c425a2,1.4970059880239521,10.688
Train,Rust,baf3938b42f8c08d.jpg,.jpg,893.8759765625,True,,JPEG,RGB,4000,2672,1,154.51958,185.3583,128.90561,169.70056,36.881214,1528.067,0.9193622076023392,1804850626869541689,019f9d3ed1f60c9a3c4639af6ef68233,1.4970059880239521,10.688
Train,Rust,bb848ba16e8d338b.jpg,.jpg,779.7744140625,True,,JPEG,RGB,4000,2672,1,149.59096,172.97191,110.737686,158.88414,51.080326,1516.8501,0.9043082967836257,14315322771747263345,c64e9ddd358019161b64ad59b94a04b9,1.4970059880239521,10.688
Train,Rust,bb878a621c11d2df.jpg,.jpg,290.4833984375,True,,JPEG,RGB,2592,1728,1,123.43681,158.20424,87.91634,139.79155,40.86871,1174.6571,0.9350785818713451,11321867470254217529,c399e0021876c247ecffcb0b4513cebf,1.5,4.478976
Train,Rust,bc33d0c1d38d3b86.jpg,.jpg,1018.3037109375,True,,JPEG,RGB,4000,2672,1,137.37547,171.78264,118.50174,155.42067,33.074055,1516.5165,0.9513432017543859,11068791691994342960,b648ad4a43b028b1432f62ee4490a054,1.4970059880239521,10.688
Train,Rust,bc3a8b9b9c0f90cc.jpg,.jpg,774.2041015625,True,,JPEG,RGB,4000,2672,1,141.47905,164.7051,117.04427,152.31737,42.355667,986.5388,0.8948510599415205,4476506835131392998,9f45efdd823b3a1acec9cdd03bdc80f1,1.4970059880239521,10.688
Train,Rust,bc62cd122f6dd2b0.jpg,.jpg,213.130859375,True,,JPEG,RGB,2592,1728,1,127.1693,162.4762,87.36454,143.3519,24.174267,831.3816,0.9854486476608187,5156230282973050419,4a3466bc6d9ccfa7c2cd742178ed17d0,1.5,4.478976
Train,Rust,bca0e0359f715953.jpg,.jpg,1070.5390625,True,,JPEG,RGB,4000,3000,1,140.08838,173.73598,127.82346,158.43922,31.169764,1348.8734,0.9575398763020834,10851176046220680725,8231f0e2c8e395c86744de6660045c07,1.3333333333333333,12.0
Train,Rust,bcbdca83444f309e.jpg,.jpg,864.3408203125,True,,JPEG,RGB,4000,2672,1,119.35501,169.71635,133.3642,150.51256,40.354774,1559.5143,0.9357867324561403,6203496515950701485,31a634c4255cafb6cccf35c62889d6a9,1.4970059880239521,10.688
Train,Rust,bcc6f8d2e44a9929.jpg,.jpg,1298.638671875,True,,JPEG,RGB,4608,3456,1,88.05747,105.624146,72.26953,96.56895,48.72497,1858.0654,0.8712565104166666,2965187655982874550,56b1fb543b86f7dbb01cdfb80cc99003,1.3333333333333333,15.925248
Train,Rust,bd0002ae9bef6eb0.jpg,.jpg,926.3583984375,True,,JPEG,RGB,4000,2672,1,133.57758,160.916,117.27976,147.76764,42.7843,1626.1133,0.8518823099415205,15390654055888071214,276e0149d5e39447d9af7919f03ccaa2,1.4970059880239521,10.688
Train,Rust,bd1108df9c9bd80d.jpg,.jpg,228.763671875,True,,JPEG,RGB,2592,1728,1,96.54848,144.71985,103.31981,125.599075,32.49307,1030.135,0.9733872441520468,8256113220581880693,4af7e08e809848202b40d106d5d285cb,1.5,4.478976
Train,Rust,bd154f595a1be0c2.jpg,.jpg,901.927734375,True,,JPEG,RGB,5184,3456,1,94.70363,128.77515,94.47279,114.678635,46.420307,1426.5284,0.8966328581871345,8249149880364661561,172b4dbb81c5d504ca8015c7f8fb17b2,1.5,17.915904
Train,Rust,bd218c94c9879f3a.jpg,.jpg,1119.2705078125,True,,JPEG,RGB,4032,3024,1,102.954895,125.48501,73.7511,112.84646,58.19092,1974.2181,0.849365234375,13132315962017463345,f22a958cb4a02b13705455bb064b25c2,1.3333333333333333,12.192768
Train,Rust,bd3cc0885dd1e1e5.jpg,.jpg,1012.1201171875,True,,JPEG,RGB,4000,2672,1,133.81259,170.15027,100.715965,151.36885,42.022278,1913.0201,0.9703262061403509,3692685880918255816,3b3a84743267b268ff117361e21171a2,1.4970059880239521,10.688
Train,Rust,bd6c8778528a13d6.jpg,.jpg,704.4580078125,True,,JPEG,RGB,4000,2672,1,144.92514,174.98418,123.089455,160.07819,36.649178,1270.8353,0.9264665570175439,3545304351504594892,327502ec222b0f6ebe70a76987db3aa6,1.4970059880239521,10.688
Train,Rust,bd7295320036eafc.jpg,.jpg,226.5107421875,True,,JPEG,RGB,2592,1728,1,120.24664,153.97385,62.369976,133.44899,37.1253,683.4195,0.9556377923976608,6652383186196330098,38e4532704ec43ae4c35285e6282a05f,1.5,4.478976
Train,Rust,bd96b091cdcc7c48.jpg,.jpg,1071.8818359375,True,,JPEG,RGB,5184,3456,1,93.393456,127.57723,83.426994,112.32273,36.096066,1662.2931,0.8962902046783626,12415620856256115218,249f3ee40c799ebd9d766bcb9a663fb1,1.5,17.915904
Train,Rust,bd9873e3c9c69490.jpg,.jpg,1175.0908203125,True,,JPEG,RGB,5184,3456,1,100.1647,125.37212,98.25763,114.74621,32.1437,1485.0002,0.8644691154970761,1599961176090267150,aeae8d94ee93ade83b7d3905c14038ab,1.5,17.915904
Train,Rust,bd98c090ecf87c66.jpg,.jpg,348.3037109375,True,,JPEG,RGB,2592,1728,1,112.39869,131.60768,92.57362,121.41555,49.65445,1589.9337,0.8137107090643275,13166896066497744454,29dbffdab64135aa4c39c0e53f088903,1.5,4.478976
Train,Rust,bda896530a3d7855.jpg,.jpg,257.783203125,True,,JPEG,RGB,2592,1728,1,114.0514,136.88535,83.38805,123.95219,54.000523,1044.7113,0.7676580774853801,18180529749194864228,002997afcf6980641507840e302af9cc,1.5,4.478976
Train,Rust,bdbfc0631ec77100.jpg,.jpg,329.935546875,True,,JPEG,RGB,2592,1728,1,107.2177,135.29747,79.23321,120.5069,28.003424,1084.3033,0.9621253654970761,6249617982469948340,c73397a8a2cbf228a511ae186d549d38,1.5,4.478976
Train,Rust,bdd3f444190944bf.jpg,.jpg,1234.306640625,True,,JPEG,RGB,4608,3456,1,95.81881,124.421425,75.23501,110.26467,40.434784,1554.0072,0.8973592122395834,17467830536749131318,305688484f4e18e3447e59cf1d6a3b49,1.3333333333333333,15.925248
Train,Rust,bdf6c0c0d827e61a.jpg,.jpg,216.5107421875,True,,JPEG,RGB,2592,1728,1,128.05376,150.96039,103.54324,138.70914,36.03317,862.03876,0.9602065058479532,13913921859177603634,b0ae2dd02ca41897bdaeb64d8cdf7f02,1.5,4.478976
Train,Rust,be106d64f99e9c03.jpg,.jpg,932.6201171875,True,,JPEG,RGB,4000,2672,1,136.16336,156.76001,93.07897,143.34155,57.684887,2498.25,0.8868558114035088,3990181833637064531,b8415cee56d64c1928234e13112369b0,1.4970059880239521,10.688
Train,Rust,be82831fe8c471c7.jpg,.jpg,585.27734375,True,,JPEG,RGB,4000,2672,1,133.60594,159.87589,97.09832,144.8629,36.677395,839.5541,0.9210069444444444,17395607921961493637,e45d9bf04a166a4057537ca4501ee7eb,1.4970059880239521,10.688
Train,Rust,be8495536175517c.jpg,.jpg,1049.4658203125,True,,JPEG,RGB,4000,2672,1,140.08327,176.00851,123.51608,159.28139,38.646633,2253.3918,0.9083516081871345,3327921547002854715,bb1ba3564a4fa358448479db8b1b6653,1.4970059880239521,10.688
Train,Rust,bea1821cd85fb13a.jpg,.jpg,910.7197265625,True,,JPEG,RGB,4000,2672,1,136.52568,171.9857,108.959564,154.19458,34.86626,1563.1694,0.9708059210526315,13791797178508145775,3ecdcbf0b3858d24bdcf6c3a0f3e8390,1.4970059880239521,10.688
Train,Rust,bef892789cf11e01.jpg,.jpg,283.611328125,True,,JPEG,RGB,2592,1728,1,106.275085,135.54707,89.646225,121.55951,32.408054,1242.4799,0.92281158625731,12152109987746110825,4a491c34fddd0720df3c347e9dad726d,1.5,4.478976
Train,Rust,bf36c6426a8e1359.jpg,.jpg,816.9716796875,True,,JPEG,RGB,4000,2672,1,151.50137,182.19334,123.99068,166.37518,42.29302,1421.4673,0.926672149122807,949835380936141178,9c3792ffdb6c99e1ff48cf7b97c6a027,1.4970059880239521,10.688
Train,Rust,bf3d819ac0c3dd0c.jpg,.jpg,294.3662109375,True,,JPEG,RGB,2592,1728,1,115.365204,141.10762,92.73682,127.8906,40.529617,1189.5576,0.7994791666666666,6565806545984937374,50579aca53f0e6c2daef4ce2c4dbbab7,1.5,4.478976
Train,Rust,bf3e81021c99e2f3.jpg,.jpg,309.5703125,True,,JPEG,RGB,2592,1728,1,114.92087,144.0723,79.00404,127.93277,32.82731,1212.6927,0.9284082602339181,13413724312237234354,3a7b56e76391946daa966e96c434698e,1.5,4.478976
Train,Rust,bfa4908495c69b97.jpg,.jpg,1427.7763671875,True,,JPEG,RGB,4608,3456,1,113.580505,127.66061,98.45243,120.12018,43.432686,2284.3,0.7977498372395834,10236441621649718360,279d0b0663690d63bfb9e028e98c75b3,1.3333333333333333,15.925248
Train,Rust,bfbc22e13421fc0e.jpg,.jpg,752.341796875,True,,JPEG,RGB,4000,2672,1,133.40353,154.34016,108.25391,142.82588,47.800613,938.96765,0.897546600877193,2034848836719267277,9eca7feb4cb912fd15f3972d9de7936e,1.4970059880239521,10.688
Train,Rust,bfbd3ed18009c09b.jpg,.jpg,200.8798828125,True,,JPEG,RGB,2592,1728,1,109.32625,135.54482,69.79411,120.20637,37.943424,761.6795,0.9081688596491229,2168030100636182829,0ed10c7b8cd7aa06a365ee3a5f6236a8,1.5,4.478976
Train,Rust,bfe29090cb0b6f38.jpg,.jpg,873.416015625,True,,JPEG,RGB,4000,2672,1,139.07661,173.6411,118.69319,157.04208,39.613964,1468.7213,0.9437362938596491,18171539935922666107,b74c61624baf3d1aaa75155a6570a55d,1.4970059880239521,10.688
Train,Rust,bfeab92cc034c925.jpg,.jpg,293.9072265625,True,,JPEG,RGB,2592,1728,1,109.23442,143.11792,58.82253,123.3668,36.653362,861.6473,0.9280884502923976,11181659684289850938,1e49f63bf85b5c0d8920a5c36f7e48c5,1.5,4.478976
Train,Rust,c03ad89827dea96e.jpg,.jpg,219.171875,True,,JPEG,RGB,2592,1728,1,113.722404,138.38475,61.771175,122.276955,25.449232,791.6195,0.9237938596491229,1269315457221072326,2317957c99f7b62e65c1a82f2e613aa6,1.5,4.478976
Train,Rust,c08e6ba535b436e6.jpg,.jpg,329.6923828125,True,,JPEG,RGB,2592,1728,1,92.802086,119.65161,46.94737,103.332146,42.43586,603.5743,0.9502010233918129,14186603467686334656,cc1c4eb11cedfacd503c9eb1e18b5aa5,1.5,4.478976
Train,Rust,c09e35c7d027fa16.jpg,.jpg,1026.6982421875,True,,JPEG,RGB,4000,2672,1,102.534515,158.80965,112.32004,136.68657,31.020338,1490.5353,0.9941748903508771,18227305676038849692,e757e0999a9771fb919f55ed9248ae90,1.4970059880239521,10.688
Train,Rust,c0b175c783bb6f08.jpg,.jpg,990.0048828125,True,,JPEG,RGB,4000,2672,1,98.86758,149.8822,98.53342,128.7766,36.271584,1724.6106,0.9499497441520468,5657838183459992231,0aed5280302172e23499fb6a78af16de,1.4970059880239521,10.688
Train,Rust,c0bec6c0d6c2d8cf.jpg,.jpg,314.732421875,True,,JPEG,RGB,2592,1728,1,105.63599,133.0707,85.50377,119.452095,36.825054,951.2416,0.7633863304093568,12118829519017795780,672b5683f3ae0a1166ec0874ca75d28b,1.5,4.478976
Train,Rust,c0d2c496bb3c732d.jpg,.jpg,599.4560546875,True,,JPEG,RGB,4000,2672,1,136.00201,163.29482,81.941864,145.85622,40.27712,1022.2233,0.9058845029239766,16195087308365280967,7010b8a1c7df12d2cbfae2a58fb03c98,1.4970059880239521,10.688
Train,Rust,c0e6e21b32cde8f4.jpg,.jpg,1350.9267578125,True,,JPEG,RGB,4608,3456,1,77.67981,92.15092,53.438923,83.41207,60.554756,2458.8684,0.8021240234375,6180494388129001605,bcf71ecf161682f92cb9511289ecb25a,1.3333333333333333,15.925248
Train,Rust,c0ff18bfb811e503.jpg,.jpg,946.662109375,True,,JPEG,RGB,4000,2672,1,135.33484,156.77896,109.00836,144.91893,33.648495,972.6042,0.9067525584795322,1234478887738726578,47368b137ca09badbfea18fb6d52c5ba,1.4970059880239521,10.688
Train,Rust,c1b49f124f3b9e41.jpg,.jpg,821.9326171875,True,,JPEG,RGB,4000,2672,1,135.4028,161.14764,103.38373,146.85832,32.453056,981.8664,0.9277914839181286,7540312766399140835,b725ce8e3d0c1d48fa66f6dc9ab9f980,1.4970059880239521,10.688
Train,Rust,c1cc8f836c9239eb.jpg,.jpg,1035.984375,True,,JPEG,RGB,4000,2672,1,137.19872,159.12923,111.00834,147.08405,45.063213,1687.2767,0.9233369883040936,2558766419941050722,a5a38bbc7da19e4f5cfc953155049ea8,1.4970059880239521,10.688
Train,Rust,c1d52d7afaea1a04.jpg,.jpg,235.0166015625,True,,JPEG,RGB,2592,1728,1,94.415504,115.47019,61.297947,103.005165,43.6733,509.85065,0.9449470029239766,1324868082917819346,12bb411e3c23d7679784c045e40b91c7,1.5,4.478976
Train,Rust,c230109be4dd9f3b.jpg,.jpg,280.3408203125,True,,JPEG,RGB,2592,1728,1,108.27583,141.58951,102.26802,127.14152,39.780502,1386.2092,0.9312865497076024,11280680356492178884,e1f017436eec16cac39c0e174ab6f397,1.5,4.478976
Train,Rust,c2656b8b398a3727.jpg,.jpg,227.0107421875,True,,JPEG,RGB,2592,1728,1,97.50276,126.86461,66.22775,111.17167,35.755367,743.1114,0.8732182017543859,10062111104478804377,82bcdaf2401bf2a9178a8d8b6d0c74b2,1.5,4.478976
Train,Rust,c2906eb694eb39cc.jpg,.jpg,1370.9755859375,True,,JPEG,RGB,4608,3456,1,100.141884,128.13188,71.621056,113.32157,47.702156,2446.9958,0.9622802734375,18208321542902760355,3fc052c4288c55925fcf9c421d9716ca,1.3333333333333333,15.925248
Train,Rust,c29422fa94e4d5f6.jpg,.jpg,269.9140625,True,,JPEG,RGB,2592,1728,1,98.353004,129.29631,58.876987,112.017,49.37397,1239.3788,0.9517772295321637,14255551459832202181,eb30b8a470af72073f10b04cab2f8e49,1.5,4.478976
Train,Rust,c2c519d2a99ad4eb.jpg,.jpg,300.462890625,True,,JPEG,RGB,2592,1728,1,104.06643,128.46837,76.42213,115.23798,45.518394,1185.8494,0.90531341374269,13900050066399587795,cb48eacd4c4638d18e11a7c2732e6110,1.5,4.478976
Train,Rust,c326e748de83971a.jpg,.jpg,784.0537109375,True,,JPEG,RGB,5184,3456,1,104.0485,140.35359,95.25628,124.356155,33.407867,1107.3708,0.9050392909356725,7252570856764987740,41824a63e39f7f98b6d990888ab89434,1.5,17.915904
Train,Rust,c3542f42de8f1693.jpg,.jpg,259.162109375,True,,JPEG,RGB,2592,1728,1,93.8742,115.864975,49.627583,101.73771,51.510178,1106.6394,0.9121436403508771,4648773511089963871,20b4f38d11308bdde285ee994fa9976c,1.5,4.478976
Train,Rust,c3746b963742c387.jpg,.jpg,1005.8388671875,True,,JPEG,RGB,4000,2672,1,125.26494,142.0617,103.61739,132.65627,72.497574,1506.8442,0.952485380116959,9836074407929364939,7db94eb8d13e7d6c9b22a22a5846285d,1.4970059880239521,10.688
Train,Rust,c395a195e171b369.jpg,.jpg,344.5498046875,True,,JPEG,RGB,2592,1728,1,94.007904,127.46455,111.26108,115.610725,38.428165,1006.6182,0.7607593201754386,15340493178667045259,e07a15300577508232cee33e0690d2b1,1.5,4.478976
Train,Rust,c3a3bcc20364e6cf.jpg,.jpg,1057.560546875,True,,JPEG,RGB,4000,2672,1,103.98552,129.3301,111.55848,119.721054,28.88145,1130.0503,0.8613852339181286,16490862236150538835,b54ebb169418094521ef3d41d38519c3,1.4970059880239521,10.688
Train,Rust,c3a8ce9bb12d2785.jpg,.jpg,1146.072265625,True,,JPEG,RGB,4032,3024,1,113.57572,146.67561,81.15051,129.30168,58.424946,2101.3853,0.9196573893229166,15407315259490427724,702bed5ef09a22e30762c9c6b3eaf13b,1.3333333333333333,12.192768
Train,Rust,c3b5e1921d133c3b.jpg,.jpg,227.39453125,True,,JPEG,RGB,2592,1728,1,106.157005,124.68919,68.33331,112.72149,50.30445,724.8542,0.88578216374269,5648189996979571161,4bef2e9b32c23a08c190f95e4cdd70de,1.5,4.478976
Train,Rust,c3e995b03b526a87.jpg,.jpg,950.041015625,True,,JPEG,RGB,4000,2672,1,135.87534,154.63612,112.21455,144.1888,37.02858,1439.3068,0.8586211622807017,10052669378190757114,511b0c4ce4f0196937b0227d96f98028,1.4970059880239521,10.688
Train,Rust,c444fec780ef181f.jpg,.jpg,302.7666015625,True,,JPEG,RGB,2592,1728,1,114.6915,149.6988,71.02111,130.26364,36.902344,900.61414,0.83687408625731,16773362704865903401,67b2a3742fc269a99a1b4b6b4c6d9611,1.5,4.478976
Train,Rust,c46a85b46b643acf.jpg,.jpg,862.5478515625,True,,JPEG,RGB,4000,2672,1,121.51357,170.52422,107.80665,148.72012,38.41174,1443.5642,0.9677448830409356,10223383922744813296,13569dafe2b05d8af37d17acdda730d5,1.4970059880239521,10.688
Train,Rust,c4e1376523b66971.jpg,.jpg,1045.5185546875,True,,JPEG,RGB,4000,2672,1,129.91255,155.14006,101.018,141.42786,29.33669,1234.0706,0.9504751461988304,14295716957989004388,6d4b32f4fa291109c7236f6a55ca9f8e,1.4970059880239521,10.688
Train,Rust,c4e8374fe19989a9.jpg,.jpg,798.35546875,True,,JPEG,RGB,5184,3456,1,105.79071,130.23589,100.423134,119.52908,39.491028,1049.7615,0.9311038011695907,1776024304184470604,38d096be38effd43b0850d5cc1ebac78,1.5,17.915904
Train,Rust,c4f8dc6ad40fca07.jpg,.jpg,857.52734375,True,,JPEG,RGB,4000,2672,1,136.91635,160.21028,111.202095,147.65607,26.792276,949.3017,0.9644325657894737,3753419048060412660,7becb5a499cddcb024c22e716a3a079c,1.4970059880239521,10.688
Train,Rust,c51b70f7a3c00e3d.jpg,.jpg,225.2822265625,True,,JPEG,RGB,2592,1728,1,95.65794,123.50589,80.64035,110.29228,42.17907,988.8406,0.9731359649122807,10176271211949229718,4662197e8db45fd6f59c49d28005fbff,1.5,4.478976
Train,Rust,c5283b96c01b7ae7.jpg,.jpg,265.8681640625,True,,JPEG,RGB,2592,1728,1,77.223366,102.72398,51.184235,89.22366,30.475222,920.0519,0.9556149488304093,16841830866256412754,652b38b6d897edc0849a00bbceae4862,1.5,4.478976
Train,Rust,c52d4456a52a7b73.jpg,.jpg,1444.4931640625,True,,JPEG,RGB,4608,3456,1,81.55082,103.32833,55.21657,91.33097,48.487125,3294.806,0.9030354817708334,14024934246400454034,865341e8a08fb97ba9f141ecea4f06ac,1.3333333333333333,15.925248
Train,Rust,c53532c8cc5ed0ee.jpg,.jpg,969.685546875,True,,JPEG,RGB,4000,3000,1,128.62628,162.22313,73.332924,142.04509,40.106636,1235.1097,0.9052937825520834,11519728882595094945,a2fb0d3849d21f7c861e2bc2d4ce9a89,1.3333333333333333,12.0
Train,Rust,c58717e8256d2a76.jpg,.jpg,1329.3212890625,True,,JPEG,RGB,4000,3000,1,133.80951,156.57686,119.60897,145.55537,51.88287,2758.5176,0.9222208658854166,7117599197951525068,096e2e775a19d33eda2d2c4f21622ad4,1.3333333333333333,12.0
Train,Rust,c595cf8172676562.jpg,.jpg,1141.513671875,True,,JPEG,RGB,4608,3456,1,90.10537,102.88247,61.78245,94.37815,53.468708,2043.9857,0.85699462890625,14046945819608936645,2c9e1fbf942677343544f9bb085fdb70,1.3333333333333333,15.925248
Train,Rust,c5a588f9a7b4e50a.jpg,.jpg,685.2783203125,True,,JPEG,RGB,4000,2672,1,141.47046,161.14917,112.768684,149.74458,40.723335,1091.0,0.8344298245614035,10558309781336535393,6915dc89c62cb3227c4a329a76d979b7,1.4970059880239521,10.688
Train,Rust,c5d73e82da2e2750.jpg,.jpg,310.3359375,True,,JPEG,RGB,2592,1728,1,79.24415,96.16397,56.23529,86.554504,42.8968,1212.9569,0.8185763888888888,15985182467160389523,7002f6ed26a8dccfa26b429336e05b48,1.5,4.478976
Train,Rust,c5e1af4bc07439d4.jpg,.jpg,1290.498046875,True,,JPEG,RGB,5184,3456,1,104.37518,132.03322,101.82178,120.32013,35.98482,1561.3151,0.759891264619883,14648950184513596526,33f8e1d7bc2d177d47125ac1bc7c04f1,1.5,17.915904
Train,Rust,c5e4c69d861d2733.jpg,.jpg,195.7978515625,True,,JPEG,RGB,2592,1728,1,91.11822,132.42563,89.3986,115.16767,41.61619,667.4867,0.9318119517543859,14178679154802064073,b36bfc800d2b0ad74ca500902cb11591,1.5,4.478976
Train,Rust,c5fd266a99322563.jpg,.jpg,241.3017578125,True,,JPEG,RGB,2592,1728,1,112.17277,136.03433,65.35168,120.84217,29.91032,661.18,0.956734283625731,2802020249412011474,911e827e9dae02a81a78755f217e8266,1.5,4.478976
Train,Rust,c64c69f0bb8b146b.jpg,.jpg,392.1748046875,True,,JPEG,RGB,2592,1728,1,107.07212,124.08329,70.41523,112.87804,44.5482,1731.1919,0.8492324561403509,12908269174256355544,76b216aa70311ad4ca7e1c53226a1992,1.5,4.478976
Train,Rust,c6a498373f96368a.jpg,.jpg,582.1708984375,True,,JPEG,RGB,4000,2672,1,134.99918,163.40881,107.113716,148.49632,51.3929,1256.9119,0.9620111476608187,16561958274858803313,d22296b5b84f4ae443d1ea4fa7bd12cc,1.4970059880239521,10.688
Train,Rust,c707995e62ccce70.jpg,.jpg,764.6884765625,True,,JPEG,RGB,4032,3024,1,119.76117,136.32143,91.61533,126.272095,58.827076,1509.4183,0.7129313151041666,7586533220362335198,d0ef05b6dee947591ef0625358ba32cf,1.3333333333333333,12.192768
Train,Rust,c7bf8058ce81e995.jpg,.jpg,986.115234375,True,,JPEG,RGB,5184,3456,1,114.544365,155.27629,108.12098,137.72304,32.946114,1429.281,0.87796966374269,11631186247189843172,de86ac7714144d2e70d5e2034a23c391,1.5,17.915904
Train,Rust,c83d0eb3629d3965.jpg,.jpg,262.6689453125,True,,JPEG,RGB,2592,1728,1,104.383545,124.16799,56.569626,110.55023,41.907303,576.3316,0.8498720760233918,8279782786682495715,593ee0a8be05078463974f31d6995c33,1.5,4.478976
Train,Rust,c8c265728b956f95.jpg,.jpg,792.748046875,True,,JPEG,RGB,4000,2672,1,109.742805,162.0018,124.219574,142.06944,36.069565,861.80457,0.8904879385964912,9333083187012507250,4784cd217ba1682366a879e658ea5ac4,1.4970059880239521,10.688
Train,Rust,c8d316dca6252d6b.jpg,.jpg,1002.27734375,True,,JPEG,RGB,4000,2672,1,88.95575,146.57646,106.90806,124.822235,40.80499,1515.5802,0.9592013888888888,3222822270564218541,1b8ebb1a9efdc17c6bd3317f949cdd8e,1.4970059880239521,10.688
Train,Rust,c977343db4b8b089.jpg,.jpg,872.2314453125,True,,JPEG,RGB,5184,3456,1,87.66349,109.31801,82.29155,99.75996,41.380882,1005.79443,0.8899168494152047,10108568996800614881,6ccfe421586ff2cac8d08a3b50e6b997,1.5,17.915904
Train,Rust,c9b6374b07e6c780.jpg,.jpg,916.494140625,True,,JPEG,RGB,4000,3000,1,119.19442,151.69682,71.000854,132.78015,38.03005,1031.8331,0.8857828776041666,5528996216386556882,a9d2df9ae62f0e1cf3009332069ec6a0,1.3333333333333333,12.0
Train,Rust,c9fabc81831ea770.jpg,.jpg,727.7763671875,True,,JPEG,RGB,4000,2672,1,127.73077,141.96855,97.92658,132.6907,56.173477,1274.782,0.7355628654970761,1166763573431710370,c04ebb7303afa85d5d75d3fe08bef128,1.4970059880239521,10.688
Train,Rust,ca00eb62b81fd8af.jpg,.jpg,1104.1298828125,True,,JPEG,RGB,4608,3456,1,112.54374,143.16528,109.56067,130.1759,33.260986,1484.3525,0.9417928059895834,13962674193727840609,e567eae8abc05c501dd98d243d42f84a,1.3333333333333333,15.925248
Train,Rust,ca303681f18ff8ae.jpg,.jpg,241.291015625,True,,JPEG,RGB,2592,1728,1,85.80613,99.92674,69.02547,92.18581,43.82321,914.24976,0.8966557017543859,10995874682075440397,97ff472d2e1a6ae980510940f67dd806,1.5,4.478976
Train,Rust,ca825e57242a7abd.jpg,.jpg,895.2060546875,True,,JPEG,RGB,4000,2672,1,131.09683,147.14845,104.08697,137.44228,42.084343,1541.1831,0.926420869883041,7918139342952879026,8b070034e0b510ffd9af224666b3348a,1.4970059880239521,10.688
Train,Rust,ca87815b2f3190df.jpg,.jpg,951.3251953125,True,,JPEG,RGB,4000,2672,1,144.36401,170.5262,125.60997,157.5834,33.75451,1326.2855,0.8919042397660819,16997585031224459715,fd283c33a03700972b10f995383c7c12,1.4970059880239521,10.688
Train,Rust,cad115983a3a7567.jpg,.jpg,1158.369140625,True,,JPEG,RGB,4000,3000,1,112.88131,148.80968,117.0032,134.44215,30.27777,1188.1754,0.9080607096354166,3526497186419335535,274604935ac9551140b44522a31034d4,1.3333333333333333,12.0
Train,Rust,cb388b3a62c7dd88.jpg,.jpg,698.2314453125,True,,JPEG,RGB,4000,2672,1,128.84969,149.67946,66.028946,133.9115,56.077118,1523.9067,0.8734466374269005,6457021416629453251,7b2deebbcf6fcf063e6f1d296e3decd8,1.4970059880239521,10.688
Train,Rust,cba2dfb2a8259c34.jpg,.jpg,1000.6513671875,True,,JPEG,RGB,4000,3000,1,134.39644,155.44188,122.620605,145.4029,27.225988,891.4001,0.82891845703125,7152138985676489266,4e7eccdb05b9f259898d10bf29032499,1.3333333333333333,12.0
Train,Rust,cba838c9c96db331.jpg,.jpg,1233.0986328125,True,,JPEG,RGB,5184,3456,1,77.77942,100.83279,73.610886,90.83628,48.868217,1555.9497,0.8899625365497076,12911201939066286429,9228d56d11c029a9846a8dd1af136cfb,1.5,17.915904
Train,Rust,cc94223ba6cd59f8.jpg,.jpg,913.6552734375,True,,JPEG,RGB,5184,3456,1,99.618355,131.60184,88.15778,117.08824,31.66287,1357.4431,0.9414976242690059,11648615834633499553,41db9e01d36fdd71f65c04a735dd4dfb,1.5,17.915904
Train,Rust,cca9b187e1db5898.jpg,.jpg,865.283203125,True,,JPEG,RGB,5184,3456,1,113.67059,157.69633,79.65205,135.63722,27.413418,809.265,0.9020696271929824,3144554541482289834,de7f8b123ccc1e10b510633a161324c2,1.5,17.915904
Train,Rust,ccb8ddd19023f706.jpg,.jpg,1491.5888671875,True,,JPEG,RGB,5184,3456,1,114.23718,141.63152,112.708244,130.14056,28.812286,1768.1879,0.7615588450292398,10570836282098075876,b7d55d627a9d0bb6e47ffb799c9e3dab,1.5,17.915904
Train,Rust,cccb3b4c88b5b272.jpg,.jpg,897.8115234375,True,,JPEG,RGB,5184,3456,1,92.39056,121.39088,92.63498,109.44129,37.28717,935.4514,0.9349415204678363,12921773815909201597,fb87af582b2e5f89066e0161ba3dab0e,1.5,17.915904
Train,Rust,cd9eb2a68e14662d.jpg,.jpg,1386.046875,True,,JPEG,RGB,5184,3456,1,98.587944,124.81901,93.21622,113.371735,31.68021,1628.4039,0.8862161915204678,3187163636368320139,b38e03d8f0953e0f0beb4d15f1c2935d,1.5,17.915904
Train,Rust,cda9324eda18ad96.jpg,.jpg,952.35546875,True,,JPEG,RGB,5184,3456,1,84.43869,98.28619,74.736,91.459175,48.980503,1327.2422,0.914359466374269,15115864526675907740,e96c5613bb1fe04bf00c338f21f09740,1.5,17.915904
Train,Rust,cdc4460f1cfcc0f9.jpg,.jpg,891.28125,True,,JPEG,RGB,4000,2672,1,94.28246,156.75023,112.114334,132.98112,34.58896,1595.2423,0.9737527412280702,6944977468697743970,72aad01deb96467de2bb5b6cab920a36,1.4970059880239521,10.688
Train,Rust,cdf1098ab2db09da.jpg,.jpg,859.576171875,True,,JPEG,RGB,5184,3456,1,139.87108,169.52826,85.62966,151.09398,27.160736,771.264,0.9033717105263158,15267803238275183587,066581eda188c65874a3acf0c36f9822,1.5,17.915904
Train,Rust,cf497003f625df90.jpg,.jpg,217.673828125,True,,JPEG,RGB,2592,1728,1,94.19901,112.5321,46.542007,99.52682,35.334873,677.59314,0.8769873903508771,9481048509120555564,409eeacbb276499ac22701f03dee9352,1.5,4.478976
Train,Rust,cf4ebb99510b0aa9.jpg,.jpg,1434.0927734375,True,,JPEG,RGB,5184,3456,1,107.65529,136.27849,97.84412,123.33788,38.241066,2236.834,0.9066840277777778,8351051817352260554,b09468b3e9785623a7d317e8206ad8da,1.5,17.915904
Train,Rust,cf61b53c018e70db.jpg,.jpg,1449.1318359375,True,,JPEG,RGB,5184,3456,1,97.71217,128.57239,98.627396,115.93145,38.44326,1776.1022,0.9184256213450293,5153192614830825592,8938c176fef29fc84f3ff9c2c6abc97a,1.5,17.915904
Train,Rust,cf83b242682eae3d.jpg,.jpg,1007.4501953125,True,,JPEG,RGB,4608,3456,1,125.94004,131.11821,113.52716,127.56669,35.17012,699.539,0.6126302083333334,8203422049455063045,1e469bb6a503c79aa094cf27aff076fb,1.3333333333333333,15.925248
Train,Rust,cf853579724b4a4c.jpg,.jpg,307.6708984375,True,,JPEG,RGB,2592,1728,1,82.26037,101.8469,59.767933,91.197685,57.510494,1346.261,0.923108552631579,1618731671882392111,936c514c9416a16846bd7cadbee0d277,1.5,4.478976
Train,Rust,cfac66c5346638d1.jpg,.jpg,1398.3828125,True,,JPEG,RGB,4608,3456,1,105.274315,119.22827,90.475426,111.77848,41.640625,1620.597,0.8104654947916666,11989509250458075469,23e9082ffacbce6e66a2c924114124aa,1.3333333333333333,15.925248
Train,Rust,cff8c191854b3a9c.jpg,.jpg,170.3544921875,True,,JPEG,RGB,2592,1728,1,105.2924,126.79534,64.73575,113.292076,29.978151,468.60294,0.8056469298245614,10052915504260628962,fe825fb0a286c07e25f31eaea926b3dd,1.5,4.478976
Train,Rust,cfff3fc16004c11c.jpg,.jpg,301.1630859375,True,,JPEG,RGB,2592,1728,1,87.067894,125.83141,101.73531,111.49411,37.754326,700.2561,0.8396381578947368,4783776921752727619,3e6dfc9307f45713f7cd984e726f3275,1.5,4.478976
Train,Rust,d01ec7c269c723f1.jpg,.jpg,871.767578125,True,,JPEG,RGB,4000,2672,1,133.6049,163.5262,105.23638,147.93176,33.69499,1082.4481,0.9264894005847953,14500495844165929416,f3bc9497291b9d11e4804365c3228cc4,1.4970059880239521,10.688
Train,Rust,d0a953c03d96e98f.jpg,.jpg,768.0224609375,True,,JPEG,RGB,4000,2672,1,136.36943,154.52458,108.3417,143.82927,34.918125,1076.9286,0.7968978435672515,15630034510200032456,09c6f1fcad9d925726cfdc43dc7e8174,1.4970059880239521,10.688
Train,Rust,d0b02a1ad0dd7b9e.jpg,.jpg,265.3837890625,True,,JPEG,RGB,2592,1728,1,84.30151,108.63916,50.107044,94.686745,47.59572,1201.8723,0.878312317251462,11013491869336269553,0ad0919cb321a81d106c6bd236f437a6,1.5,4.478976
Train,Rust,d0c800df85297f7d.jpg,.jpg,778.19140625,True,,JPEG,RGB,4000,2672,1,139.85832,153.73225,109.54745,144.54576,34.544792,1269.207,0.8618649488304093,10562511315563754646,961946ab03f37622a5c6c283cf019c10,1.4970059880239521,10.688
Train,Rust,d0dd3c34c2954d7a.jpg,.jpg,256.4169921875,True,,JPEG,RGB,2592,1728,1,106.62564,121.35113,49.161983,108.72433,37.21639,644.11475,0.8961531432748538,13131494620109118569,0780a48cd73660f73562befeabd009b2,1.5,4.478976
Train,Rust,d0e5c19a6969656d.jpg,.jpg,683.2705078125,True,,JPEG,RGB,4000,2672,1,150.96233,172.20767,128.84677,160.9076,50.754707,1123.7722,0.8877467105263158,15178263366796622227,05152b99ce56d39631c4cc80ed189bb1,1.4970059880239521,10.688
Train,Rust,d13ab809b35b227b.jpg,.jpg,991.9970703125,True,,JPEG,RGB,4608,3456,1,132.20618,132.30525,121.08834,130.99907,39.528637,817.67487,0.3876749674479167,11065362326548042448,7dc3bd3d9bc216558fa9dffec5930e36,1.3333333333333333,15.925248
Train,Rust,d1b99c346134bccd.jpg,.jpg,1109.6318359375,True,,JPEG,RGB,4608,3456,1,98.53805,134.1064,87.987976,118.214745,26.43915,949.5455,0.9264933268229166,10706422297640330464,dec7034fd042fad3ec510260db25a42f,1.3333333333333333,15.925248
Train,Rust,d1f01e8d8a73274d.jpg,.jpg,244.203125,True,,JPEG,RGB,2592,1728,1,116.33429,134.89523,85.62502,123.7238,23.475344,784.1816,0.5991410818713451,11066615980299573344,c782c30349ce6d6e8e3735b1701a49b4,1.5,4.478976
Train,Rust,d3c66ac935d183a6.jpg,.jpg,1096.224609375,True,,JPEG,RGB,4608,3456,1,105.80463,124.497154,95.23279,115.57064,39.30875,825.9753,0.9041748046875,5289878105859037277,665ecec58ebeec20f2447b48551c7150,1.3333333333333333,15.925248
Train,Rust,d3ed4bac0c211bd3.jpg,.jpg,1394.2744140625,True,,JPEG,RGB,5184,3456,1,140.21516,145.31746,75.57785,135.8438,45.323006,3080.5227,0.6761239035087719,15820028991325722840,7ea0c0d4007671a3fabe9d43a98e550f,1.5,17.915904
Train,Rust,d4a437e742ba8d58.jpg,.jpg,1159.6064453125,True,,JPEG,RGB,4000,2672,1,134.93501,156.16386,106.39097,144.14355,39.950977,2434.6396,0.9315606725146199,14165705948282357760,853bc30479b62eb69872d296cc96e354,1.4970059880239521,10.688
Train,Rust,d4e5b2e814857f86.jpg,.jpg,901.0390625,True,,JPEG,RGB,5184,3456,1,104.9539,125.75984,93.65933,115.879616,38.202663,1435.0464,0.8479989035087719,10852057680364874940,dd420107e2aee6850572b8aaa4982566,1.5,17.915904
Train,Rust,d58dd660231f545b.jpg,.jpg,1014.7578125,True,,JPEG,RGB,5184,3456,1,89.75576,122.798706,96.1009,109.87548,39.99196,1779.7255,0.8923154239766082,15485119836427000904,e9375709ba4d5b4d3c26ba40b2b7138e,1.5,17.915904
Train,Rust,d59f72426e2613c3.jpg,.jpg,1459.0029296875,True,,JPEG,RGB,5184,3456,1,87.402504,112.83817,76.21455,101.054665,45.584354,2212.3782,0.9207099780701754,5300862618781912206,c14929fc8e4e578d175f6648fca062ed,1.5,17.915904
Train,Rust,d5f356c26b0c31cc.jpg,.jpg,996.0322265625,True,,JPEG,RGB,4000,3000,1,140.12903,165.61739,102.04055,150.74976,31.064882,769.5252,0.9455769856770834,12127092678673213036,c3b8b52b0ef4a880733d41174a1074ec,1.3333333333333333,12.0
Train,Rust,d6d3f6833fa410a4.jpg,.jpg,792.375,True,,JPEG,RGB,4000,2672,1,131.08446,151.22789,106.49653,140.10803,36.177788,1537.9882,0.9258726242690059,5530616194578637876,39cf501f9a3af21e73be755b987ba463,1.4970059880239521,10.688
Train,Rust,d89062fbf4452a9e.jpg,.jpg,796.9814453125,True,,JPEG,RGB,5184,3456,1,94.85446,121.295204,82.65623,108.985794,32.509964,871.93896,0.9059301900584795,10777590770743595605,19997216825d35225600ff8c18c0e977,1.5,17.915904
Train,Rust,d94e3ad8ae3ac870.jpg,.jpg,1305.2705078125,True,,JPEG,RGB,5184,3456,1,93.43962,119.78739,90.45598,108.565125,47.338142,2574.7698,0.8761193347953217,7623399965570635804,59bf94404c96b1a6a4ea53ee45c6dc69,1.5,17.915904
Train,Rust,d99898db266ba865.jpg,.jpg,1025.8134765625,True,,JPEG,RGB,4000,2672,1,140.25565,165.52753,110.18812,151.66205,26.670275,1392.4799,0.9414519371345029,12950284126032958374,ee9b21ee8427f224f7b69f7418820580,1.4970059880239521,10.688
Train,Rust,d999856c6d2ce94c.jpg,.jpg,786.7783203125,True,,JPEG,RGB,4000,2672,1,133.167,155.05035,109.933365,143.36389,40.0628,1303.2449,0.8624588815789473,3717924052581491776,839dc1974758489a53ad9d08301df83a,1.4970059880239521,10.688
Train,Rust,d9bf40d48372b6a1.jpg,.jpg,1189.9033203125,True,,JPEG,RGB,5184,3456,1,120.03102,124.93414,60.931904,116.17265,45.280556,2267.4287,0.6977796052631579,10966292966300226009,7d19f44b1fa3595c861fad813851a0a0,1.5,17.915904
Train,Rust,daaecb825076671a.jpg,.jpg,741.185546875,True,,JPEG,RGB,4000,2672,1,147.84863,168.72704,106.19842,155.35616,35.731842,1165.0361,0.8491639254385965,2392267985944643859,88a5bbcd2f495283883d4f5b46fd8cc3,1.4970059880239521,10.688
Train,Rust,db308de738148677.jpg,.jpg,702.1103515625,True,,JPEG,RGB,4000,2672,1,130.66336,158.84912,105.238556,144.30501,42.725006,1267.3955,0.9310581140350878,15155413844614464065,7eda94d687907390b88f1e8846fa9251,1.4970059880239521,10.688
Train,Rust,dc32d69aba2b812b.jpg,.jpg,786.7568359375,True,,JPEG,RGB,4000,2672,1,133.39963,161.62453,104.063576,146.61903,30.576447,1260.1421,0.9348729897660819,4333775908330546212,06e15551935de1c5292ea5b5f2fa5060,1.4970059880239521,10.688
Train,Rust,dcf88a9264b663a5.jpg,.jpg,1102.4541015625,True,,JPEG,RGB,4000,2672,1,130.78954,154.31451,97.25754,140.7755,29.132584,1502.5709,0.945952119883041,13092388712685825264,2ccfd72fa834e939a7cee38b91498d4b,1.4970059880239521,10.688
Train,Rust,df0f2ac26509656d.jpg,.jpg,1065.744140625,True,,JPEG,RGB,5184,3456,1,94.48817,121.47636,95.021454,110.38855,43.503105,1729.8666,0.8660224780701754,7582199855659651477,1c5dbde7fc83153f421b218aef1c0d49,1.5,17.915904
Train,Rust,df282dfbd3112944.jpg,.jpg,878.6435546875,True,,JPEG,RGB,5184,3456,1,113.89775,131.48476,88.56188,121.33562,50.59456,1509.0189,0.8605171783625731,8873044942626319433,6694fbf397a8ad15c45f8edacea88674,1.5,17.915904
Train,Rust,dfcc6b28063a88fc.jpg,.jpg,1082.349609375,True,,JPEG,RGB,4032,3024,1,78.18988,101.92706,75.222595,91.78483,47.391727,2542.7024,0.8927001953125,2404957850936694858,c5f931ee83ce0ce0eaba500e58ed8d15,1.3333333333333333,12.192768
Train,Rust,e0c88ede1579a03f.jpg,.jpg,515.126953125,True,,JPEG,RGB,4000,2672,1,138.85684,147.7313,116.86246,141.55907,73.51623,1270.5918,0.5944124634502924,11727799516274691276,19a7afd78a9d21495cf91d52e6963ef7,1.4970059880239521,10.688
Train,Rust,e0db6703687fc928.jpg,.jpg,1224.6796875,True,,JPEG,RGB,4608,3456,1,100.66614,122.36987,87.59668,111.91543,38.64233,1044.1333,0.79571533203125,14575938902877326982,dd7f0b10e84eca9a4d6ef16d5152ed1f,1.3333333333333333,15.925248
Train,Rust,e1b1f1f2de1c022e.jpg,.jpg,1329.84765625,True,,JPEG,RGB,4608,3456,1,112.68115,150.36151,107.486084,134.20796,35.46718,2167.1052,0.8934122721354166,11103258617322993349,fc36a0171ab7de102b3d27c875b11d4e,1.3333333333333333,15.925248
Train,Rust,e1b9c199938dd1c6.jpg,.jpg,951.048828125,True,,JPEG,RGB,4000,3000,1,140.33293,176.20738,126.92698,159.86134,39.772186,1188.7161,0.9670613606770834,10571816546144282308,15adff191354566ee706dd76488c8fc6,1.3333333333333333,12.0
Train,Rust,e1c13e72a41e6d8e.jpg,.jpg,880.4716796875,True,,JPEG,RGB,4000,2672,1,139.84554,157.13754,104.38261,145.94942,38.200714,1294.2692,0.8885690789473685,14977497376565454182,a0383a7cf10b984df77ca460292bbe3d,1.4970059880239521,10.688
Train,Rust,e1ce3f611e5ec430.jpg,.jpg,950.4091796875,True,,JPEG,RGB,4000,2672,1,102.98145,162.54352,115.25542,139.34473,31.26512,1462.8782,0.9594983552631579,1208025903247563610,e05f4a2633f2f17bebd0a347e4704fa7,1.4970059880239521,10.688
Train,Rust,e1e39f8809c7349d.jpg,.jpg,876.6103515625,True,,JPEG,RGB,4032,3024,1,139.06068,156.51778,79.6536,142.5366,60.68758,2165.1174,0.8006795247395834,6006964640503247414,290f2429ae1ea512c1475efb2ffb0085,1.3333333333333333,12.192768
Train,Rust,e1e795b53861c9c8.jpg,.jpg,706.5595703125,True,,JPEG,RGB,4000,2672,1,139.08672,162.76094,114.796486,150.21228,59.470863,1795.2157,0.8286047149122807,10254348388565700309,784d7f5b9ad6f0c8e9d3a63bcfa6bad0,1.4970059880239521,10.688
Train,Rust,e2ad1c3cbc375a90.jpg,.jpg,1001.7412109375,True,,JPEG,RGB,5184,3456,1,130.56847,160.35088,127.93725,147.74962,40.831047,1676.2891,0.9062271564327485,3892035366668832653,a23b5f034b183aa12abfb3894e23bffc,1.5,17.915904
Train,Rust,e2ce934fa3a65443.jpg,.jpg,972.6279296875,True,,JPEG,RGB,4000,2672,1,149.56784,169.986,117.24639,157.86913,49.750057,1697.9401,0.9182200292397661,6999444325442569356,07012df6865b2b61a37c5689e23fea96,1.4970059880239521,10.688
Train,Rust,e3789a85710b3976.jpg,.jpg,1033.7080078125,True,,JPEG,RGB,5184,3456,1,132.83029,155.10188,84.89261,140.43906,50.673645,1350.8865,0.8935032894736842,12768027700963992936,f0901cbd14f365ea84366a294ccdcf34,1.5,17.915904
Train,Rust,e37e1e02c1d0cc5f.jpg,.jpg,745.1484375,True,,JPEG,RGB,4000,2672,1,126.946686,162.77577,122.277664,147.43994,50.716084,1120.248,0.8455317982456141,886657767795314638,a512d80e4bd03e3657905117b506f824,1.4970059880239521,10.688
Train,Rust,e38b8323da1e8fc2.jpg,.jpg,1584.162109375,True,,JPEG,RGB,4608,3456,1,98.33596,115.93972,78.88497,106.452614,37.442883,1664.2828,0.87603759765625,16851136310881961616,677bb9c5dece8e72be961de43b59f18b,1.3333333333333333,15.925248
Train,Rust,e3921d58a3a5acad.jpg,.jpg,890.669921875,True,,JPEG,RGB,5184,3456,1,123.22453,156.3914,113.11675,141.54228,34.166866,1331.2488,0.8916986476608187,15751838658265682635,1d41640663fd7ef02e2815a8e2172392,1.5,17.915904
Train,Rust,e490d1cc1adff8c8.jpg,.jpg,1286.5107421875,True,,JPEG,RGB,4608,3456,1,128.25214,140.159,125.20099,134.89125,32.815586,1167.4816,0.8081868489583334,13007986885332002382,da08c824a1efa035837e879624568bb6,1.3333333333333333,15.925248
Train,Rust,e4fec7a81e51030f.jpg,.jpg,872.65234375,True,,JPEG,RGB,4000,2672,1,118.026245,163.91286,123.994514,145.6426,36.738625,1341.9043,0.9010188230994152,2604569959648691908,532776920358fdfb9940df237e2202df,1.4970059880239521,10.688
Train,Rust,e50d1e683aab90dd.jpg,.jpg,1051.4150390625,True,,JPEG,RGB,4000,2672,1,140.33879,153.62143,113.43159,145.06949,35.074406,1782.5328,0.8712993421052632,16710591897189665588,95b83dc612ac214ac693ec75aecc2f58,1.4970059880239521,10.688
Train,Rust,e52aca58c89f35c5.jpg,.jpg,1056.646484375,True,,JPEG,RGB,4000,3000,1,134.66454,172.61389,127.57206,156.13036,30.952257,1062.7622,0.9661458333333334,10486919819445026978,62f2c197cb3028065ff1ad75c365ba2a,1.3333333333333333,12.0
Train,Rust,e5bcdfc19483c825.jpg,.jpg,789.26171875,True,,JPEG,RGB,4000,2672,1,153.14163,176.59436,104.62799,161.37762,39.968872,1614.2606,0.8829038742690059,2968179530323411776,ea5fc2181b9aa1a94f18805b0e053954,1.4970059880239521,10.688
Train,Rust,e7cc1e70c3ae816a.jpg,.jpg,673.9130859375,True,,JPEG,RGB,4000,2672,1,144.65858,156.45801,103.75558,146.92104,38.894245,1102.2184,0.7489263523391813,7224697180745772376,c2f146ed74e4e12db5a0fea8aaeff954,1.4970059880239521,10.688
Train,Rust,e8a6c086dfed2d09.jpg,.jpg,976.7373046875,True,,JPEG,RGB,4000,3000,1,152.22606,173.82286,113.164085,160.45044,42.72503,1273.293,0.8730265299479166,16684999905709626259,4495c34a7fc4d9ee6153cd5e7bdd126f,1.3333333333333333,12.0
Train,Rust,ebb09e03786d7512.jpg,.jpg,691.546875,True,,JPEG,RGB,4000,2672,1,143.59164,167.38988,112.69157,154.03413,39.46227,1631.2816,0.8863532529239766,11473391207619715888,7511ef7ade07f4d7a0e59073a4dc37de,1.4970059880239521,10.688
Train,Rust,ebb1e40cf28c09ee.jpg,.jpg,985.98046875,True,,JPEG,RGB,5184,3456,1,107.632675,128.22304,88.58084,117.547585,46.495358,1883.5695,0.8333790204678363,7448474239062238027,332b22c8a695579817ea024e877bb111,1.5,17.915904
Train,Rust,ec5e86e2ee84283d.jpg,.jpg,1069.0380859375,True,,JPEG,RGB,4000,3000,1,137.75981,173.41652,130.58934,157.87642,42.423584,1535.995,0.9441731770833334,7278995897693210567,1bc5c87225d167d664eddb67fe3ca7dd,1.3333333333333333,12.0
Train,Rust,ecb986c159db8352.jpg,.jpg,1059.2412109375,True,,JPEG,RGB,4000,3000,1,133.81105,168.64258,134.24725,154.3106,30.936644,1208.5206,0.9151611328125,3712687045861401645,72fd300ae11adf821d2735eae57d152d,1.3333333333333333,12.0
Train,Rust,eec2edcc5094d68a.jpg,.jpg,1055.3662109375,True,,JPEG,RGB,5184,3456,1,104.98725,138.0721,90.33366,122.73869,45.36799,1602.2775,0.9121893274853801,14217667314915095315,2a9a4e8d1fd46ded5af9f75a47867a55,1.5,17.915904
Train,Rust,f05a9a745b4d4875.jpg,.jpg,1241.6748046875,True,,JPEG,RGB,5184,3456,1,116.59242,145.3544,108.769005,132.58505,51.98451,2250.9185,0.8393868786549707,3570659143236109901,d4a9594172e5e6a5dd9405b242353f26,1.5,17.915904
Train,Rust,f303a1f09d5fc5a0.jpg,.jpg,910.603515625,True,,JPEG,RGB,5184,3456,1,107.55437,139.0786,93.38158,124.44527,37.340553,1150.102,0.8681697733918129,14685052463737248795,fc76693a4548650db4e9611897ebc329,1.5,17.915904
Train,Rust,f3b19b71a064687c.jpg,.jpg,1036.9931640625,True,,JPEG,RGB,4000,3000,1,147.80888,173.41408,136.61145,161.56136,48.65199,1365.3041,0.84930419921875,1970402382625981925,3f1a137861a56694a5706e90c78b0878,1.3333333333333333,12.0
Train,Rust,f3f6071c28614d6d.jpg,.jpg,1096.6767578125,True,,JPEG,RGB,4608,3456,1,128.74837,130.49193,104.29989,126.983765,52.089092,1525.7318,0.7150065104166666,2265033044674633,d7ea43b4c9d970e99abd87532826e639,1.3333333333333333,15.925248
Train,Rust,f432afbd96b013c0.jpg,.jpg,823.6162109375,True,,JPEG,RGB,4000,2672,1,146.98244,174.60634,112.41034,159.25615,34.43394,1482.7507,0.9292763157894737,4327833468956456674,480fb0c899c8c97d8f84519a4a92c18f,1.4970059880239521,10.688
Train,Rust,f49694c18f49c9ab.jpg,.jpg,1315.02734375,True,,JPEG,RGB,4608,3456,1,94.438805,112.539,82.14758,103.66288,40.71937,1716.8241,0.8668416341145834,13018793864659506999,d0bba1fabc5f8cc28617743b9d09ebf2,1.3333333333333333,15.925248
Train,Rust,f4c00e3edcca3a39.jpg,.jpg,873.283203125,True,,JPEG,RGB,5184,3456,1,116.58674,140.16139,99.04541,128.42555,31.242167,1165.034,0.899671052631579,11947093866152147500,e69ed8d952810dcde7751fa040cd3d24,1.5,17.915904
Train,Rust,f4f96b1ed8a80385.jpg,.jpg,1469.0087890625,True,,JPEG,RGB,5184,3456,1,103.09005,131.24135,95.82815,118.78815,37.57611,2005.2515,0.8688550804093568,3099820779077174532,c1f28933552b6c4dd7e18efea53e6c9b,1.5,17.915904
Train,Rust,f50a6d96487aeb81.jpg,.jpg,1277.154296875,True,,JPEG,RGB,5184,3456,1,112.679665,145.76501,104.90997,131.2159,34.17369,1557.0397,0.9036915204678363,2397614956696835602,1d7380d8ae7ce8709aa5dbd0d8190af5,1.5,17.915904
Train,Rust,f5f4c32c4d2e20a7.jpg,.jpg,1050.9140625,True,,JPEG,RGB,4000,3000,1,132.67387,161.34425,129.26251,149.11534,40.66385,901.44745,0.9068400065104166,469654279052018113,9b121438a5dc40cb5d5e9a31dd3207b5,1.3333333333333333,12.0
Train,Rust,f6e501f5b0975423.jpg,.jpg,1003.11328125,True,,JPEG,RGB,4608,3456,1,111.461426,138.85455,97.64822,125.96619,33.08547,1053.8644,0.9102986653645834,9809724150616181129,dcb011f2bff999a68bac132471c3ff59,1.3333333333333333,15.925248
Train,Rust,f7e88294feb460c1.jpg,.jpg,1091.6513671875,True,,JPEG,RGB,4000,3000,1,141.14734,176.07318,122.448524,159.5172,36.38712,1440.4125,0.94537353515625,955611094754542700,bf6c3c65fb4bf3faa4ef2bdef5b3cf52,1.3333333333333333,12.0
Train,Rust,f7fac28d94b14164.jpg,.jpg,1403.919921875,True,,JPEG,RGB,4608,3456,1,120.55587,131.80688,92.306274,123.9353,57.720253,3046.2566,0.6542561848958334,3255274727968777926,5eb064d58936046ae3af6436ae14926d,1.3333333333333333,15.925248
Train,Rust,f844039df3cc6794.jpg,.jpg,671.677734375,True,,JPEG,RGB,4000,2672,1,136.34535,159.18777,120.56052,147.94876,36.081505,861.1198,0.8985060307017544,10574597203008950280,8b8899bb4966a04c1e0004c802161770,1.4970059880239521,10.688
Train,Rust,f8723f62139ac730.jpg,.jpg,1119.1748046875,True,,JPEG,RGB,4608,3456,1,104.41103,125.87783,94.23291,115.85028,67.96167,1658.5074,0.85955810546875,937613563550368522,651bd7fbad87c6ba821d2318ec785dde,1.3333333333333333,15.925248
Train,Rust,fae0951a49a587d6.jpg,.jpg,1196.7412109375,True,,JPEG,RGB,4608,3456,1,125.194435,144.98486,117.31783,135.91423,32.881214,1585.3184,0.8876749674479166,1782172022897190779,b2ab722934702820fecaef3fe49799c4,1.3333333333333333,15.925248
Train,Rust,fbe5c19185a5d115.jpg,.jpg,1107.2744140625,True,,JPEG,RGB,4000,2672,1,139.39633,169.1677,92.09987,151.47917,38.380615,2418.1082,0.9467288011695907,720861002343201233,1027d416abc9290ff516e2b945e3c751,1.4970059880239521,10.688
Train,Rust,fc3c93c923967303.jpg,.jpg,1071.4189453125,True,,JPEG,RGB,5184,3456,1,105.218864,138.0541,107.06062,124.70363,36.046455,1501.9355,0.8775127923976608,3690475760473242201,4919cee0d3a5d6781879a878f60d5cf5,1.5,17.915904
Train,Rust,ffb7de908858884a.jpg,.jpg,236.1865234375,True,,JPEG,RGB,2592,1728,1,112.60784,126.86138,73.16203,116.47462,49.117516,1148.9886,0.6892817982456141,8378458079654727715,dcbf4eb5f45612937ca29d152b7562c4,1.5,4.478976
Train,Rust,ffcbc7d2e030e050.jpg,.jpg,1250.736328125,True,,JPEG,RGB,4608,3456,1,101.3372,123.06071,81.21515,111.794716,56.141937,2175.431,0.8899943033854166,7597915753004471365,cfa7821f12412167446d7cc2bc3afee5,1.3333333333333333,15.925248
Validation,Healthy,9bd4cc8c52e9d52a.jpg,.jpg,1016.103515625,True,,JPEG,RGB,4000,2672,1,105.68462,141.6965,129.30478,129.51692,30.013304,1186.2794,0.6499451754385965,2608879723708316537,005f799a554b38c200b3a24c9d89bad0,1.4970059880239521,10.688
Validation,Healthy,9bdcc23296db1516.jpg,.jpg,981.9609375,True,,JPEG,RGB,4000,2672,1,97.398415,147.09935,118.80508,129.01485,30.09066,1035.845,0.9291164108187134,2896221595458558297,f5843d3334344befdd8282782715bcee,1.4970059880239521,10.688
Validation,Healthy,9be41b823d13e3c6.jpg,.jpg,996.123046875,True,,JPEG,RGB,4000,2672,1,108.822365,161.18011,103.604645,138.96136,31.908693,1116.6582,0.9849460891812866,11036013955415398777,7dc5da8041597f72850eff1b04acf776,1.4970059880239521,10.688
Validation,Healthy,9be561de7c792420.jpg,.jpg,1089.8720703125,True,,JPEG,RGB,4000,2672,1,116.22613,144.2563,135.18112,134.84521,36.525543,807.7903,0.5544819078947368,15045574419448656344,28bde572e2abef6c489c4370a3849d6f,1.4970059880239521,10.688
Validation,Healthy,9bf9cca507923334.jpg,.jpg,950.0595703125,True,,JPEG,RGB,4000,2672,1,125.42135,163.93626,97.706116,144.86893,31.364359,1777.0841,0.9775904605263158,8192919056498259425,c5398608e11b5e0ee86517f2573ad117,1.4970059880239521,10.688
Validation,Healthy,9c077ad23a231abb.jpg,.jpg,1035.234375,True,,JPEG,RGB,4000,2672,1,104.11447,153.21494,122.3106,135.00772,24.72026,895.08716,0.9883040935672515,4392261372641811513,1f51857d97195fff70cce83197a2cab8,1.4970059880239521,10.688
Validation,Healthy,9c3684213b2f0fdd.jpg,.jpg,1051.2529296875,True,,JPEG,RGB,4000,3000,1,106.21417,152.4325,128.04974,135.83264,26.753563,1192.9196,0.9211222330729166,11292252050542359282,2bc1704106fef3425f74676563f51426,1.3333333333333333,12.0
Validation,Healthy,9c3f1c10ba54ed56.jpg,.jpg,748.037109375,True,,JPEG,RGB,4000,2672,1,116.3324,146.77707,104.28991,132.8255,27.379345,1001.86945,0.9677905701754386,4213810925507347476,bd4262d8738e5c92d39e0c6333f80810,1.4970059880239521,10.688
Validation,Healthy,9c527f2a43e07a9c.jpg,.jpg,894.3447265625,True,,JPEG,RGB,4000,2672,1,108.08313,158.51561,116.646996,138.6635,26.520372,1009.545,0.9978298611111112,1258959354651424378,6dd5e69f8a9f8ed42727c09c02c83d42,1.4970059880239521,10.688
Validation,Healthy,9c99786a63786571.jpg,.jpg,861.7900390625,True,,JPEG,RGB,4000,2672,1,95.62431,133.9352,72.958954,115.52431,33.880146,717.8047,0.9967105263157895,12969510391974639020,aba08b9d8a87dc97382aed6c6c26e76b,1.4970059880239521,10.688
Validation,Healthy,9cb09eb2cabfc700.jpg,.jpg,1100.603515625,True,,JPEG,RGB,4000,2672,1,99.777275,129.22409,74.24842,114.15056,45.308308,1524.777,0.97562591374269,4376641453215474272,44b189ff466b6438bdf569d42d1e6ff2,1.4970059880239521,10.688
Validation,Healthy,9cb97f87870407f0.jpg,.jpg,874.255859375,True,,JPEG,RGB,4000,3000,1,84.95559,144.09595,76.65686,118.722595,42.483215,787.77325,0.9860026041666666,8807550697636767525,0275c3d3f8124be83a544dfb4c2b08a3,1.3333333333333333,12.0
Validation,Healthy,9cc33c23b0df68b2.jpg,.jpg,1086.666015625,True,,JPEG,RGB,4000,2672,1,101.120155,157.86636,98.11507,134.08705,29.12779,1444.6534,0.9973044590643275,1829852265368876726,1b6a2b4f5bb3918f38c8baeb6f95030a,1.4970059880239521,10.688
Validation,Healthy,9ccbc2c5d1aaf078.jpg,.jpg,544.701171875,True,,JPEG,RGB,4000,2672,1,149.14688,171.3074,100.50628,156.60883,49.160934,1167.2588,0.9574652777777778,17469530283461227964,85baa680f291a14adeaf9ce17b34d93f,1.4970059880239521,10.688
Validation,Healthy,9ccf708985967f09.jpg,.jpg,931.8583984375,True,,JPEG,RGB,4000,2672,1,111.712654,167.71959,117.11909,145.2026,29.647661,1355.3052,0.9918220029239766,8373375318430358716,1e702b3fda8100822723054190e61c2b,1.4970059880239521,10.688
Validation,Healthy,9cd0cc3176c4fad1.jpg,.jpg,898.86328125,True,,JPEG,RGB,4000,2672,1,135.76797,147.31337,89.15166,137.22807,53.368446,1660.5558,0.7027366593567251,11290789438377326182,91daa93c52792fb8c71e78f606a555f2,1.4970059880239521,10.688
Validation,Healthy,9ce01ba1856fc6ad.jpg,.jpg,1034.6962890625,True,,JPEG,RGB,4000,2672,1,106.82689,167.93117,97.87317,141.67265,26.038752,1382.2742,0.997624269005848,13984843582508262252,77c75e6c796c0761de718d45dc0a27f1,1.4970059880239521,10.688
Validation,Healthy,9d0f6e60819f9a5a.jpg,.jpg,584.8388671875,True,,JPEG,RGB,4000,2672,1,115.515076,148.5363,83.4531,131.23808,29.007788,619.7381,0.9968704312865497,8909094225924799279,44fb6aaa0c3ad414936b96521f115706,1.4970059880239521,10.688
Validation,Healthy,9d6a6499354e3197.jpg,.jpg,958.11328125,True,,JPEG,RGB,4000,2672,1,100.24584,137.14801,82.621254,119.897865,63.259636,1220.5133,0.9816566154970761,3689566832734796926,c362b675f2fd0ea83e93e23afd3aa699,1.4970059880239521,10.688
Validation,Healthy,9d6acb154f9932c8.jpg,.jpg,894.115234375,True,,JPEG,RGB,4000,2672,1,133.60777,168.39316,110.53728,151.39581,46.45159,1544.1301,0.9229029605263158,7534015522488987760,5e6b7a197aaea9ea4dd19597faffc51b,1.4970059880239521,10.688
Validation,Powdery,8f6737815b2cd234.jpg,.jpg,768.306640625,True,,JPEG,RGB,4000,2672,1,125.662575,152.60606,121.16909,140.96411,50.812405,908.1504,0.8773300438596491,14070203958268327484,1a45d51607bfe323fc89a30be3caeb54,1.4970059880239521,10.688
Validation,Powdery,8fba25d912583ba6.jpg,.jpg,795.1533203125,True,,JPEG,RGB,4000,2672,1,122.3546,151.04103,101.9346,136.8625,43.208004,937.4761,0.9713770102339181,8387793164751234662,29a0972487594fa2c1fc3df6f5543235,1.4970059880239521,10.688
Validation,Powdery,8fc5721dc2f293c1.jpg,.jpg,891.396484375,True,,JPEG,RGB,4000,2672,1,123.86353,153.28493,117.105446,140.3568,44.791218,945.0667,0.9716968201754386,16781233452069109661,95b7b427de847ace563f5a1379fdb1a2,1.4970059880239521,10.688
Validation,Powdery,8fd27998ae52a4a6.jpg,.jpg,983.7490234375,True,,JPEG,RGB,4000,2672,1,115.36438,136.50496,99.89387,126.005554,47.681747,1311.2611,0.9285453216374269,15693891744811905475,1ed4e9403188eb691c636fc841e30e1b,1.4970059880239521,10.688
Validation,Powdery,9a962f656993095b.jpg,.jpg,790.982421875,True,,JPEG,RGB,4000,2672,1,117.93261,155.33287,105.42695,138.45511,27.477064,648.2689,0.9831871345029239,5702887523105428923,4d638034d4e6d1160595b72cc73df090,1.4970059880239521,10.688
Validation,Powdery,9a96746d61e5c43c.jpg,.jpg,859.90234375,True,,JPEG,RGB,4000,2672,1,108.83968,153.65575,109.54244,135.22798,37.109806,936.26587,0.899077119883041,2755486473613682841,b726a4694336ddc2ff2320b67819681d,1.4970059880239521,10.688
Validation,Powdery,9a9a6c25795d9e42.jpg,.jpg,843.2001953125,True,,JPEG,RGB,4000,2672,1,135.5869,154.24884,125.60225,145.40392,39.133495,1007.7468,0.920344480994152,3580767941285570068,938365dbe695c8678fc18c6530a51f49,1.4970059880239521,10.688
Validation,Powdery,9aa9e8aef742a1c8.jpg,.jpg,763.41796875,True,,JPEG,RGB,4000,2672,1,142.7448,164.45506,120.5596,152.95845,32.041817,844.37646,0.9206871345029239,3860670409505356060,c8d667880ad6acdc0f9f641d096de3e3,1.4970059880239521,10.688
Validation,Powdery,9ab326c1951acb7a.jpg,.jpg,923.205078125,True,,JPEG,RGB,4000,2672,1,113.35236,155.61388,109.903625,137.76302,30.939405,505.52664,0.9989035087719298,7803992109585905015,b62ede9b5456f75876328a18f37a5ccb,1.4970059880239521,10.688
Validation,Powdery,9aca43c4b01debe3.jpg,.jpg,894.1630859375,True,,JPEG,RGB,4000,2672,1,108.822296,150.57793,119.76558,134.5805,40.13418,1392.3157,0.9438048245614035,12243450352755560536,10e5e88a86801ae8d7d99767b1ccefcf,1.4970059880239521,10.688
Validation,Powdery,9ad5df40909ae24f.jpg,.jpg,800.6640625,True,,JPEG,RGB,4000,2672,1,138.58258,157.52237,115.98232,147.12376,38.212124,923.15955,0.8708881578947368,4051121703444246904,c5181705d5c6fc4e8691db3a303bb623,1.4970059880239521,10.688
Validation,Powdery,9b3064cb6d5bd252.jpg,.jpg,927.0361328125,True,,JPEG,RGB,4000,2672,1,98.379616,139.74104,122.89636,125.45096,42.544136,516.72614,0.7796052631578947,11222681619312277810,84a12b77e8b4756be924e0c1035b4151,1.4970059880239521,10.688
Validation,Powdery,9b3648259a994f6d.jpg,.jpg,894.3837890625,True,,JPEG,RGB,4000,2672,1,145.58018,164.68451,127.867966,154.77133,30.49262,1046.2471,0.8868329678362573,13014673368611484593,f8bd226d616fd5675e3e7a7daeca7ae1,1.4970059880239521,10.688
Validation,Powdery,9b60296e617c497b.jpg,.jpg,989.8857421875,True,,JPEG,RGB,4000,2672,1,108.06257,145.9323,101.206116,129.50928,35.035145,959.97424,0.9722679093567251,11207481865174790194,e9f5cc98b0e5c7cb90f9605601894951,1.4970059880239521,10.688
Validation,Powdery,9b6a318cc5721d73.jpg,.jpg,876.142578125,True,,JPEG,RGB,4000,2672,1,124.50951,148.39482,106.60709,136.48418,40.324738,1094.5162,0.9090597587719298,12950406278692444762,54f1723fec702fa2ae07747f4bc1c2d0,1.4970059880239521,10.688
Validation,Powdery,9b9832ecbd60702f.jpg,.jpg,784.2666015625,True,,JPEG,RGB,4000,2672,1,135.00148,159.63452,107.973366,146.37529,31.56838,967.2577,0.9755802266081871,13362736393129870200,0ef69914a035f8c9e33f88d7b78b46b1,1.4970059880239521,10.688
Validation,Powdery,9bae271592e9e4c2.jpg,.jpg,859.1796875,True,,JPEG,RGB,4000,2672,1,135.91351,153.14362,106.85387,142.71864,30.961052,724.36053,0.9027320906432749,6790728071916573531,ed1b8fb477e3e8d38aaf9c730a265b81,1.4970059880239521,10.688
Validation,Powdery,9bd06de433b285d8.jpg,.jpg,875.896484375,True,,JPEG,RGB,4000,2672,1,111.34729,158.34334,111.78708,138.98643,31.553366,1183.142,0.9322459795321637,10282694715998610283,7b98c899ec84c46035bdfa2644266363,1.4970059880239521,10.688
Validation,Powdery,9c1e3a3aa68c7971.jpg,.jpg,928.8916015625,True,,JPEG,RGB,4000,2672,1,126.466194,143.65712,93.22935,132.76901,37.56081,832.53296,0.8686951754385965,8752869454498099947,565dcaa998d8a9c9d962eefd5962dacd,1.4970059880239521,10.688
Validation,Powdery,9cb395dc678b6580.jpg,.jpg,758.2373046875,True,,JPEG,RGB,4000,2672,1,131.84073,160.48753,105.94424,145.69893,43.23705,854.5011,0.9707830774853801,17635209219922768630,544de5e907ec845117d7bf43cf59a260,1.4970059880239521,10.688
Validation,Rust,8030a3a79fca6abb.jpg,.jpg,1332.818359375,True,,JPEG,RGB,4608,3456,1,82.11084,99.34756,60.707355,89.790955,53.32195,2427.8455,0.8949788411458334,11069469264806601956,80d5d1b0a5f1f93583668ee2d060fb5b,1.3333333333333333,15.925248
Validation,Rust,8152cfbd5a28b5d2.jpg,.jpg,1103.744140625,True,,JPEG,RGB,4000,2672,1,135.1947,160.04698,100.88615,145.87308,35.616135,1647.6462,0.9449698464912281,12882762872860885987,b5da0dc32d4a53308428efe00202ea21,1.4970059880239521,10.688
Validation,Rust,8196e2d8b66ed721.jpg,.jpg,1059.2841796875,True,,JPEG,RGB,5184,3456,1,100.243286,131.0658,103.17686,118.67142,31.181015,1299.8907,0.8169773391812866,17137281682864591823,32cfe6f2dfb9ccd7bfd1308352235bdd,1.5,17.915904
Validation,Rust,8219aa662e8fd59d.jpg,.jpg,1343.90234375,True,,JPEG,RGB,4608,3456,1,78.88617,99.42114,49.369366,87.57422,52.68031,3160.21,0.942138671875,13085616476357701539,f0d412062db83aaee3cccbe47c9cedea,1.3333333333333333,15.925248
Validation,Rust,8437f01fd3d20f26.jpg,.jpg,1233.7021484375,True,,JPEG,RGB,4608,3456,1,88.43292,108.25903,58.831074,96.695335,60.8996,1708.5297,0.8771565755208334,15980157708207826100,a1d707231191207180190d559b527919,1.3333333333333333,15.925248
Validation,Rust,851edcf908ed2e1c.jpg,.jpg,778.55078125,True,,JPEG,RGB,4000,2672,1,134.49269,159.52522,108.8779,146.26384,43.773087,783.2893,0.8957191154970761,17648734919406831268,1af13eac90300b62e75404865c778604,1.4970059880239521,10.688
Validation,Rust,860a8fbf3c6c00fd.jpg,.jpg,762.025390625,True,,JPEG,RGB,4000,2672,1,119.04418,166.98822,113.81661,146.5893,36.36802,1076.0038,0.9284767909356725,7775971821002968260,86638db7deb188fc632cc88773100949,1.4970059880239521,10.688
Validation,Rust,879f394b2da49643.jpg,.jpg,1001.1982421875,True,,JPEG,RGB,4000,2672,1,86.07036,149.60808,113.136375,126.45237,39.956802,1785.4221,0.9277914839181286,15155576358050519706,08226698e1d1c42b8511f61d2e65a690,1.4970059880239521,10.688
Validation,Rust,879fc2e00f8274db.jpg,.jpg,797.5078125,True,,JPEG,RGB,4000,2672,1,131.55475,160.50208,101.2656,145.09537,43.182858,1150.2273,0.9574652777777778,16782798625176997984,5cac9a3d749c02f9b0f6c75e4e760c94,1.4970059880239521,10.688
Validation,Rust,881b4dba7731b362.jpg,.jpg,1680.58984375,True,,JPEG,RGB,4032,3024,1,105.94708,131.8126,74.333046,117.528114,56.826767,3911.9744,0.8726399739583334,11056864662556243558,13d24df6d6d55168c576bf43781488a5,1.3333333333333333,12.192768
Validation,Rust,885e1bc6a3674eb1.jpg,.jpg,241.6474609375,True,,JPEG,RGB,2592,1728,1,100.45877,126.05745,59.49906,110.813965,36.887566,787.98126,0.9046281067251462,11939237972335283163,7c1f83617a1fa99de537f12472df8620,1.5,4.478976
Validation,Rust,885f743de596e442.jpg,.jpg,324.2490234375,True,,JPEG,RGB,2592,1728,1,94.7844,119.31424,57.353252,104.9176,41.92008,1381.2747,0.9314007675438597,8534863799035084198,b5205b8f53c67d7d0577b3232b6a4932,1.5,4.478976
Validation,Rust,902b269c0ddbe3e5.jpg,.jpg,1459.798828125,True,,JPEG,RGB,5184,3456,1,83.33217,111.330864,81.9611,99.61262,38.832817,1897.2501,0.8925667032163743,6313936527545382084,d87bbddd5fbfc55a0c8d309afdd0926f,1.5,17.915904
Validation,Rust,916bd321c3b374b1.jpg,.jpg,778.8505859375,True,,JPEG,RGB,5184,3456,1,111.59612,130.3955,96.41468,120.90191,56.02298,1429.9747,0.8370339912280702,14691436078420498552,de8deb8a6e8fd8f4c6341b305ea39660,1.5,17.915904
Validation,Rust,920e33d67f8b01b3.jpg,.jpg,926.544921875,True,,JPEG,RGB,5184,3456,1,113.10782,131.279,102.91792,122.61392,40.077656,1334.9708,0.8330820540935673,7547145898108672022,ef4deed1403b22367afe7c43464b747c,1.5,17.915904
Validation,Rust,929b16251fcaafc4.jpg,.jpg,1169.1064453125,True,,JPEG,RGB,4608,3456,1,112.07322,144.27625,104.34634,130.09319,28.165354,1259.4279,0.9268798828125,7613600538069738732,8fa38f84122766bfa8e89faa7c6f3e0c,1.3333333333333333,15.925248
Validation,Rust,955f62896264dbb2.jpg,.jpg,234.89453125,True,,JPEG,RGB,2592,1728,1,101.03708,126.00591,68.45388,111.97565,43.139435,1052.4507,0.8496664839181286,17326010422955538125,e0c92ca1b988837cde93a57fb43ee706,1.5,4.478976
Validation,Rust,957ac48bc5996a9c.jpg,.jpg,232.5361328125,True,,JPEG,RGB,2592,1728,1,92.68684,142.14052,79.37461,120.1957,39.148365,846.28217,0.9872532894736842,13446128075467897446,4809515a465d5df0f39aea3711fa51f8,1.5,4.478976
Validation,Rust,963ffc6b98d60940.jpg,.jpg,329.0869140625,True,,JPEG,RGB,2592,1728,1,86.53676,108.5329,61.025883,96.540665,38.069424,1403.5227,0.9504979897660819,3198924614454068404,3b66e1defe577cbc1e2838ce9e54ad36,1.5,4.478976
Validation,Rust,978b59b56a53e184.jpg,.jpg,1432.337890625,True,,JPEG,RGB,5184,3456,1,107.683914,139.43088,103.235176,125.81307,43.62889,2132.2256,0.892155519005848,6519048876487224493,ee129b1f7b241ead1f8da54b077409b9,1.5,17.915904
Test,Healthy,8ddaa5a5caa5caa8.jpg,.jpg,936.478515625,True,,JPEG,RGB,4000,2672,1,100.81241,158.3227,136.78162,138.66895,30.512688,983.0322,0.855171783625731,17451511715500021382,046d9212a9ba16d0acf8d78adffc4007,1.4970059880239521,10.688
Test,Healthy,8ddaac1bd6c8cd0a.jpg,.jpg,613.978515625,True,,JPEG,RGB,4000,2672,1,136.12717,177.33105,106.582466,156.94398,29.132923,811.08716,0.9978070175438597,17392016898748232550,56c4c144a76df2cd59b4c3cef44fb8e2,1.4970059880239521,10.688
Test,Healthy,8ddd5ec1c0de38c4.jpg,.jpg,897.50390625,True,,JPEG,RGB,4000,2672,1,124.62454,158.33699,98.891815,141.47348,39.742073,1329.4729,0.9602750365497076,7080290265786968957,854b5dd4db234e179dc11a793aa330f2,1.4970059880239521,10.688
Test,Healthy,8def3f60308ab41b.jpg,.jpg,958.1005859375,True,,JPEG,RGB,4000,2672,1,102.25119,159.9624,105.861,136.53618,32.635555,1092.397,0.9936494883040936,7738155998827180854,e94d76abed08951ce05436413eb36299,1.4970059880239521,10.688
Test,Healthy,8def4d91382175c3.jpg,.jpg,958.2470703125,True,,JPEG,RGB,4000,2672,1,126.76353,162.88129,79.44812,142.5694,42.66411,1309.7731,0.987641630116959,8242686759735579507,620a1318cc4ebde66421cda8af9cdedd,1.4970059880239521,10.688
Test,Healthy,8df452e2e38c0b6e.jpg,.jpg,663.623046875,True,,JPEG,RGB,4000,2672,1,109.72188,143.45998,89.015785,127.16162,34.55013,876.14984,0.9441246345029239,10096004898537861713,82baa243667a64e286d3c3d9dc5497d4,1.4970059880239521,10.688
Test,Healthy,8dfae9d78cc32089.jpg,.jpg,976.2158203125,True,,JPEG,RGB,4000,2672,1,130.69945,162.99751,83.66514,144.29366,40.028866,1597.2736,0.957670869883041,11748446022917214962,7c53af16f5aeb3c4cff7ffb4dea0283d,1.4970059880239521,10.688
Test,Healthy,8e3dbccdfe08c850.jpg,.jpg,959.9638671875,True,,JPEG,RGB,4000,2672,1,103.22387,141.06154,88.083176,123.706024,35.77441,888.60846,0.963610197368421,7419396101685634156,56446e3390a3539feee58cd9232920aa,1.4970059880239521,10.688
Test,Healthy,8e68163c62dc57d5.jpg,.jpg,1510.345703125,True,,JPEG,RGB,3901,2607,1,120.45443,157.85562,70.44264,136.70433,54.24385,1946.1532,0.9519142909356725,4027318418686703343,9785f1028d60bba774f5da779a11e499,1.496355964710395,10.169907
Test,Healthy,8e6a823cce9ff40c.jpg,.jpg,884.3720703125,True,,JPEG,RGB,4000,2672,1,103.655815,144.06415,110.27942,128.1308,23.70322,896.5954,0.9329084429824561,3857767813777124452,0876666acf8438f5bcb905a63652c770,1.4970059880239521,10.688
Test,Healthy,8e77857194a59a87.jpg,.jpg,716.9619140625,True,,JPEG,RGB,4000,2672,1,135.71591,168.26521,82.01325,148.70442,46.712517,1229.2183,0.9239766081871345,18360964016103999478,69fd890442d6a46c8a84c9fedc684380,1.4970059880239521,10.688
Test,Healthy,8e79802b3fb770c8.jpg,.jpg,849.0224609375,True,,JPEG,RGB,4000,2672,1,130.17793,157.57074,104.69369,143.35312,49.178284,1217.9446,0.9352156432748538,7634468292368791524,ad586ea5165a27b7d965bbed1f0eda5d,1.4970059880239521,10.688
Test,Healthy,8e7986d1ecd36445.jpg,.jpg,836.2021484375,True,,JPEG,RGB,4000,2672,1,141.65804,173.86699,113.67071,157.37189,28.166248,1862.0168,0.9661915204678363,13275291442018610543,d7dd7ec06a5b6e18db1051ab3cd2497b,1.4970059880239521,10.688
Test,Healthy,8e7e70a6878c1c79.jpg,.jpg,1087.287109375,True,,JPEG,RGB,4000,2672,1,91.73419,130.42545,83.00269,113.44945,33.144108,1062.0405,0.9861567982456141,17678160642061755377,cd7f41c6a3969dbc3662b3afe67f3406,1.4970059880239521,10.688
Test,Healthy,8e82b1a51bd11afe.jpg,.jpg,1062.087890625,True,,JPEG,RGB,4000,2672,1,112.766884,149.80875,72.30549,129.89787,57.46312,2711.02,0.9587445175438597,14611332932823125565,58920dd3211ab8785d512f5d18508532,1.4970059880239521,10.688
Test,Healthy,8e8470687be37378.jpg,.jpg,734.0185546875,True,,JPEG,RGB,4000,2672,1,120.83125,133.01508,100.99377,125.7227,66.71641,1629.6305,0.8185535453216374,18446303717020401631,349a30ad54abbe832d5ef85f97da8cf9,1.4970059880239521,10.688
Test,Healthy,8e858c8397706b7b.jpg,.jpg,702.228515625,True,,JPEG,RGB,4000,2672,1,131.17343,168.58212,106.127625,150.27408,28.998672,907.9607,0.9980582967836257,16421025000072262759,8d06ba817c6d0a24cfae6d870f30d0ca,1.4970059880239521,10.688
Test,Healthy,8e8835d2ebdbc503.jpg,.jpg,759.9287109375,True,,JPEG,RGB,4000,2672,1,116.951706,158.69481,126.9343,142.59128,43.898365,1266.9648,0.8917671783625731,18424217219240852727,3c4c126bf71a152df6db628802ec0c78,1.4970059880239521,10.688
Test,Healthy,8e97869f9e143863.jpg,.jpg,985.0673828125,True,,JPEG,RGB,4000,2672,1,105.25336,150.16122,108.73632,132.01076,38.257133,1269.5005,0.9529422514619883,7703296344579074023,25c2e4ed7189d1a02fd6ea38e7ac7667,1.4970059880239521,10.688
Test,Healthy,8e98e20ace1abaeb.jpg,.jpg,719.775390625,True,,JPEG,RGB,4000,2672,1,130.27335,161.05135,109.70924,145.99402,48.153202,1320.0526,0.9632218567251462,13672433089182132039,9e3b859450433e8a113b6786276c8285,1.4970059880239521,10.688
Test,Healthy,8e9e7eaa34250b71.jpg,.jpg,1127.4208984375,True,,JPEG,RGB,4000,2672,1,103.20036,131.02547,65.65703,115.25368,61.565113,1633.5739,0.9818393640350878,7160988213675524996,9bef9f42f12248a6e8ddf632d5984070,1.4970059880239521,10.688
Test,Healthy,8eaeaea542a5217b.jpg,.jpg,996.2919921875,True,,JPEG,RGB,4000,2672,1,116.04048,154.89702,97.79233,136.76884,38.49723,1661.5271,0.956734283625731,16655852339007743673,42f09e43dcfe3c04dc9f5a47a71a2e71,1.4970059880239521,10.688
Test,Healthy,8eb0da4b65b0638f.jpg,.jpg,866.810546875,True,,JPEG,RGB,4000,2672,1,121.69405,157.97818,136.1155,144.6329,29.786665,846.0484,0.9651864035087719,13396357684890003560,1f0694a3c6015cd578a837ecf63336f7,1.4970059880239521,10.688
Test,Healthy,8eb3b68893378387.jpg,.jpg,673.1240234375,True,,JPEG,RGB,4000,2672,1,130.5558,163.7948,93.57566,145.84784,33.948757,1130.2703,0.9721536915204678,8051146810090268069,3b542315529a9de70299ccb6ef4b432b,1.4970059880239521,10.688
Test,Healthy,8ebc94969f1252d9.jpg,.jpg,939.31640625,True,,JPEG,RGB,4000,2672,1,121.94591,169.67517,87.87726,146.08066,45.641254,1426.6265,0.9565743786549707,2640960286047914224,8224342cae863245d750da66f7cbbb2b,1.4970059880239521,10.688
Test,Healthy,8ed56dd8b2c1c15a.jpg,.jpg,734.423828125,True,,JPEG,RGB,4000,2672,1,120.7066,157.45238,90.21786,138.79857,47.45095,1324.9318,0.9574195906432749,8243389197225419623,ca529b6b1e39fe3555973a3a8905a728,1.4970059880239521,10.688
Test,Healthy,8ed6fe1f030281d7.jpg,.jpg,761.9853515625,True,,JPEG,RGB,4000,2672,1,112.23212,163.21944,123.63971,143.45992,26.75215,626.8019,0.988920869883041,7575818673159612835,dc81c94eba56c428c5a3b2c96473c4e3,1.4970059880239521,10.688
Test,Healthy,8eda9490a3f38ea9.jpg,.jpg,1018.1826171875,True,,JPEG,RGB,4000,2672,1,130.41484,159.08553,86.99111,142.28865,45.48391,1656.2102,0.931514985380117,14709991553107291366,712a9df040822fd52f79fbaede3a81e9,1.4970059880239521,10.688
Test,Healthy,8f137ee1d4f01a58.jpg,.jpg,865.947265625,True,,JPEG,RGB,4000,2672,1,113.05761,138.46695,92.82755,125.66016,38.37863,1521.7819,0.9149762426900585,13721054070941901623,edfcbe0afec0f31e59fe3abfb730c30a,1.4970059880239521,10.688
Test,Healthy,8f2071c7987e86ea.jpg,.jpg,981.83203125,True,,JPEG,RGB,4000,2672,1,125.78406,155.7205,80.480835,138.19183,51.95263,1657.5317,0.9563230994152047,16059395637378241809,1057795b8c98927f3717eddd4ddb0acd,1.4970059880239521,10.688
Test,Healthy,8f212597df6822ea.jpg,.jpg,782.9931640625,True,,JPEG,RGB,4000,2672,1,121.033966,153.65593,94.72828,137.18391,41.51439,1159.1909,0.9776818347953217,14327784139953169261,217aaa6d9f92d57d3207645098c3bfe1,1.4970059880239521,10.688
Test,Healthy,8f236f8637419e29.jpg,.jpg,1051.3173828125,True,,JPEG,RGB,4000,3000,1,87.77915,121.47727,76.02301,106.220375,58.088654,1425.2891,0.9421183268229166,14685096923961029434,8497757d22bb0cdeea52373716d729e4,1.3333333333333333,12.0
Test,Healthy,8f2acfec7cc230c1.jpg,.jpg,782.779296875,True,,JPEG,RGB,4000,2672,1,127.21601,153.57808,85.59062,137.94595,38.720142,871.6495,0.8759594298245614,8463346745471912048,40f3e63910dc84b60af30fc01e07bd4e,1.4970059880239521,10.688
Test,Healthy,8f2f6ec09516f145.jpg,.jpg,871.7734375,True,,JPEG,RGB,4000,2672,1,119.29446,164.32675,93.062386,142.73676,28.82651,1817.3152,0.9833241959064327,7154916323209373002,89ebaecbc4252438339baf39b5af973e,1.4970059880239521,10.688
Test,Healthy,8f302a9511b7e74e.jpg,.jpg,881.3876953125,True,,JPEG,RGB,4000,2672,1,121.66895,168.01144,134.09978,150.28632,31.84169,1217.6324,0.984671966374269,13823068286627244907,28f1a89780066abea476b657c12930f4,1.4970059880239521,10.688
Test,Healthy,8f3360ce3227c79a.jpg,.jpg,1026.9970703125,True,,JPEG,RGB,4000,2672,1,111.94773,136.80902,89.66564,124.00269,43.582123,1089.1008,0.9443530701754386,16781241762921374642,5d3cbe56000e69a753d4eae96ee8f838,1.4970059880239521,10.688
Test,Healthy,8f3b45ca0c71673c.jpg,.jpg,1165.0673828125,True,,JPEG,RGB,4000,2672,1,101.34533,127.39467,73.47049,113.459496,62.227753,2910.746,0.9613486842105263,17580749309700846182,3bda3d495eb583da50b8e19900dce001,1.4970059880239521,10.688
Test,Healthy,8f456733d83cc836.jpg,.jpg,951.166015625,True,,JPEG,RGB,4000,2672,1,104.86972,161.10782,106.04868,138.0142,27.76036,883.4991,0.994563230994152,15730622915432574319,5c136652a1cbee7e530847b3a1d96696,1.4970059880239521,10.688
Test,Healthy,8f512dd7711c8aa9.jpg,.jpg,918.9853515625,True,,JPEG,RGB,4000,2672,1,113.1931,141.65623,78.877235,125.9855,70.00873,1736.1078,0.9688870614035088,15483086608737068815,af6f709038707a1617f193acf279bc73,1.4970059880239521,10.688
Test,Healthy,8f83c2ee646433e3.jpg,.jpg,843.455078125,True,,JPEG,RGB,4000,2672,1,108.088196,155.4812,114.55937,136.64438,34.19634,970.0265,0.9927357456140351,14841854732980397922,52c73d42c734cde32cdd47d6007525e6,1.4970059880239521,10.688
Test,Healthy,8f850aea4adfda82.jpg,.jpg,791.4306640625,True,,JPEG,RGB,4000,2672,1,132.33124,167.7347,98.090096,149.20543,43.942837,1039.5049,0.9658717105263158,7333679072875205073,28d10794230987bb0c47bc0765b14594,1.4970059880239521,10.688
Test,Healthy,8f85b8d78b58a06e.jpg,.jpg,962.9091796875,True,,JPEG,RGB,4000,2672,1,96.4634,154.58769,138.59679,135.38828,34.156925,1667.3955,0.8499406067251462,8247909936244990259,c591539f3cba1003e2c635e7d0846da2,1.4970059880239521,10.688
Test,Healthy,8f90e6bbd782c911.jpg,.jpg,1008.8701171875,True,,JPEG,RGB,4000,2672,1,114.270355,147.97554,72.70276,129.31511,52.8399,1761.6385,0.917671783625731,15467316534986367845,da5ce506a8d5a40689de64d442d8e16f,1.4970059880239521,10.688
Test,Healthy,8f97989814fc62c7.jpg,.jpg,957.1962890625,True,,JPEG,RGB,4000,3000,1,89.678,124.42694,95.12134,110.69424,45.135662,1385.0924,0.9632568359375,18373115822999337974,2dfe8b6dec55564bc27ab20c27ed185a,1.3333333333333333,12.0
Test,Healthy,8faa21bead40b563.jpg,.jpg,1060.37890625,True,,JPEG,RGB,4000,2672,1,117.745384,166.2914,79.08242,141.83258,29.879717,1367.1813,0.9895376461988304,17256665614956937410,4e69bdeeb96314976b99f21d18675a53,1.4970059880239521,10.688
Test,Healthy,8fadf039a06cd8f0.jpg,.jpg,981.919921875,True,,JPEG,RGB,4000,2672,1,102.30738,143.52753,77.55023,123.67752,28.047369,1212.9095,0.9964592470760234,6010710572229804488,6e1ae994a6e2b8af557485c41647dacb,1.4970059880239521,10.688
Test,Healthy,8fb63ed66891b0d0.jpg,.jpg,852.5927734375,True,,JPEG,RGB,4000,2672,1,104.31641,164.51738,110.96889,140.41031,26.907309,976.6641,0.9928042763157895,3271287833668712499,ab36f3f3acf49aa2c55959ab73c9ab77,1.4970059880239521,10.688
Test,Healthy,8fc3b16e36d0aac8.jpg,.jpg,1135.7548828125,True,,JPEG,RGB,4000,2672,1,120.4282,152.70024,80.85375,134.86166,51.256752,2495.1572,0.944718567251462,5289715584976770134,33632609351d7da5721917ae92c940eb,1.4970059880239521,10.688
Test,Healthy,8fcf3c246472e272.jpg,.jpg,702.4443359375,True,,JPEG,RGB,4000,2672,1,109.18994,145.9096,70.53525,126.33498,61.09401,959.4627,0.9644554093567251,12061591858437121975,b7040dc56388f9c4fb93b32b94e494e6,1.4970059880239521,10.688
Test,Healthy,8fd88738e26f45c4.jpg,.jpg,686.333984375,True,,JPEG,RGB,4000,2672,1,137.88074,170.77538,109.91089,153.99342,40.419765,920.43567,0.9821134868421053,8174427376244179939,4333971c8e368cf7a95f893eeeb54c2e,1.4970059880239521,10.688
Test,Powdery,80bc7d353e163e85.jpg,.jpg,884.025390625,True,,JPEG,RGB,4000,2672,1,107.42713,154.2973,114.45055,135.73962,33.5734,565.48395,0.9903371710526315,4391820946763214961,e104ec6d827e25c1d0f9ee56a9c50cde,1.4970059880239521,10.688
Test,Powdery,80f8cdc9854f756a.jpg,.jpg,948.416015625,True,,JPEG,RGB,4000,2672,1,126.53831,148.41164,105.4489,136.97554,48.116783,1259.0264,0.8796600877192983,12949306694588096998,86d748c7c0cddb9aefe4ff5f02c7aca6,1.4970059880239521,10.688
Test,Powdery,81a3b719b6c2b4da.jpg,.jpg,787.2431640625,True,,JPEG,RGB,4000,2672,1,121.110176,163.23698,118.85122,145.58032,29.730783,867.8707,0.9928042763157895,15767884938687336536,3f2581b0b1606de05ef2605a7e4439b3,1.4970059880239521,10.688
Test,Powdery,81a63d7ef8245a72.jpg,.jpg,1093.154296875,True,,JPEG,RGB,4000,2672,1,100.91521,154.6734,130.32129,135.8226,36.300053,1485.2969,0.9168951023391813,2586133556977855218,38255de47e62fa2d47a0502ef239b5b1,1.4970059880239521,10.688
Test,Powdery,81c36e378473c93e.jpg,.jpg,807.802734375,True,,JPEG,RGB,4000,2672,1,132.11903,153.2925,119.64729,143.12543,41.14293,1085.674,0.9254614400584795,16629493086478409139,2141695a57b841b572b9a0a8605d535c,1.4970059880239521,10.688
Test,Powdery,81e5fcf446a9270b.jpg,.jpg,850.95703125,True,,JPEG,RGB,4000,2672,1,137.04141,163.67625,116.736336,150.3601,58.069633,1856.6045,0.9135599415204678,9698180559447298995,5fdb170dfd27286ee5d944619376db4f,1.4970059880239521,10.688
Test,Powdery,81ecbe9194a32b73.jpg,.jpg,754.728515625,True,,JPEG,RGB,4000,2672,1,117.68638,159.98152,131.33052,144.07033,28.76459,732.5235,0.9650493421052632,9089332527868046063,317706086618f80b41dadcaf28dbf3b9,1.4970059880239521,10.688
Test,Powdery,81f43097df3940d7.jpg,.jpg,677.6552734375,True,,JPEG,RGB,4000,2672,1,118.52563,134.27841,87.36954,124.21838,57.051704,1025.163,0.9190880847953217,15336119008634368917,fc0cb2da27fa73fb5cc7b95bbb0d32f1,1.4970059880239521,10.688
Test,Powdery,81fd7a861aedb380.jpg,.jpg,754.517578125,True,,JPEG,RGB,4000,2672,1,126.61317,152.63313,94.65961,138.24408,32.18436,891.9805,0.9666027046783626,13444044055903134617,0064073bcb0faafb7291850faa36f925,1.4970059880239521,10.688
Test,Powdery,82c13fd0b41f78f8.jpg,.jpg,1087.875,True,,JPEG,RGB,4000,2672,1,127.07696,157.26195,113.913284,143.29436,38.093784,1394.296,0.9733644005847953,14538960784870956382,d9966c4131ed7eec55786b58d02e179d,1.4970059880239521,10.688
Test,Powdery,82c232bae9b36ccd.jpg,.jpg,916.892578125,True,,JPEG,RGB,4000,2672,1,97.47884,152.1009,118.41347,131.92825,35.768547,992.99066,0.9154559576023392,10217793175183760467,423c8acc5f4695259b55a96c4e1c7f4a,1.4970059880239521,10.688
Test,Powdery,82c3830f3bd2d1db.jpg,.jpg,925.103515625,True,,JPEG,RGB,4000,3000,1,128.57422,164.14294,134.89073,150.17096,27.787558,884.5034,0.9670206705729166,14537786969668550043,028d3b4f1e1b968c673c0aec1abd87d0,1.3333333333333333,12.0
Test,Powdery,82c9deec3e39d8c0.jpg,.jpg,850.67578125,True,,JPEG,RGB,4000,2672,1,117.049934,158.50888,131.32655,143.01424,34.754974,1164.7582,0.8421509502923976,2441191631841799213,5c1bb26559b73e1310003c2b852e377b,1.4970059880239521,10.688
Test,Powdery,82d1f812afcbda13.jpg,.jpg,699.8251953125,True,,JPEG,RGB,4000,2672,1,136.99916,157.44643,106.98522,145.58125,54.89142,735.2365,0.9500868055555556,11068960349985016103,80d3d846a44e07bda5f9d8a1cbd68668,1.4970059880239521,10.688
Test,Powdery,82ed3df137424aa6.jpg,.jpg,799.1904296875,True,,JPEG,RGB,4000,2672,1,131.87845,157.63176,113.11691,144.85431,49.555065,890.3169,0.9071637426900585,15435632308348640637,2299c457d97394ce8c9f3635aaf8e660,1.4970059880239521,10.688
Test,Powdery,83ac2ccacb0fd2b9.jpg,.jpg,1079.2509765625,True,,JPEG,RGB,4000,2672,1,108.16036,147.51773,115.81319,132.13199,37.61668,936.4781,0.9619883040935673,15561892515730252249,1a25ad38c73c2a482aa2bec44f22851b,1.4970059880239521,10.688
Test,Powdery,83b96c056477bf11.jpg,.jpg,928.787109375,True,,JPEG,RGB,4000,2672,1,128.07497,153.93332,106.451294,140.78691,36.14323,1116.5703,0.9686357821637427,5147993485819954373,bc90906ba713c0df2c96a1a743770d7f,1.4970059880239521,10.688
Test,Powdery,83c12a8da497ef33.jpg,.jpg,986.716796875,True,,JPEG,RGB,4000,2672,1,119.22519,145.49214,105.50448,133.07735,46.292152,1278.1033,0.9741182383040936,15474866763223726317,cf79877c6aafbd663b6f40d27c292d08,1.4970059880239521,10.688
Test,Powdery,83c5b3ab0bbc98c6.jpg,.jpg,871.5087890625,True,,JPEG,RGB,4000,2672,1,135.55592,155.04504,121.83738,145.4277,30.644846,1040.9788,0.8650402046783626,16340453856005184985,3a0ffd70b230f848d3a174818399dc82,1.4970059880239521,10.688
Test,Powdery,83d867d86f14c62b.jpg,.jpg,842.7412109375,True,,JPEG,RGB,4000,2672,1,114.49879,168.0965,140.42055,148.90634,33.22844,761.59564,0.9570540935672515,14527128307310054607,033a12b1975deba54488e4dc5c0abb6c,1.4970059880239521,10.688
Test,Powdery,83f00b3aafcab28b.jpg,.jpg,944.4892578125,True,,JPEG,RGB,4000,2672,1,127.49637,141.48912,116.53685,134.45753,35.600384,945.4503,0.8313230994152047,14683635619420988386,a37df539b229caaab6679d6accac959d,1.4970059880239521,10.688
Test,Powdery,84bc36cccfa42b6a.jpg,.jpg,865.0322265625,True,,JPEG,RGB,4000,2672,1,133.45299,150.88379,117.053635,141.81264,36.751682,1048.6798,0.8796600877192983,11868928915513001164,7f01f83bf7ea944c22b9aa0528de5925,1.4970059880239521,10.688
Test,Powdery,84d40fd9cf1819cf.jpg,.jpg,889.09375,True,,JPEG,RGB,4000,2672,1,111.39579,155.2314,121.02915,138.22462,37.984707,1086.6714,0.9186540570175439,14748372531121155437,99935d2adcf4c38377321d815aa55629,1.4970059880239521,10.688
Test,Powdery,84e59b911be64c6e.jpg,.jpg,787.017578125,True,,JPEG,RGB,4000,2672,1,148.37315,171.97128,125.42153,159.60468,21.0705,1379.1477,0.9274945175438597,15696916500423423129,abebc2600fab5b8c99cff0b6298036f9,1.4970059880239521,10.688
Test,Powdery,85ae6cc33675c60e.jpg,.jpg,909.841796875,True,,JPEG,RGB,4000,2672,1,131.96788,152.01338,118.00726,142.14659,32.870525,893.2408,0.9077119883040936,16716203957986791604,c41aa80849854e2e16e71fb7376e31cf,1.4970059880239521,10.688
Test,Powdery,85b12ed31e7d6852.jpg,.jpg,908.681640625,True,,JPEG,RGB,4000,2672,1,130.7606,154.66835,115.47907,143.04807,27.201956,741.7978,0.9531478435672515,17203344216423589607,65c606332d1e2de8839372b4da6227a7,1.4970059880239521,10.688
Test,Powdery,85b53e9c21a1f82f.jpg,.jpg,1032.9345703125,True,,JPEG,RGB,4000,2672,1,125.343796,145.67763,105.4298,135.00739,36.871742,2707.716,0.9897660818713451,7378253909974907617,ebb7ec2d851895c95a3541a71a151e99,1.4970059880239521,10.688
Test,Powdery,85c232ef5da06ab9.jpg,.jpg,798.5341796875,True,,JPEG,RGB,4000,2672,1,125.98033,149.56993,91.038376,135.8398,50.055553,691.88165,0.966922514619883,14837607972179758622,6fb7dc2410abee1ecaced230a7ce97b6,1.4970059880239521,10.688
Test,Powdery,85e269f2ca36761c.jpg,.jpg,976.185546875,True,,JPEG,RGB,4000,2672,1,129.99986,152.26318,120.22263,141.94852,36.93024,1513.9371,0.9370888157894737,14323255395205576418,66788975bcdd110114e64850cd27d680,1.4970059880239521,10.688
Test,Powdery,85ec3f0705065df9.jpg,.jpg,1092.1572265625,True,,JPEG,RGB,4000,2672,1,120.22149,148.02556,105.98239,134.91635,39.168648,1611.4188,0.9995659722222222,7369721768667930446,834347c52dbce9332dcbb449029e2b93,1.4970059880239521,10.688
Test,Powdery,85f562b5613a317c.jpg,.jpg,887.69921875,True,,JPEG,RGB,4000,2672,1,132.1721,153.60754,120.74116,143.4513,35.498417,1087.1938,0.9299159356725146,14908664033610460645,2c45a4a94af7fc99fcdd72df1a92ab1b,1.4970059880239521,10.688
Test,Powdery,86aeb8784b794d58.jpg,.jpg,687.4560546875,True,,JPEG,RGB,4000,2672,1,128.20996,163.53879,105.18131,146.32472,30.54215,611.2422,0.9994289108187134,2265150532315683010,fc400825f4b374487e4de04ae4e9a571,1.4970059880239521,10.688
Test,Powdery,86b3343b83d1b86e.jpg,.jpg,807.841796875,True,,JPEG,RGB,4000,2672,1,130.03305,150.72404,117.464134,140.74406,41.325462,926.2599,0.9317434210526315,6637343676289639909,e6061d6cc524800f9fabacf4e3e95ded,1.4970059880239521,10.688
Test,Powdery,86c26ddf47b35828.jpg,.jpg,971.7958984375,True,,JPEG,RGB,4000,2672,1,111.95671,153.4765,120.10101,137.25792,36.039375,1032.8538,0.8737436038011696,17142325040604012230,f174e1085d1b28f39a3ba090d0923f4e,1.4970059880239521,10.688
Test,Powdery,87ad263153c1e4f6.jpg,.jpg,572.875,True,,JPEG,RGB,4000,2672,1,135.37459,153.84683,111.69362,143.51837,55.940437,975.71564,0.8681697733918129,16028143792845942261,1713efdb6f24cf77d56eea29e5405915,1.4970059880239521,10.688
Test,Powdery,87b516b8b82169d7.jpg,.jpg,805.01953125,True,,JPEG,RGB,4000,2672,1,138.42003,159.45374,125.0085,149.23755,39.57201,998.36285,0.8703399122807017,13722121216929295592,8effe83b878616e6ae9758905713b584,1.4970059880239521,10.688
Test,Powdery,87badaa43cc8ec92.jpg,.jpg,771.7041015625,True,,JPEG,RGB,4000,2672,1,127.19385,145.25653,116.5917,136.5893,58.34367,1606.5685,0.8334018640350878,4425307436471468232,17eeee0323625011109c9949f3c050e1,1.4970059880239521,10.688
Test,Powdery,87cf42aa85219eaf.jpg,.jpg,747.9306640625,True,,JPEG,RGB,4000,2672,1,142.7171,161.42055,122.397064,151.3763,26.387888,907.468,0.9408808479532164,16960947959539537620,f053d0716fe3b8eb64b0acacb367e703,1.4970059880239521,10.688
Test,Powdery,9e0ba1619bdf4943.jpg,.jpg,890.822265625,True,,JPEG,RGB,4000,2672,1,131.65501,143.29482,109.0088,135.90501,40.20692,1259.1187,0.850968567251462,7596844082176337012,924d6b8ab3adebcdf87a7f59d3a6fd65,1.4970059880239521,10.688
Test,Powdery,9e84aee68691979c.jpg,.jpg,806.9794921875,True,,JPEG,RGB,4000,2672,1,129.6795,151.86995,113.38624,140.8472,39.9818,983.7701,0.9230857090643275,7796637709160445289,0ebf1e3bafb42410d00647eb29157fed,1.4970059880239521,10.688
Test,Powdery,9ec3bb24f28c4d8c.jpg,.jpg,943.80078125,True,,JPEG,RGB,4000,2672,1,116.84345,163.6168,112.146515,143.75443,28.254232,964.8381,0.9936951754385965,9000708496759862073,01d418b5d1cbda1820cb316d525b16ab,1.4970059880239521,10.688
Test,Powdery,9ec7295cb1d44c2d.jpg,.jpg,1011.7705078125,True,,JPEG,RGB,4000,2672,1,102.808365,137.86708,95.64513,122.5654,54.364983,761.0766,0.9900173611111112,16819084665665105947,b766894d67f9cc94091e415624f6befc,1.4970059880239521,10.688
Test,Powdery,9ed17032dce2f984.jpg,.jpg,1015.029296875,True,,JPEG,RGB,4000,2672,1,125.09958,153.5369,89.06081,137.68257,31.350346,1024.3411,0.9949972587719298,3217946592504540523,7687a4b2ee585c4cbd615a5ec59c5398,1.4970059880239521,10.688
Test,Powdery,9ee39c2337175550.jpg,.jpg,683.2177734375,True,,JPEG,RGB,4000,2672,1,133.47766,164.09825,135.72772,151.70064,33.474003,705.81525,0.957328216374269,15903675291892873269,799d1b1e7885a5804106a5c4403e7b83,1.4970059880239521,10.688
Test,Powdery,9f08c72693f34da4.jpg,.jpg,759.03125,True,,JPEG,RGB,4000,2672,1,150.278,166.63516,119.09377,156.32648,46.9018,1103.1783,0.9470714546783626,7292789156049456208,5cc4e26462cd2a55346906a81b2204be,1.4970059880239521,10.688
Test,Powdery,9f1061a618f3fcc9.jpg,.jpg,987.8662109375,True,,JPEG,RGB,4000,2672,1,117.10494,155.97655,108.17583,138.90648,41.342648,972.8761,0.999360380116959,13111206074732989267,675f60c9c346d1ef7587faa6bbcd1cce,1.4970059880239521,10.688
Test,Powdery,9f802f3f8a603cb5.jpg,.jpg,887.6279296875,True,,JPEG,RGB,4000,2672,1,128.83368,146.68852,111.69913,137.36502,34.66045,996.5259,0.9991547880116959,8174188081960087144,73536550cbab570fd9498040622b308c,1.4970059880239521,10.688
Test,Powdery,9fa9b13467c0961d.jpg,.jpg,784.28515625,True,,JPEG,RGB,4000,2672,1,134.40643,154.40791,113.31033,143.74075,40.272415,998.4265,0.9327713815789473,6798879539896554588,076131bf1aee78c700e02f07f8cd8d0f,1.4970059880239521,10.688
Test,Powdery,9fd12addd42ac28a.jpg,.jpg,933.6669921875,True,,JPEG,RGB,4000,2672,1,127.82463,151.09004,113.109375,139.80115,37.175163,1230.6497,0.932063230994152,4052845199604869929,5bd927e912bf472dff91301ae644a2a7,1.4970059880239521,10.688
Test,Powdery,9ff7d2a548203c4b.jpg,.jpg,812.8720703125,True,,JPEG,RGB,4000,2672,1,130.61212,165.4051,119.493675,149.77055,48.424873,1555.2316,0.8982090643274854,5497857727671466937,3863d5d1d532b5328e0efef4111c7a1b,1.4970059880239521,10.688
Test,Rust,82add70df6ab2854.jpg,.jpg,1197.1494140625,True,,JPEG,RGB,5184,3456,1,125.323395,141.21626,98.260254,131.56534,41.103096,1724.6335,0.8448464912280702,6067663643878344908,e5215c40c6a96030fde92495683f4284,1.5,17.915904
Test,Rust,82f49a4a7b9585f1.jpg,.jpg,292.654296875,True,,JPEG,RGB,2592,1728,1,133.50433,158.76398,86.818825,143.00658,42.1328,1288.8204,0.9475740131578947,1837906282651449803,196b16dbf788d762bf83e36941dd0cfe,1.5,4.478976
Test,Rust,830f26cc6d3cd13e.jpg,.jpg,280.5888671875,True,,JPEG,RGB,2592,1728,1,91.49715,108.72252,71.62164,99.34377,49.21615,892.6188,0.8516310307017544,16350838494186237006,12482d6c07f3b80db054c8d70011339d,1.5,4.478976
Test,Rust,831abdc76c05e23d.jpg,.jpg,304.6787109375,True,,JPEG,RGB,2592,1728,1,95.759865,129.05309,92.59766,114.94102,47.52073,1509.6746,0.8529102704678363,7942621064747186750,14bea16b1cee0da0e24fc88bf9c81566,1.5,4.478976
Test,Rust,83a75e2de0cb984b.jpg,.jpg,1120.705078125,True,,JPEG,RGB,5184,3456,1,126.59663,139.98763,86.412735,129.87639,41.208942,1500.9346,0.7678865131578947,18122442981043207160,16fbe8c4b752c0abb1016846ba76c453,1.5,17.915904
Test,Rust,83c2939deb266572.jpg,.jpg,853.630859375,True,,JPEG,RGB,4000,3000,1,121.63656,149.45082,88.61025,134.19734,49.03402,1199.2731,0.9683430989583334,14544872962413755578,dfea845d69ead19a4257350e819c866f,1.3333333333333333,12.0
Test,Rust,849a8d127bfaeb21.jpg,.jpg,1041.3896484375,True,,JPEG,RGB,4000,2672,1,80.973595,127.7355,88.892,109.32127,44.893078,1511.4199,0.9475740131578947,13106851666557462118,2b45ee7226f045a6e1d7bc331c60d701,1.4970059880239521,10.688
Test,Rust,84c2b48da27b8cf7.jpg,.jpg,1207.4462890625,True,,JPEG,RGB,5184,3456,1,112.32982,130.96085,82.68915,119.887955,53.343296,2617.6506,0.9145650584795322,11858160995517208302,ff1138ba7206dc73b5a24281805a1244,1.5,17.915904
Test,Rust,84c3f037e53e66a1.jpg,.jpg,946.6748046875,True,,JPEG,RGB,4000,2672,1,105.71742,160.17767,108.0569,137.95059,25.409693,1282.4111,0.9806286549707602,14914221530155859379,70da8d5a06c023fc2aa45ddc7823e1b9,1.4970059880239521,10.688
Test,Rust,84d7fe5c7c0c43c2.jpg,.jpg,197.03515625,True,,JPEG,RGB,2592,1728,1,97.95055,131.33301,65.47133,113.8392,33.88202,688.463,0.9653006213450293,2506478431671203831,3d067c03b62634a68fec9d7855445f56,1.5,4.478976
Test,Rust,85acd23a0b659d97.jpg,.jpg,788.0087890625,True,,JPEG,RGB,4000,2672,1,138.56223,169.7205,110.16585,153.61346,38.833656,1331.5614,0.9495614035087719,7758882362498141400,e5b0a917b0655dff738ca5f542eb8cfe,1.4970059880239521,10.688
Test,Rust,85bf39e025c7c41e.jpg,.jpg,248.7216796875,True,,JPEG,RGB,2592,1728,1,117.49596,128.29646,64.07993,117.74036,38.20976,584.3331,0.5740588450292398,1025255864119916721,3ab1611e096dc8c248d560806e0c714e,1.5,4.478976
Test,Rust,85dfc22c76240f73.jpg,.jpg,233.38671875,True,,JPEG,RGB,2592,1728,1,133.50256,157.2397,95.92489,143.1539,44.02711,1405.9121,0.9269919590643275,16344212681310574284,32e62a77c54740e3ebe1d4cb7c3400da,1.5,4.478976
Test,Rust,85e36e1b30afca61.jpg,.jpg,330.15625,True,,JPEG,RGB,2592,1728,1,93.75025,118.22668,52.430122,103.4028,45.85383,1241.8918,0.913171600877193,7196966397157270076,441af7584d3afeada3bb822408fd17df,1.5,4.478976
Test,Rust,85f0c2c0db4b4f4f.jpg,.jpg,250.1435546875,True,,JPEG,RGB,2592,1728,1,89.83393,129.2149,77.8631,111.57927,30.094166,846.42535,0.9005847953216374,15329257499042572744,9d89af11adaa64fa9c71f00fb927e071,1.5,4.478976
Test,Rust,85f6618e5784b9a3.jpg,.jpg,1063.78125,True,,JPEG,RGB,4000,2672,1,113.4796,164.68053,114.525856,143.65364,30.757744,1754.6427,0.9778188961988304,16439228173192250322,1966c559f7feefd4ba137308e001ca3f,1.4970059880239521,10.688
Test,Rust,86b186392c03fdcf.jpg,.jpg,742.0234375,True,,JPEG,RGB,4000,2672,1,157.81837,173.07198,118.98661,162.3456,51.42592,1323.7412,0.9015442251461988,14972576012661745892,82d5a6b685ef0637b081c1bb3b7024bd,1.4970059880239521,10.688
Test,Rust,86d647d50695364f.jpg,.jpg,1356.4599609375,True,,JPEG,RGB,4608,3456,1,124.21387,126.126,115.07416,124.29523,33.653557,1429.1328,0.5696207682291666,17053273024257487463,9be9087d5fdeba40c1b148778b94d57a,1.3333333333333333,15.925248
Test,Rust,86eec849f0b46976.jpg,.jpg,914.4375,True,,JPEG,RGB,4000,2672,1,141.67758,164.13364,115.521675,151.87624,39.864773,1258.7534,0.8658168859649122,3703477407804026028,f5688cfeecee820eeffd2fc68b65589d,1.4970059880239521,10.688
Test,Rust,87acd6d232ab4475.jpg,.jpg,1000.517578125,True,,JPEG,RGB,5184,3456,1,102.8083,143.18848,106.810036,126.96606,35.333855,1243.3746,0.8988258406432749,17074948130577858756,769ac7d3fe6d8f994de1d3e06e134254,1.5,17.915904
Test,Rust,87e3d0c12a7ba995.jpg,.jpg,310.4912109375,True,,JPEG,RGB,2592,1728,1,125.2278,155.0698,74.0961,136.9125,42.135067,1518.2477,0.9588130482456141,11226434162260079654,2dc789374a6ce223d12260c8591f1944,1.5,4.478976
Test,Rust,87e8cb11791fd078.jpg,.jpg,1028.013671875,True,,JPEG,RGB,4000,2672,1,91.66847,132.37137,95.34727,115.97471,28.341728,1143.5942,0.9743009868421053,6621193595196828897,33d6f1f4e0e1f028c40493e2eb16a323,1.4970059880239521,10.688
Test,Rust,88b3f86bc843d58d.jpg,.jpg,750.0224609375,True,,JPEG,RGB,4000,2672,1,127.28755,157.15488,117.22633,143.66808,40.264614,1175.9374,0.9229258040935673,11069246236263904179,47954e37c658add0cd3507b218be931a,1.4970059880239521,10.688
Test,Rust,88e3af0caa9e497c.jpg,.jpg,248.4228515625,True,,JPEG,RGB,2592,1728,1,103.65106,124.02691,36.484604,107.95331,41.76235,880.5804,0.9451525950292398,14397885660783587899,2a3687c11a94a582762e7bcfc78332e4,1.5,4.478976
Test,Rust,89afafc40142e36f.jpg,.jpg,259.61328125,True,,JPEG,RGB,2592,1728,1,105.42169,137.89848,49.50064,118.1062,29.531208,666.45184,0.9742781432748538,7449881331568273738,3ae8134d1adee84d98a2b2a9b9b7d690,1.5,4.478976
Test,Rust,89bc19fcf830c6e8.jpg,.jpg,675.38671875,True,,JPEG,RGB,4000,2672,1,135.19673,161.29953,101.70219,146.69894,35.85708,1277.6462,0.916438230994152,4211960254674292953,97c8530163ebfe75015eca63ca5651f1,1.4970059880239521,10.688
Test,Rust,89bf2f7258719624.jpg,.jpg,347.12109375,True,,JPEG,RGB,2592,1728,1,93.09779,135.01779,93.49342,117.748535,29.593685,1179.8062,0.9634046052631579,1973551468548559858,4735e15f54ee8caf8579fc89c5186d8a,1.5,4.478976
Test,Rust,89cb83b03f3c60cf.jpg,.jpg,891.9130859375,True,,JPEG,RGB,5184,3456,1,126.74285,147.70036,110.28927,137.17126,37.216774,1288.65,0.8371253654970761,6468263277256946297,96f288d4d020bd932cc6574b8d308ac4,1.5,17.915904
Test,Rust,89e926943ba5693b.jpg,.jpg,220.3798828125,True,,JPEG,RGB,2592,1728,1,96.951775,121.220055,56.44593,106.58041,35.3927,411.09808,0.9287280701754386,13383705774588581837,83854fb4457bfa9114b96c80e075b112,1.5,4.478976
Test,Rust,90bb8dcc6f0c58b9.jpg,.jpg,797.86328125,True,,JPEG,RGB,4000,2672,1,131.52248,161.76875,105.020584,146.2533,53.947025,1309.9303,0.8933433845029239,6002061956359697652,e27b847d5476df0b8e63caa74410d869,1.4970059880239521,10.688
Test,Rust,90fcd8e1fb2e003d.jpg,.jpg,176.326171875,True,,JPEG,RGB,2592,1728,1,127.41514,158.94385,88.47912,141.48076,37.322536,575.18976,0.9605720029239766,1206046603070045272,62e0694c171f309b27d11a58acce655f,1.5,4.478976
Test,Rust,91a12f3a425635ef.jpg,.jpg,792.7568359375,True,,JPEG,RGB,5184,3456,1,103.16468,146.00722,101.420616,128.11479,39.336815,1243.3668,0.8763249269005848,15371580323147823690,8ef5261216f251ce6810c9b99784d154,1.5,17.915904
Test,Rust,91cd70f93719843e.jpg,.jpg,1044.3974609375,True,,JPEG,RGB,5184,3456,1,113.61179,128.33974,74.37868,117.78701,43.016495,1979.883,0.8620705409356725,15629153136224540844,c20061611e2443b4ae736a78b4157fab,1.5,17.915904
Test,Rust,91d0d190ffb486b3.jpg,.jpg,1202.8642578125,True,,JPEG,RGB,4608,3456,1,106.824,126.49017,89.01792,116.3372,52.409664,2095.3835,0.8118082682291666,15316966866512288861,2beb5ec07d49da9b2449efabbf3a641e,1.3333333333333333,15.925248
Test,Rust,91f6c89ade1cd60a.jpg,.jpg,689.6572265625,True,,JPEG,RGB,4000,2672,1,133.51016,155.6976,103.876945,143.15262,37.95944,1252.1749,0.8358461257309941,15680702795612732152,020156d7c7dd68671da4dc63857d4165,1.4970059880239521,10.688
Test,Rust,92ad52c79d278b31.jpg,.jpg,969.8095703125,True,,JPEG,RGB,4000,2672,1,128.9293,163.23413,102.86648,146.09319,31.833448,1333.6659,0.9682474415204678,16624259001104501944,74e4469282432b1babd61479ece21e4e,1.4970059880239521,10.688
Test,Rust,92f22e07d63e6c8c.jpg,.jpg,246.568359375,True,,JPEG,RGB,2592,1728,1,107.09142,127.97277,76.048904,115.80738,33.946938,745.9621,0.9258497807017544,17120886144465726457,47e93d4fdbefb3507b5ce5643211b5bd,1.5,4.478976
Test,Rust,93b2a2dec65c2b43.jpg,.jpg,1135.2509765625,True,,JPEG,RGB,4000,3000,1,121.65749,161.0142,125.69863,145.21886,30.581724,1315.156,0.9534505208333334,17067758300817445597,268e7762a344fe083cda93d7368b8f81,1.3333333333333333,12.0
Test,Rust,93b7273db49054ca.jpg,.jpg,989.2548828125,True,,JPEG,RGB,5184,3456,1,96.72275,133.69554,100.74795,118.88496,38.60233,1390.0515,0.9120979532163743,6794798055351227333,622cf495707f00597556a29b108b57f6,1.5,17.915904
Test,Rust,93e896990cb365b5.jpg,.jpg,1082.896484375,True,,JPEG,RGB,4000,2672,1,85.225075,127.57865,100.98504,111.88364,26.73924,1270.8396,0.9536275584795322,6465286536588453990,00793ef7e25270c5aee89c007d521866,1.4970059880239521,10.688
Test,Rust,94c8b450b075eded.jpg,.jpg,1179.1005859375,True,,JPEG,RGB,4000,3000,1,125.343445,159.14514,119.08915,144.46843,27.896967,1413.6735,0.9645792643229166,13617023653629021276,a2e9fccd206cb6f5a48d1ca6303ba787,1.3333333333333333,12.0
Test,Rust,94e2530ba5b2f4b6.jpg,.jpg,962.2255859375,True,,JPEG,RGB,5184,3456,1,100.17119,127.19678,89.64243,114.83893,39.786983,1584.2709,0.9237253289473685,14732880453932727724,fdfb629b9e52246096ccc9bf567ffc01,1.5,17.915904
Test,Rust,95a921b75e401afe.jpg,.jpg,666.62109375,True,,JPEG,RGB,4000,2672,1,125.04781,141.46411,109.57111,132.9187,40.515965,753.02295,0.9035087719298246,16038076354062513336,5b77f75b4a98f0717f7ff0804019df68,1.4970059880239521,10.688
Test,Rust,95ac93e87a9744d1.jpg,.jpg,243.583984375,True,,JPEG,RGB,2592,1728,1,126.52049,148.92624,72.833015,133.55309,30.55368,808.83453,0.9609603435672515,13417039327610063064,3fdd9420895987820a629d7b8077fdeb,1.5,4.478976
Test,Rust,95fcc0d888c1b9bb.jpg,.jpg,570.6494140625,True,,JPEG,RGB,4000,2672,1,143.95709,166.95438,108.53342,153.4137,36.497406,891.2508,0.9046509502923976,11974612219149733098,62102c0fd7fcf5db211c4ad057438bf8,1.4970059880239521,10.688
Test,Rust,96edb05689bd12cc.jpg,.jpg,787.0546875,True,,JPEG,RGB,5184,3456,1,99.62434,124.988396,90.23426,113.44426,32.24396,760.9553,0.8989400584795322,10828470388941667516,3d3bf39a1d16e1f7f70531410935268d,1.5,17.915904
Test,Rust,97ae1a31133769cc.jpg,.jpg,1167.130859375,True,,JPEG,RGB,4608,3456,1,106.06561,126.31663,83.73106,115.40627,34.465294,784.9432,0.7980143229166666,16858491061236280536,72bb9005314792e95b701bf489db1e07,1.3333333333333333,15.925248
Test,Rust,97c36b7ccaa15641.jpg,.jpg,230.8623046875,True,,JPEG,RGB,2592,1728,1,114.53431,132.93314,71.82582,120.46441,33.85032,618.5448,0.765328033625731,5281698494983478988,3e551c0914540f45c2c14e29730b736b,1.5,4.478976
Test,Rust,98f4000fff7b8313.jpg,.jpg,1238.904296875,True,,JPEG,RGB,4608,3456,1,114.90668,137.86082,99.17672,126.58685,40.395634,2235.4739,0.8761393229166666,7612359033306602107,398df200f9a3c3c87eda535bda429fc3,1.3333333333333333,15.925248
Test,Rust,99f3639158699cd8.jpg,.jpg,1320.865234375,True,,JPEG,RGB,4608,3456,1,64.513405,88.61178,50.145832,77.02124,42.03148,1381.0533,0.89532470703125,15766170668444594866,9a96eab769e082cd26d6d81d52fadd26,1.3333333333333333,15.925248
